Initialized native services in: /home/runner/.gradle/native
Initialized jansi services in: /home/runner/.gradle/native

Welcome to Gradle 8.9!

Here are the highlights of this release:
 - Enhanced Error and Warning Messages
 - IDE Integration Improvements
 - Daemon JVM Information

For more details see https://docs.gradle.org/8.9/release-notes.html

Received JVM installation metadata from '/usr/lib/jvm/temurin-17-jdk-amd64': {JAVA_HOME=/usr/lib/jvm/temurin-17-jdk-amd64, JAVA_VERSION=17.0.20.1, JAVA_VENDOR=Eclipse Adoptium, RUNTIME_NAME=OpenJDK Runtime Environment, RUNTIME_VERSION=17.0.20.1+1, VM_NAME=OpenJDK 64-Bit Server VM, VM_VERSION=17.0.20.1+1, VM_VENDOR=Eclipse Adoptium, OS_ARCH=amd64}
To honour the JVM settings for this build a single-use Daemon process will be forked. For more on this, please refer to https://docs.gradle.org/8.9/userguide/gradle_daemon.html#sec:disabling_the_daemon in the Gradle documentation.
Starting process 'Gradle build daemon'. Working directory: /home/runner/.gradle/daemon/8.9 Command: /usr/lib/jvm/temurin-17-jdk-amd64/bin/java --add-opens=java.base/java.util=ALL-UNNAMED --add-opens=java.base/java.lang=ALL-UNNAMED --add-opens=java.base/java.lang.invoke=ALL-UNNAMED --add-opens=java.prefs/java.util.prefs=ALL-UNNAMED --add-exports=jdk.compiler/com.sun.tools.javac.api=ALL-UNNAMED --add-exports=jdk.compiler/com.sun.tools.javac.util=ALL-UNNAMED --add-opens=java.base/java.nio.charset=ALL-UNNAMED --add-opens=java.base/java.net=ALL-UNNAMED --add-opens=java.base/java.util.concurrent.atomic=ALL-UNNAMED -Xmx2048m -Dfile.encoding=UTF-8 -Duser.country -Duser.language=en -Duser.variant -cp /home/runner/work/_temp/.gradle-actions/gradle-installations/installs/gradle-8.9/lib/gradle-daemon-main-8.9.jar -javaagent:/home/runner/work/_temp/.gradle-actions/gradle-installations/installs/gradle-8.9/lib/agents/gradle-instrumentation-agent-8.9.jar org.gradle.launcher.daemon.bootstrap.GradleDaemon 8.9
Successfully started process 'Gradle build daemon'
An attempt to start the daemon took 1.197 secs.
The client will now receive all logging from the daemon (pid: 2619). The daemon log file: /home/runner/.gradle/daemon/8.9/daemon-2619.out.log
Daemon will be stopped at the end of the build 
Using 4 worker leases.
Received JVM installation metadata from '/usr/lib/jvm/temurin-17-jdk-amd64': {JAVA_HOME=/usr/lib/jvm/temurin-17-jdk-amd64, JAVA_VERSION=17.0.20.1, JAVA_VENDOR=Eclipse Adoptium, RUNTIME_NAME=OpenJDK Runtime Environment, RUNTIME_VERSION=17.0.20.1+1, VM_NAME=OpenJDK 64-Bit Server VM, VM_VERSION=17.0.20.1+1, VM_VENDOR=Eclipse Adoptium, OS_ARCH=amd64}
Watching the file system is configured to be enabled if available
Now considering [/home/runner/work/smoker-browser/smoker-browser] as hierarchies to watch
File system watching is active
Caching disabled for Groovy DSL script compilation (cp_init) because:
  Build cache is disabled
  Not worth caching.
Compiling initialization script '/home/runner/.gradle/init.d/gradle-actions.build-result-capture.init.gradle' using SubsetScriptTransformer.
Caching disabled for Groovy DSL script compilation (init) because:
  Build cache is disabled
  Not worth caching.
Compiling initialization script '/home/runner/.gradle/init.d/gradle-actions.build-result-capture.init.gradle' using BuildScriptTransformer.
Caching disabled for Groovy DSL script compilation (cp_dsl) because:
  Build cache is disabled
  Not worth caching.
Compiling script '/home/runner/.gradle/init.d/gradle-actions.build-result-capture-service.plugin.groovy' using SubsetScriptTransformer.
Caching disabled for Groovy DSL script compilation (dsl) because:
  Build cache is disabled
  Not worth caching.
Compiling script '/home/runner/.gradle/init.d/gradle-actions.build-result-capture-service.plugin.groovy' using BuildScriptTransformer.
Caching disabled for Groovy DSL script compilation (cp_init) because:
  Build cache is disabled
  Not worth caching.
Compiling initialization script '/home/runner/.gradle/init.d/gradle-actions.github-dependency-graph.init.gradle' using SubsetScriptTransformer.
Caching disabled for Groovy DSL script compilation (init) because:
  Build cache is disabled
  Not worth caching.
Compiling initialization script '/home/runner/.gradle/init.d/gradle-actions.github-dependency-graph.init.gradle' using BuildScriptTransformer.
Caching disabled for Groovy DSL script compilation (cp_init) because:
  Build cache is disabled
  Not worth caching.
Compiling initialization script '/home/runner/.gradle/init.d/gradle-actions.inject-develocity.init.gradle' using SubsetScriptTransformer.
Caching disabled for Groovy DSL script compilation (init) because:
  Build cache is disabled
  Not worth caching.
Compiling initialization script '/home/runner/.gradle/init.d/gradle-actions.inject-develocity.init.gradle' using BuildScriptTransformer.
Starting Build
Caching disabled for Groovy DSL script compilation (cp_settings) because:
  Build cache is disabled
  Not worth caching.
Compiling settings file '/home/runner/work/smoker-browser/smoker-browser/settings.gradle' using SubsetScriptTransformer.
Caching disabled for Groovy DSL script compilation (settings) because:
  Build cache is disabled
  Not worth caching.
Compiling settings file '/home/runner/work/smoker-browser/smoker-browser/settings.gradle' using BuildScriptTransformer.
Settings evaluated using settings file '/home/runner/work/smoker-browser/smoker-browser/settings.gradle'.
Projects loaded. Root project using build file '/home/runner/work/smoker-browser/smoker-browser/build.gradle'.
Included projects: [root project 'SmokerBrowser', project ':app']

> Configure project :
Evaluating root project 'SmokerBrowser' using build file '/home/runner/work/smoker-browser/smoker-browser/build.gradle'.
Caching disabled for Groovy DSL script compilation (cp_proj) because:
  Build cache is disabled
  Not worth caching.
Compiling build file '/home/runner/work/smoker-browser/smoker-browser/build.gradle' using SubsetScriptTransformer.
Downloading https://dl.google.com/dl/android/maven2/com/android/tools/build/gradle/8.7.2/gradle-8.7.2.pom to /home/runner/.gradle/.tmp/gradle_download12743508871645652268bin
Downloading https://dl.google.com/dl/android/maven2/com/android/tools/build/gradle/8.7.2/gradle-8.7.2.module to /home/runner/.gradle/.tmp/gradle_download4852859848141180787bin
Downloading https://dl.google.com/dl/android/maven2/com/android/tools/build/gradle-settings-api/8.7.2/gradle-settings-api-8.7.2.pom to /home/runner/.gradle/.tmp/gradle_download4602010683881461774bin
Downloading https://dl.google.com/dl/android/maven2/com/android/tools/repository/31.7.2/repository-31.7.2.pom to /home/runner/.gradle/.tmp/gradle_download6051598573695345414bin
Downloading https://dl.google.com/dl/android/maven2/com/android/tools/build/gradle-settings-api/8.7.2/gradle-settings-api-8.7.2.module to /home/runner/.gradle/.tmp/gradle_download18306462586632293984bin
Downloading https://dl.google.com/dl/android/maven2/com/android/tools/sdklib/31.7.2/sdklib-31.7.2.pom to /home/runner/.gradle/.tmp/gradle_download3879000704723386646bin
Downloading https://dl.google.com/dl/android/maven2/com/android/tools/sdk-common/31.7.2/sdk-common-31.7.2.pom to /home/runner/.gradle/.tmp/gradle_download2780016888356539029bin
Downloading https://dl.google.com/dl/android/maven2/com/android/tools/build/aapt2-proto/8.7.2-12006047/aapt2-proto-8.7.2-12006047.pom to /home/runner/.gradle/.tmp/gradle_download9289853369899918649bin
Downloading https://dl.google.com/dl/android/maven2/com/android/tools/analytics-library/crash/31.7.2/crash-31.7.2.pom to /home/runner/.gradle/.tmp/gradle_download16914033700513611000bin
Downloading https://dl.google.com/dl/android/maven2/com/android/tools/build/aapt2-proto/8.7.2-12006047/aapt2-proto-8.7.2-12006047.module to /home/runner/.gradle/.tmp/gradle_download16545532884003968812bin
Downloading https://dl.google.com/dl/android/maven2/com/android/tools/ddms/ddmlib/31.7.2/ddmlib-31.7.2.pom to /home/runner/.gradle/.tmp/gradle_download1561791248950905746bin
Downloading https://dl.google.com/dl/android/maven2/com/android/tools/analytics-library/shared/31.7.2/shared-31.7.2.pom to /home/runner/.gradle/.tmp/gradle_download16743458271628167153bin
Downloading https://dl.google.com/dl/android/maven2/com/android/tools/build/aaptcompiler/8.7.2/aaptcompiler-8.7.2.pom to /home/runner/.gradle/.tmp/gradle_download12756993007346708280bin
Downloading https://dl.google.com/dl/android/maven2/com/android/tools/lint/lint-typedef-remover/31.7.2/lint-typedef-remover-31.7.2.pom to /home/runner/.gradle/.tmp/gradle_download5388274204029937557bin
Downloading https://dl.google.com/dl/android/maven2/androidx/databinding/databinding-compiler-common/8.7.2/databinding-compiler-common-8.7.2.pom to /home/runner/.gradle/.tmp/gradle_download12542972912870344676bin
Downloading https://dl.google.com/dl/android/maven2/com/android/tools/build/aaptcompiler/8.7.2/aaptcompiler-8.7.2.module to /home/runner/.gradle/.tmp/gradle_download8125426205318289304bin
Downloading https://dl.google.com/dl/android/maven2/com/android/tools/lint/lint-model/31.7.2/lint-model-31.7.2.pom to /home/runner/.gradle/.tmp/gradle_download5313035796604830399bin
Downloading https://dl.google.com/dl/android/maven2/androidx/databinding/databinding-common/8.7.2/databinding-common-8.7.2.pom to /home/runner/.gradle/.tmp/gradle_download7877664198292302134bin
Downloading https://dl.google.com/dl/android/maven2/com/android/databinding/baseLibrary/8.7.2/baseLibrary-8.7.2.pom to /home/runner/.gradle/.tmp/gradle_download117957876814510770bin
Downloading https://dl.google.com/dl/android/maven2/com/android/tools/utp/android-device-provider-ddmlib-proto/31.7.2/android-device-provider-ddmlib-proto-31.7.2.pom to /home/runner/.gradle/.tmp/gradle_download6477428749505108bin
Downloading https://dl.google.com/dl/android/maven2/com/android/tools/layoutlib/layoutlib-api/31.7.2/layoutlib-api-31.7.2.pom to /home/runner/.gradle/.tmp/gradle_download13478591835830877154bin
Downloading https://dl.google.com/dl/android/maven2/com/android/tools/utp/android-device-provider-gradle-proto/31.7.2/android-device-provider-gradle-proto-31.7.2.pom to /home/runner/.gradle/.tmp/gradle_download73238001468722266bin
Downloading https://dl.google.com/dl/android/maven2/com/android/tools/utp/android-device-provider-profile-proto/31.7.2/android-device-provider-profile-proto-31.7.2.pom to /home/runner/.gradle/.tmp/gradle_download4498217839360767917bin
Downloading https://dl.google.com/dl/android/maven2/com/android/tools/utp/android-test-plugin-host-additional-test-output-proto/31.7.2/android-test-plugin-host-additional-test-output-proto-31.7.2.pom to /home/runner/.gradle/.tmp/gradle_download3519005603733080516bin
Downloading https://dl.google.com/dl/android/maven2/com/android/tools/utp/android-test-plugin-host-coverage-proto/31.7.2/android-test-plugin-host-coverage-proto-31.7.2.pom to /home/runner/.gradle/.tmp/gradle_download4839160823415228849bin
Downloading https://dl.google.com/dl/android/maven2/com/android/tools/build/builder-test-api/8.7.2/builder-test-api-8.7.2.pom to /home/runner/.gradle/.tmp/gradle_download11690941952320323323bin
Downloading https://dl.google.com/dl/android/maven2/com/android/tools/utp/android-test-plugin-host-emulator-control-proto/31.7.2/android-test-plugin-host-emulator-control-proto-31.7.2.pom to /home/runner/.gradle/.tmp/gradle_download12947143798264536295bin
Downloading https://dl.google.com/dl/android/maven2/com/android/tools/utp/android-test-plugin-host-apk-installer-proto/31.7.2/android-test-plugin-host-apk-installer-proto-31.7.2.pom to /home/runner/.gradle/.tmp/gradle_download13101614845224000133bin
Downloading https://dl.google.com/dl/android/maven2/com/android/tools/utp/android-test-plugin-host-logcat-proto/31.7.2/android-test-plugin-host-logcat-proto-31.7.2.pom to /home/runner/.gradle/.tmp/gradle_download41402558426751092bin
Downloading https://dl.google.com/dl/android/maven2/com/android/tools/utp/android-test-plugin-host-retention-proto/31.7.2/android-test-plugin-host-retention-proto-31.7.2.pom to /home/runner/.gradle/.tmp/gradle_download9033793182057565716bin
Downloading https://dl.google.com/dl/android/maven2/com/android/tools/build/builder-test-api/8.7.2/builder-test-api-8.7.2.module to /home/runner/.gradle/.tmp/gradle_download8373389713646133556bin
Downloading https://dl.google.com/dl/android/maven2/com/android/tools/utp/android-test-plugin-result-listener-gradle-proto/31.7.2/android-test-plugin-result-listener-gradle-proto-31.7.2.pom to /home/runner/.gradle/.tmp/gradle_download185583973809790423bin
Resource missing. [HTTP GET: https://dl.google.com/dl/android/maven2/org/jetbrains/kotlin/kotlin-stdlib-jdk8/1.9.20/kotlin-stdlib-jdk8-1.9.20.pom]
Resource missing. [HTTP HEAD: https://dl.google.com/dl/android/maven2/org/apache/httpcomponents/httpmime/4.5.6/httpmime-4.5.6.pom]
Resource missing. [HTTP GET: https://dl.google.com/dl/android/maven2/commons-io/commons-io/2.13.0/commons-io-2.13.0.pom]
Found locally available resource with matching checksum: [https://repo.maven.apache.org/maven2/org/apache/httpcomponents/httpmime/4.5.6/httpmime-4.5.6.pom, /home/runner/.gradle/caches/modules-2/files-2.1/org.apache.httpcomponents/httpmime/4.5.6/b9dcad423fba1978379049cf0cf3cf535c667af7/httpmime-4.5.6.pom]
Downloading https://repo.maven.apache.org/maven2/commons-io/commons-io/2.13.0/commons-io-2.13.0.pom to /home/runner/.gradle/.tmp/gradle_download8847575524248599913bin
Downloading https://repo.maven.apache.org/maven2/org/jetbrains/kotlin/kotlin-stdlib-jdk8/1.9.20/kotlin-stdlib-jdk8-1.9.20.pom to /home/runner/.gradle/.tmp/gradle_download4388284174551309140bin
Found locally available resource with matching checksum: [https://dl.google.com/dl/android/maven2/com/android/tools/build/transform-api/2.0.0-deprecated-use-gradle-api/transform-api-2.0.0-deprecated-use-gradle-api.pom, /home/runner/.gradle/caches/modules-2/files-2.1/com.android.tools.build/transform-api/2.0.0-deprecated-use-gradle-api/7d636f89a401a7603740ef05ac87f5a1e2811efe/transform-api-2.0.0-deprecated-use-gradle-api.pom]
Resource missing. [HTTP GET: https://dl.google.com/dl/android/maven2/org/ow2/asm/asm/9.6/asm-9.6.pom]
Resource missing. [HTTP GET: https://dl.google.com/dl/android/maven2/org/apache/commons/commons-parent/58/commons-parent-58.pom]
Resource missing. [HTTP HEAD: https://dl.google.com/dl/android/maven2/org/apache/httpcomponents/httpcomponents-client/4.5.6/httpcomponents-client-4.5.6.pom]
Found locally available resource with matching checksum: [https://repo.maven.apache.org/maven2/org/apache/httpcomponents/httpcomponents-client/4.5.6/httpcomponents-client-4.5.6.pom, /home/runner/.gradle/caches/modules-2/files-2.1/org.apache.httpcomponents/httpcomponents-client/4.5.6/135a0a91d1ad2909b08196580ef2c363932bb87e/httpcomponents-client-4.5.6.pom]
Downloading https://repo.maven.apache.org/maven2/org/ow2/asm/asm/9.6/asm-9.6.pom to /home/runner/.gradle/.tmp/gradle_download413337046003531844bin
Downloading https://repo.maven.apache.org/maven2/org/apache/commons/commons-parent/58/commons-parent-58.pom to /home/runner/.gradle/.tmp/gradle_download13400045267629418932bin
Resource missing. [HTTP GET: https://dl.google.com/dl/android/maven2/org/ow2/asm/asm-analysis/9.6/asm-analysis-9.6.pom]
Downloading https://repo.maven.apache.org/maven2/org/ow2/asm/asm-analysis/9.6/asm-analysis-9.6.pom to /home/runner/.gradle/.tmp/gradle_download12183154058268731354bin
Resource missing. [HTTP HEAD: https://dl.google.com/dl/android/maven2/org/apache/httpcomponents/httpcomponents-parent/10/httpcomponents-parent-10.pom]
Resource missing. [HTTP GET: https://dl.google.com/dl/android/maven2/org/apache/apache/29/apache-29.pom]
Resource missing. [HTTP HEAD: https://dl.google.com/dl/android/maven2/org/ow2/ow2/1.5.1/ow2-1.5.1.pom]
Found locally available resource with matching checksum: [https://repo.maven.apache.org/maven2/org/apache/httpcomponents/httpcomponents-parent/10/httpcomponents-parent-10.pom, /home/runner/.gradle/caches/modules-2/files-2.1/org.apache.httpcomponents/httpcomponents-parent/10/1ba3c5940f24525444492ae12b6a1015df8a477b/httpcomponents-parent-10.pom]
Downloading https://repo.maven.apache.org/maven2/org/apache/apache/29/apache-29.pom to /home/runner/.gradle/.tmp/gradle_download17752656547699234043bin
Found locally available resource with matching checksum: [https://repo.maven.apache.org/maven2/org/ow2/ow2/1.5.1/ow2-1.5.1.pom, /home/runner/.gradle/caches/modules-2/files-2.1/org.ow2/ow2/1.5.1/bda66fa5f1b68fa7d2de3d569bdc8508b2af82d4/ow2-1.5.1.pom]
Resource missing. [HTTP HEAD: https://dl.google.com/dl/android/maven2/org/apache/apache/18/apache-18.pom]
Found locally available resource with matching checksum: [https://repo.maven.apache.org/maven2/org/apache/apache/18/apache-18.pom, /home/runner/.gradle/caches/modules-2/files-2.1/org.apache/apache/18/bd408bbea3840f2c7f914b29403e39a90f84fd5f/apache-18.pom]
Resource missing. [HTTP GET: https://dl.google.com/dl/android/maven2/org/ow2/asm/asm-commons/9.6/asm-commons-9.6.pom]
Resource missing. [HTTP GET: https://dl.google.com/dl/android/maven2/org/junit/junit-bom/5.9.3/junit-bom-5.9.3.pom]
Resource missing. [HTTP GET: https://dl.google.com/dl/android/maven2/org/ow2/asm/asm-util/9.6/asm-util-9.6.pom]
Downloading https://repo.maven.apache.org/maven2/org/junit/junit-bom/5.9.3/junit-bom-5.9.3.pom to /home/runner/.gradle/.tmp/gradle_download2641011778862502695bin
Downloading https://repo.maven.apache.org/maven2/org/ow2/asm/asm-commons/9.6/asm-commons-9.6.pom to /home/runner/.gradle/.tmp/gradle_download5340870011844624966bin
Downloading https://repo.maven.apache.org/maven2/org/ow2/asm/asm-util/9.6/asm-util-9.6.pom to /home/runner/.gradle/.tmp/gradle_download714444738306584950bin
Downloading https://repo.maven.apache.org/maven2/org/junit/junit-bom/5.9.3/junit-bom-5.9.3.module to /home/runner/.gradle/.tmp/gradle_download10674916003587231492bin
Resource missing. [HTTP GET: https://dl.google.com/dl/android/maven2/org/bouncycastle/bcpkix-jdk18on/1.77/bcpkix-jdk18on-1.77.pom]
Resource missing. [HTTP HEAD: https://dl.google.com/dl/android/maven2/org/glassfish/jaxb/jaxb-runtime/2.3.2/jaxb-runtime-2.3.2.pom]
Resource missing. [HTTP HEAD: https://dl.google.com/dl/android/maven2/net/sf/jopt-simple/jopt-simple/4.9/jopt-simple-4.9.pom]
Downloading https://repo.maven.apache.org/maven2/org/bouncycastle/bcpkix-jdk18on/1.77/bcpkix-jdk18on-1.77.pom to /home/runner/.gradle/.tmp/gradle_download1879967413985442663bin
Found locally available resource with matching checksum: [https://repo.maven.apache.org/maven2/net/sf/jopt-simple/jopt-simple/4.9/jopt-simple-4.9.pom, /home/runner/.gradle/caches/modules-2/files-2.1/net.sf.jopt-simple/jopt-simple/4.9/ea3cd0a93e4e8adc1cdadd544c9168bc5aa985a8/jopt-simple-4.9.pom]
Found locally available resource with matching checksum: [https://repo.maven.apache.org/maven2/org/glassfish/jaxb/jaxb-runtime/2.3.2/jaxb-runtime-2.3.2.pom, /home/runner/.gradle/caches/modules-2/files-2.1/org.glassfish.jaxb/jaxb-runtime/2.3.2/f46a0f023205138c366f0b0c9316f8663bb32a4f/jaxb-runtime-2.3.2.pom]
Downloading https://dl.google.com/dl/android/maven2/com/android/tools/build/bundletool/1.17.1/bundletool-1.17.1.pom to /home/runner/.gradle/.tmp/gradle_download17761414616395572961bin
Resource missing. [HTTP HEAD: https://dl.google.com/dl/android/maven2/com/sun/xml/bind/mvn/jaxb-runtime-parent/2.3.2/jaxb-runtime-parent-2.3.2.pom]
Resource missing. [HTTP HEAD: https://dl.google.com/dl/android/maven2/org/sonatype/oss/oss-parent/7/oss-parent-7.pom]
Found locally available resource with matching checksum: [https://repo.maven.apache.org/maven2/org/sonatype/oss/oss-parent/7/oss-parent-7.pom, /home/runner/.gradle/caches/modules-2/files-2.1/org.sonatype.oss/oss-parent/7/46b8a785b60a2767095b8611613b58577e96d4c9/oss-parent-7.pom]
Found locally available resource with matching checksum: [https://repo.maven.apache.org/maven2/com/sun/xml/bind/mvn/jaxb-runtime-parent/2.3.2/jaxb-runtime-parent-2.3.2.pom, /home/runner/.gradle/caches/modules-2/files-2.1/com.sun.xml.bind.mvn/jaxb-runtime-parent/2.3.2/b9916bbbf37042807a649a2a7fcb6b97e193c28a/jaxb-runtime-parent-2.3.2.pom]
Found locally available resource with matching checksum: [https://dl.google.com/dl/android/maven2/com/android/tools/build/jetifier/jetifier-core/1.0.0-beta10/jetifier-core-1.0.0-beta10.pom, /home/runner/.gradle/caches/modules-2/files-2.1/com.android.tools.build.jetifier/jetifier-core/1.0.0-beta10/a05601d691cb5b3175469dad16d7b507e122161f/jetifier-core-1.0.0-beta10.pom]
Found locally available resource with matching checksum: [https://dl.google.com/dl/android/maven2/com/android/tools/build/jetifier/jetifier-processor/1.0.0-beta10/jetifier-processor-1.0.0-beta10.pom, /home/runner/.gradle/caches/modules-2/files-2.1/com.android.tools.build.jetifier/jetifier-processor/1.0.0-beta10/ef909fba0e8e31b04e88b96ac2a01b46c395c9f/jetifier-processor-1.0.0-beta10.pom]
Resource missing. [HTTP HEAD: https://dl.google.com/dl/android/maven2/com/sun/xml/bind/mvn/jaxb-parent/2.3.2/jaxb-parent-2.3.2.pom]
Resource missing. [HTTP HEAD: https://dl.google.com/dl/android/maven2/com/squareup/javapoet/1.10.0/javapoet-1.10.0.pom]
Found locally available resource with matching checksum: [https://repo.maven.apache.org/maven2/com/squareup/javapoet/1.10.0/javapoet-1.10.0.pom, /home/runner/.gradle/caches/modules-2/files-2.1/com.squareup/javapoet/1.10.0/111612d623e9d2047798f13324fcb29966f080e3/javapoet-1.10.0.pom]
Found locally available resource with matching checksum: [https://repo.maven.apache.org/maven2/com/sun/xml/bind/mvn/jaxb-parent/2.3.2/jaxb-parent-2.3.2.pom, /home/runner/.gradle/caches/modules-2/files-2.1/com.sun.xml.bind.mvn/jaxb-parent/2.3.2/5d96ada92105844d8a2eedfb63bf782a712cc0a/jaxb-parent-2.3.2.pom]
Found locally available resource with matching checksum: [https://dl.google.com/dl/android/maven2/com/android/tools/build/jetifier/jetifier-core/1.0.0-beta10/jetifier-core-1.0.0-beta10.module, /home/runner/.gradle/caches/modules-2/files-2.1/com.android.tools.build.jetifier/jetifier-core/1.0.0-beta10/df2cc641b26756fd3daf9dd8f69ff81a886b2610/jetifier-core-1.0.0-beta10.module]
Resource missing. [HTTP GET: https://dl.google.com/dl/android/maven2/com/google/protobuf/protobuf-java/3.22.3/protobuf-java-3.22.3.pom]
Resource missing. [HTTP HEAD: https://dl.google.com/dl/android/maven2/com/sun/xml/bind/jaxb-bom-ext/2.3.2/jaxb-bom-ext-2.3.2.pom]
Downloading https://repo.maven.apache.org/maven2/com/google/protobuf/protobuf-java/3.22.3/protobuf-java-3.22.3.pom to /home/runner/.gradle/.tmp/gradle_download17844524473364066229bin
Found locally available resource with matching checksum: [https://repo.maven.apache.org/maven2/com/sun/xml/bind/jaxb-bom-ext/2.3.2/jaxb-bom-ext-2.3.2.pom, /home/runner/.gradle/caches/modules-2/files-2.1/com.sun.xml.bind/jaxb-bom-ext/2.3.2/7a92d12e31a67bae498f840c8f7c334a4fee0fbb/jaxb-bom-ext-2.3.2.pom]
Found locally available resource with matching checksum: [https://dl.google.com/dl/android/maven2/com/android/tools/build/jetifier/jetifier-processor/1.0.0-beta10/jetifier-processor-1.0.0-beta10.module, /home/runner/.gradle/caches/modules-2/files-2.1/com.android.tools.build.jetifier/jetifier-processor/1.0.0-beta10/e2bc65203be6634db858f565b4318d5eb2798e64/jetifier-processor-1.0.0-beta10.module]
Resource missing. [HTTP GET: https://dl.google.com/dl/android/maven2/com/google/protobuf/protobuf-java-util/3.22.3/protobuf-java-util-3.22.3.pom]
Downloading https://repo.maven.apache.org/maven2/com/google/protobuf/protobuf-java-util/3.22.3/protobuf-java-util-3.22.3.pom to /home/runner/.gradle/.tmp/gradle_download17736645251341188438bin
Resource missing. [HTTP GET: https://dl.google.com/dl/android/maven2/com/google/protobuf/protobuf-parent/3.22.3/protobuf-parent-3.22.3.pom]
Resource missing. [HTTP HEAD: https://dl.google.com/dl/android/maven2/org/glassfish/jaxb/jaxb-bom/2.3.2/jaxb-bom-2.3.2.pom]
Resource missing. [HTTP GET: https://dl.google.com/dl/android/maven2/com/google/code/gson/gson/2.10.1/gson-2.10.1.pom]
Downloading https://repo.maven.apache.org/maven2/com/google/protobuf/protobuf-parent/3.22.3/protobuf-parent-3.22.3.pom to /home/runner/.gradle/.tmp/gradle_download6971327660548336038bin
Found locally available resource with matching checksum: [https://repo.maven.apache.org/maven2/org/glassfish/jaxb/jaxb-bom/2.3.2/jaxb-bom-2.3.2.pom, /home/runner/.gradle/caches/modules-2/files-2.1/org.glassfish.jaxb/jaxb-bom/2.3.2/c7cd28b5d3871feba8cebf6d4587043fb0d6fd0a/jaxb-bom-2.3.2.pom]
Downloading https://repo.maven.apache.org/maven2/com/google/code/gson/gson/2.10.1/gson-2.10.1.pom to /home/runner/.gradle/.tmp/gradle_download3839457801964234679bin
Resource missing. [HTTP GET: https://dl.google.com/dl/android/maven2/com/google/protobuf/protobuf-bom/3.22.3/protobuf-bom-3.22.3.pom]
Downloading https://repo.maven.apache.org/maven2/com/google/protobuf/protobuf-bom/3.22.3/protobuf-bom-3.22.3.pom to /home/runner/.gradle/.tmp/gradle_download9735371451413273840bin
Resource missing. [HTTP HEAD: https://dl.google.com/dl/android/maven2/org/eclipse/ee4j/project/1.0.5/project-1.0.5.pom]
Resource missing. [HTTP GET: https://dl.google.com/dl/android/maven2/com/google/code/gson/gson-parent/2.10.1/gson-parent-2.10.1.pom]
Found locally available resource with matching checksum: [https://repo.maven.apache.org/maven2/org/eclipse/ee4j/project/1.0.5/project-1.0.5.pom, /home/runner/.gradle/caches/modules-2/files-2.1/org.eclipse.ee4j/project/1.0.5/d391c5ed15d8fb1dadba9c5d1017006d56c50332/project-1.0.5.pom]
Downloading https://repo.maven.apache.org/maven2/com/google/code/gson/gson-parent/2.10.1/gson-parent-2.10.1.pom to /home/runner/.gradle/.tmp/gradle_download17040858572035104637bin
Resource missing. [HTTP GET: https://dl.google.com/dl/android/maven2/io/grpc/grpc-netty/1.57.0/grpc-netty-1.57.0.pom]
Resource missing. [HTTP GET: https://dl.google.com/dl/android/maven2/io/grpc/grpc-core/1.57.0/grpc-core-1.57.0.pom]
Downloading https://repo.maven.apache.org/maven2/io/grpc/grpc-netty/1.57.0/grpc-netty-1.57.0.pom to /home/runner/.gradle/.tmp/gradle_download12775143685737933932bin
Downloading https://repo.maven.apache.org/maven2/io/grpc/grpc-core/1.57.0/grpc-core-1.57.0.pom to /home/runner/.gradle/.tmp/gradle_download3860580404271276640bin
Resource missing. [HTTP GET: https://dl.google.com/dl/android/maven2/io/grpc/grpc-protobuf/1.57.0/grpc-protobuf-1.57.0.pom]
Downloading https://repo.maven.apache.org/maven2/io/grpc/grpc-protobuf/1.57.0/grpc-protobuf-1.57.0.pom to /home/runner/.gradle/.tmp/gradle_download5702568774143283410bin
Resource missing. [HTTP GET: https://dl.google.com/dl/android/maven2/io/grpc/grpc-stub/1.57.0/grpc-stub-1.57.0.pom]
Downloading https://repo.maven.apache.org/maven2/io/grpc/grpc-stub/1.57.0/grpc-stub-1.57.0.pom to /home/runner/.gradle/.tmp/gradle_download6579316083385004622bin
Downloading https://dl.google.com/dl/android/maven2/com/google/testing/platform/core-proto/0.0.9-alpha02/core-proto-0.0.9-alpha02.pom to /home/runner/.gradle/.tmp/gradle_download15225145198745862765bin
Resource missing. [HTTP HEAD: https://dl.google.com/dl/android/maven2/com/google/crypto/tink/tink/1.7.0/tink-1.7.0.pom]
Resource missing. [HTTP HEAD: https://dl.google.com/dl/android/maven2/com/google/flatbuffers/flatbuffers-java/1.12.0/flatbuffers-java-1.12.0.pom]
Found locally available resource with matching checksum: [https://repo.maven.apache.org/maven2/com/google/crypto/tink/tink/1.7.0/tink-1.7.0.pom, /home/runner/.gradle/caches/modules-2/files-2.1/com.google.crypto.tink/tink/1.7.0/a8cba5b72a24f8adbd86d4e3172c01337ed0d4e0/tink-1.7.0.pom]
Found locally available resource with matching checksum: [https://repo.maven.apache.org/maven2/com/google/flatbuffers/flatbuffers-java/1.12.0/flatbuffers-java-1.12.0.pom, /home/runner/.gradle/caches/modules-2/files-2.1/com.google.flatbuffers/flatbuffers-java/1.12.0/f93bdcc0b38ffbec623e6610e0cddacae758cb54/flatbuffers-java-1.12.0.pom]
Resource missing. [HTTP GET: https://dl.google.com/dl/android/maven2/org/tensorflow/tensorflow-lite-metadata/0.1.0-rc2/tensorflow-lite-metadata-0.1.0-rc2.pom]
Downloading https://dl.google.com/dl/android/maven2/com/android/tools/build/builder/8.7.2/builder-8.7.2.pom to /home/runner/.gradle/.tmp/gradle_download15290072236290262729bin
Downloading https://repo.maven.apache.org/maven2/org/tensorflow/tensorflow-lite-metadata/0.1.0-rc2/tensorflow-lite-metadata-0.1.0-rc2.pom to /home/runner/.gradle/.tmp/gradle_download2077781518773252433bin
Downloading https://dl.google.com/dl/android/maven2/com/android/tools/build/builder-model/8.7.2/builder-model-8.7.2.pom to /home/runner/.gradle/.tmp/gradle_download12500777440750471066bin
Downloading https://dl.google.com/dl/android/maven2/com/android/tools/build/gradle-api/8.7.2/gradle-api-8.7.2.pom to /home/runner/.gradle/.tmp/gradle_download6761546550627210897bin
Downloading https://dl.google.com/dl/android/maven2/com/android/tools/build/builder/8.7.2/builder-8.7.2.module to /home/runner/.gradle/.tmp/gradle_download2061459316460535632bin
Downloading https://dl.google.com/dl/android/maven2/com/android/tools/build/builder-model/8.7.2/builder-model-8.7.2.module to /home/runner/.gradle/.tmp/gradle_download13639098603967498764bin
Downloading https://dl.google.com/dl/android/maven2/com/android/tools/build/gradle-api/8.7.2/gradle-api-8.7.2.module to /home/runner/.gradle/.tmp/gradle_download7812156545552048397bin
Resource missing. [HTTP HEAD: https://dl.google.com/dl/android/maven2/javax/inject/javax.inject/1/javax.inject-1.pom]
Downloading https://dl.google.com/dl/android/maven2/com/android/tools/common/31.7.2/common-31.7.2.pom to /home/runner/.gradle/.tmp/gradle_download16404194405946653352bin
Resource missing. [HTTP GET: https://dl.google.com/dl/android/maven2/com/google/guava/guava/32.0.1-jre/guava-32.0.1-jre.pom]
Resource missing. [HTTP HEAD: https://dl.google.com/dl/android/maven2/net/sf/kxml/kxml2/2.3.0/kxml2-2.3.0.pom]
Found locally available resource with matching checksum: [https://repo.maven.apache.org/maven2/javax/inject/javax.inject/1/javax.inject-1.pom, /home/runner/.gradle/caches/modules-2/files-2.1/javax.inject/javax.inject/1/b8e00a8a0deb0ebef447570e37ff8146ccd92cbe/javax.inject-1.pom]
Downloading https://repo.maven.apache.org/maven2/com/google/guava/guava/32.0.1-jre/guava-32.0.1-jre.pom to /home/runner/.gradle/.tmp/gradle_download16677629780548569951bin
Found locally available resource with matching checksum: [https://repo.maven.apache.org/maven2/net/sf/kxml/kxml2/2.3.0/kxml2-2.3.0.pom, /home/runner/.gradle/caches/modules-2/files-2.1/net.sf.kxml/kxml2/2.3.0/8efa75f9cdc57687076b2125b1a098e6f42e737d/kxml2-2.3.0.pom]
Resource missing. [HTTP GET: https://dl.google.com/dl/android/maven2/org/bouncycastle/bcprov-jdk18on/1.77/bcprov-jdk18on-1.77.pom]
Downloading https://repo.maven.apache.org/maven2/org/bouncycastle/bcprov-jdk18on/1.77/bcprov-jdk18on-1.77.pom to /home/runner/.gradle/.tmp/gradle_download6066028536329110851bin
Resource missing. [HTTP GET: https://dl.google.com/dl/android/maven2/org/jetbrains/intellij/deps/trove4j/1.0.20200330/trove4j-1.0.20200330.pom]
Resource missing. [HTTP GET: https://dl.google.com/dl/android/maven2/org/jetbrains/kotlin/kotlin-reflect/1.9.20/kotlin-reflect-1.9.20.pom]
Resource missing. [HTTP GET: https://dl.google.com/dl/android/maven2/com/google/guava/guava-parent/32.0.1-jre/guava-parent-32.0.1-jre.pom]
Downloading https://repo.maven.apache.org/maven2/org/jetbrains/intellij/deps/trove4j/1.0.20200330/trove4j-1.0.20200330.pom to /home/runner/.gradle/.tmp/gradle_download2175086936331612768bin
Downloading https://repo.maven.apache.org/maven2/org/jetbrains/kotlin/kotlin-reflect/1.9.20/kotlin-reflect-1.9.20.pom to /home/runner/.gradle/.tmp/gradle_download1268830361308420086bin
Downloading https://repo.maven.apache.org/maven2/com/google/guava/guava-parent/32.0.1-jre/guava-parent-32.0.1-jre.pom to /home/runner/.gradle/.tmp/gradle_download15604208259605141210bin
Resource missing. [HTTP HEAD: https://dl.google.com/dl/android/maven2/org/apache/commons/commons-compress/1.21/commons-compress-1.21.pom]
Downloading https://dl.google.com/dl/android/maven2/com/android/tools/dvlib/31.7.2/dvlib-31.7.2.pom to /home/runner/.gradle/.tmp/gradle_download14425553616016550177bin
Resource missing. [HTTP HEAD: https://dl.google.com/dl/android/maven2/org/apache/httpcomponents/httpcore/4.4.16/httpcore-4.4.16.pom]
Found locally available resource with matching checksum: [https://repo.maven.apache.org/maven2/org/apache/commons/commons-compress/1.21/commons-compress-1.21.pom, /home/runner/.gradle/caches/modules-2/files-2.1/org.apache.commons/commons-compress/1.21/f9f4f26a1ea08778cc818c1555587741605bb4da/commons-compress-1.21.pom]
Found locally available resource with matching checksum: [https://repo.maven.apache.org/maven2/org/apache/httpcomponents/httpcore/4.4.16/httpcore-4.4.16.pom, /home/runner/.gradle/caches/modules-2/files-2.1/org.apache.httpcomponents/httpcore/4.4.16/fdcd45abd94151f990a359e1d367e325cfb50286/httpcore-4.4.16.pom]
Resource missing. [HTTP HEAD: https://dl.google.com/dl/android/maven2/org/apache/commons/commons-parent/52/commons-parent-52.pom]
Resource missing. [HTTP HEAD: https://dl.google.com/dl/android/maven2/org/apache/httpcomponents/httpcomponents-core/4.4.16/httpcomponents-core-4.4.16.pom]
Found locally available resource with matching checksum: [https://repo.maven.apache.org/maven2/org/apache/commons/commons-parent/52/commons-parent-52.pom, /home/runner/.gradle/caches/modules-2/files-2.1/org.apache.commons/commons-parent/52/4ee86dedc66d0010ccdc29e5a4ce014c057854/commons-parent-52.pom]
Found locally available resource with matching checksum: [https://repo.maven.apache.org/maven2/org/apache/httpcomponents/httpcomponents-core/4.4.16/httpcomponents-core-4.4.16.pom, /home/runner/.gradle/caches/modules-2/files-2.1/org.apache.httpcomponents/httpcomponents-core/4.4.16/e0cbfde0384168cdd90e2633c1f101416d799090/httpcomponents-core-4.4.16.pom]
Resource missing. [HTTP HEAD: https://dl.google.com/dl/android/maven2/org/apache/httpcomponents/httpcomponents-parent/11/httpcomponents-parent-11.pom]
Resource missing. [HTTP HEAD: https://dl.google.com/dl/android/maven2/org/apache/apache/23/apache-23.pom]
Found locally available resource with matching checksum: [https://repo.maven.apache.org/maven2/org/apache/apache/23/apache-23.pom, /home/runner/.gradle/caches/modules-2/files-2.1/org.apache/apache/23/404949e96725e63a10a6d8f9d9b521948d170d5/apache-23.pom]
Found locally available resource with matching checksum: [https://repo.maven.apache.org/maven2/org/apache/httpcomponents/httpcomponents-parent/11/httpcomponents-parent-11.pom, /home/runner/.gradle/caches/modules-2/files-2.1/org.apache.httpcomponents/httpcomponents-parent/11/3ee7a841cc49326e8681089ea7ad6a3b81b88581/httpcomponents-parent-11.pom]
Resource missing. [HTTP HEAD: https://dl.google.com/dl/android/maven2/org/apache/apache/21/apache-21.pom]
Found locally available resource with matching checksum: [https://repo.maven.apache.org/maven2/org/apache/apache/21/apache-21.pom, /home/runner/.gradle/caches/modules-2/files-2.1/org.apache/apache/21/649b700a1b2b4a1d87e7ae8e3f47bfe101b2a4a5/apache-21.pom]
Resource missing. [HTTP HEAD: https://dl.google.com/dl/android/maven2/com/sun/activation/javax.activation/1.2.0/javax.activation-1.2.0.pom]
Resource missing. [HTTP HEAD: https://dl.google.com/dl/android/maven2/com/google/jimfs/jimfs/1.1/jimfs-1.1.pom]
Found locally available resource with matching checksum: [https://repo.maven.apache.org/maven2/com/google/jimfs/jimfs/1.1/jimfs-1.1.pom, /home/runner/.gradle/caches/modules-2/files-2.1/com.google.jimfs/jimfs/1.1/380866e1e495f899631b6e1d437e4b0a69e4faa3/jimfs-1.1.pom]
Found locally available resource with matching checksum: [https://repo.maven.apache.org/maven2/com/sun/activation/javax.activation/1.2.0/javax.activation-1.2.0.pom, /home/runner/.gradle/caches/modules-2/files-2.1/com.sun.activation/javax.activation/1.2.0/bdb776ae9b888b7ad8f9f424b9e67837eae916c5/javax.activation-1.2.0.pom]
Resource missing. [HTTP HEAD: https://dl.google.com/dl/android/maven2/com/google/jimfs/jimfs-parent/1.1/jimfs-parent-1.1.pom]
Resource missing. [HTTP HEAD: https://dl.google.com/dl/android/maven2/com/sun/activation/all/1.2.0/all-1.2.0.pom]
Found locally available resource with matching checksum: [https://repo.maven.apache.org/maven2/com/google/jimfs/jimfs-parent/1.1/jimfs-parent-1.1.pom, /home/runner/.gradle/caches/modules-2/files-2.1/com.google.jimfs/jimfs-parent/1.1/2283f99a6aa73205190a20cfd35078e9f7d6cec9/jimfs-parent-1.1.pom]
Found locally available resource with matching checksum: [https://repo.maven.apache.org/maven2/com/sun/activation/all/1.2.0/all-1.2.0.pom, /home/runner/.gradle/caches/modules-2/files-2.1/com.sun.activation/all/1.2.0/9b1023e38195ea19d1a0ac79192d486da1904f97/all-1.2.0.pom]
Resource missing. [HTTP HEAD: https://dl.google.com/dl/android/maven2/net/java/jvnet-parent/1/jvnet-parent-1.pom]
Found locally available resource with matching checksum: [https://repo.maven.apache.org/maven2/net/java/jvnet-parent/1/jvnet-parent-1.pom, /home/runner/.gradle/caches/modules-2/files-2.1/net.java/jvnet-parent/1/b55a1b046dbe82acdee8edde7476eebcba1e57d8/jvnet-parent-1.pom]
Resource missing. [HTTP HEAD: https://dl.google.com/dl/android/maven2/org/jetbrains/annotations/23.0.0/annotations-23.0.0.pom]
Found locally available resource with matching checksum: [https://repo.maven.apache.org/maven2/org/jetbrains/annotations/23.0.0/annotations-23.0.0.pom, /home/runner/.gradle/caches/modules-2/files-2.1/org.jetbrains/annotations/23.0.0/deb853be3c9e05ed99fbbf83e49d349d08a6d10e/annotations-23.0.0.pom]
Resource missing. [HTTP HEAD: https://dl.google.com/dl/android/maven2/org/apache/httpcomponents/httpclient/4.5.14/httpclient-4.5.14.pom]
Downloading https://dl.google.com/dl/android/maven2/com/android/tools/annotations/31.7.2/annotations-31.7.2.pom to /home/runner/.gradle/.tmp/gradle_download13420305797766410919bin
Found locally available resource with matching checksum: [https://repo.maven.apache.org/maven2/org/apache/httpcomponents/httpclient/4.5.14/httpclient-4.5.14.pom, /home/runner/.gradle/caches/modules-2/files-2.1/org.apache.httpcomponents/httpclient/4.5.14/f62c6a311407cc4b47d0ea9eec6cf97ed25b8cee/httpclient-4.5.14.pom]
Resource missing. [HTTP HEAD: https://dl.google.com/dl/android/maven2/org/apache/httpcomponents/httpcomponents-client/4.5.14/httpcomponents-client-4.5.14.pom]
Found locally available resource with matching checksum: [https://repo.maven.apache.org/maven2/org/apache/httpcomponents/httpcomponents-client/4.5.14/httpcomponents-client-4.5.14.pom, /home/runner/.gradle/caches/modules-2/files-2.1/org.apache.httpcomponents/httpcomponents-client/4.5.14/e36b5c26d9012cce0ba214e06462596585475217/httpcomponents-client-4.5.14.pom]
Resource missing. [HTTP HEAD: https://dl.google.com/dl/android/maven2/net/java/dev/jna/jna-platform/5.6.0/jna-platform-5.6.0.pom]
Downloading https://dl.google.com/dl/android/maven2/com/android/tools/analytics-library/protos/31.7.2/protos-31.7.2.pom to /home/runner/.gradle/.tmp/gradle_download16658994266791408503bin
Found locally available resource with matching checksum: [https://repo.maven.apache.org/maven2/net/java/dev/jna/jna-platform/5.6.0/jna-platform-5.6.0.pom, /home/runner/.gradle/caches/modules-2/files-2.1/net.java.dev.jna/jna-platform/5.6.0/f86d5b088d311a7dee895e06cb2a08ccada7cbde/jna-platform-5.6.0.pom]
Resource missing. [HTTP HEAD: https://dl.google.com/dl/android/maven2/com/googlecode/juniversalchardet/juniversalchardet/1.0.3/juniversalchardet-1.0.3.pom]
Found locally available resource with matching checksum: [https://repo.maven.apache.org/maven2/com/googlecode/juniversalchardet/juniversalchardet/1.0.3/juniversalchardet-1.0.3.pom, /home/runner/.gradle/caches/modules-2/files-2.1/com.googlecode.juniversalchardet/juniversalchardet/1.0.3/be6da8320adedafc712d645ddaaad00357b55408/juniversalchardet-1.0.3.pom]
Resource missing. [HTTP HEAD: https://dl.google.com/dl/android/maven2/javax/annotation/javax.annotation-api/1.3.2/javax.annotation-api-1.3.2.pom]
Found locally available resource with matching checksum: [https://repo.maven.apache.org/maven2/javax/annotation/javax.annotation-api/1.3.2/javax.annotation-api-1.3.2.pom, /home/runner/.gradle/caches/modules-2/files-2.1/javax.annotation/javax.annotation-api/1.3.2/302fe96ef206b17f82893083b51b479541fa25ab/javax.annotation-api-1.3.2.pom]
Resource missing. [HTTP HEAD: https://dl.google.com/dl/android/maven2/net/java/jvnet-parent/3/jvnet-parent-3.pom]
Found locally available resource with matching checksum: [https://repo.maven.apache.org/maven2/net/java/jvnet-parent/3/jvnet-parent-3.pom, /home/runner/.gradle/caches/modules-2/files-2.1/net.java/jvnet-parent/3/f8f3be3e980551a39b5679411e171aeb6931aaec/jvnet-parent-3.pom]
Resource missing. [HTTP GET: https://dl.google.com/dl/android/maven2/org/jetbrains/kotlin/kotlin-stdlib/1.9.20/kotlin-stdlib-1.9.20.pom]
Resource missing. [HTTP GET: https://dl.google.com/dl/android/maven2/org/jetbrains/kotlin/kotlin-stdlib-jdk7/1.9.20/kotlin-stdlib-jdk7-1.9.20.pom]
Downloading https://repo.maven.apache.org/maven2/org/jetbrains/kotlin/kotlin-stdlib/1.9.20/kotlin-stdlib-1.9.20.pom to /home/runner/.gradle/.tmp/gradle_download4617307933475970917bin
Downloading https://repo.maven.apache.org/maven2/org/jetbrains/kotlin/kotlin-stdlib-jdk7/1.9.20/kotlin-stdlib-jdk7-1.9.20.pom to /home/runner/.gradle/.tmp/gradle_download9108002943134178941bin
Downloading https://repo.maven.apache.org/maven2/org/jetbrains/kotlin/kotlin-stdlib/1.9.20/kotlin-stdlib-1.9.20.module to /home/runner/.gradle/.tmp/gradle_download7431376828292985528bin
Resource missing. [HTTP GET: https://dl.google.com/dl/android/maven2/org/ow2/asm/asm-tree/9.6/asm-tree-9.6.pom]
Downloading https://repo.maven.apache.org/maven2/org/ow2/asm/asm-tree/9.6/asm-tree-9.6.pom to /home/runner/.gradle/.tmp/gradle_download1002376878248982997bin
Resource missing. [HTTP GET: https://dl.google.com/dl/android/maven2/org/bouncycastle/bcutil-jdk18on/1.77/bcutil-jdk18on-1.77.pom]
Downloading https://repo.maven.apache.org/maven2/org/bouncycastle/bcutil-jdk18on/1.77/bcutil-jdk18on-1.77.pom to /home/runner/.gradle/.tmp/gradle_download363130411918696283bin
Resource missing. [HTTP HEAD: https://dl.google.com/dl/android/maven2/com/sun/istack/istack-commons-runtime/3.0.8/istack-commons-runtime-3.0.8.pom]
Resource missing. [HTTP HEAD: https://dl.google.com/dl/android/maven2/org/glassfish/jaxb/txw2/2.3.2/txw2-2.3.2.pom]
Resource missing. [HTTP HEAD: https://dl.google.com/dl/android/maven2/org/jvnet/staxex/stax-ex/1.8.1/stax-ex-1.8.1.pom]
Resource missing. [HTTP HEAD: https://dl.google.com/dl/android/maven2/jakarta/xml/bind/jakarta.xml.bind-api/2.3.2/jakarta.xml.bind-api-2.3.2.pom]
Found locally available resource with matching checksum: [https://repo.maven.apache.org/maven2/com/sun/istack/istack-commons-runtime/3.0.8/istack-commons-runtime-3.0.8.pom, /home/runner/.gradle/caches/modules-2/files-2.1/com.sun.istack/istack-commons-runtime/3.0.8/fd5dfcff9a1f1e7e4371c6a998b74ee0e52bdc4a/istack-commons-runtime-3.0.8.pom]
Found locally available resource with matching checksum: [https://repo.maven.apache.org/maven2/org/glassfish/jaxb/txw2/2.3.2/txw2-2.3.2.pom, /home/runner/.gradle/caches/modules-2/files-2.1/org.glassfish.jaxb/txw2/2.3.2/22d24b523eb02a955e8bfa7af6572207a3490482/txw2-2.3.2.pom]
Found locally available resource with matching checksum: [https://repo.maven.apache.org/maven2/org/jvnet/staxex/stax-ex/1.8.1/stax-ex-1.8.1.pom, /home/runner/.gradle/caches/modules-2/files-2.1/org.jvnet.staxex/stax-ex/1.8.1/93132b1ebaf1c419ad3d2216924af39c68f43b51/stax-ex-1.8.1.pom]
Found locally available resource with matching checksum: [https://repo.maven.apache.org/maven2/jakarta/xml/bind/jakarta.xml.bind-api/2.3.2/jakarta.xml.bind-api-2.3.2.pom, /home/runner/.gradle/caches/modules-2/files-2.1/jakarta.xml.bind/jakarta.xml.bind-api/2.3.2/6142021e7186bf29f5f7639b968cfe250ce086dd/jakarta.xml.bind-api-2.3.2.pom]
Resource missing. [HTTP HEAD: https://dl.google.com/dl/android/maven2/com/sun/xml/bind/mvn/jaxb-txw-parent/2.3.2/jaxb-txw-parent-2.3.2.pom]
Resource missing. [HTTP HEAD: https://dl.google.com/dl/android/maven2/com/sun/istack/istack-commons/3.0.8/istack-commons-3.0.8.pom]
Resource missing. [HTTP HEAD: https://dl.google.com/dl/android/maven2/com/sun/xml/fastinfoset/FastInfoset/1.2.16/FastInfoset-1.2.16.pom]
Found locally available resource with matching checksum: [https://repo.maven.apache.org/maven2/com/sun/istack/istack-commons/3.0.8/istack-commons-3.0.8.pom, /home/runner/.gradle/caches/modules-2/files-2.1/com.sun.istack/istack-commons/3.0.8/3835dae3b9e529039b70bce883a1c7438713c295/istack-commons-3.0.8.pom]
Found locally available resource with matching checksum: [https://repo.maven.apache.org/maven2/com/sun/xml/bind/mvn/jaxb-txw-parent/2.3.2/jaxb-txw-parent-2.3.2.pom, /home/runner/.gradle/caches/modules-2/files-2.1/com.sun.xml.bind.mvn/jaxb-txw-parent/2.3.2/1f872b3cb7c49c35501651aab063659a9775f06a/jaxb-txw-parent-2.3.2.pom]
Found locally available resource with matching checksum: [https://repo.maven.apache.org/maven2/com/sun/xml/fastinfoset/FastInfoset/1.2.16/FastInfoset-1.2.16.pom, /home/runner/.gradle/caches/modules-2/files-2.1/com.sun.xml.fastinfoset/FastInfoset/1.2.16/e4d2eed02e0e0a9f4c892e6d43bdf3dfdc1fa2ee/FastInfoset-1.2.16.pom]
Resource missing. [HTTP HEAD: https://dl.google.com/dl/android/maven2/jakarta/xml/bind/jakarta.xml.bind-api-parent/2.3.2/jakarta.xml.bind-api-parent-2.3.2.pom]
Found locally available resource with matching checksum: [https://repo.maven.apache.org/maven2/jakarta/xml/bind/jakarta.xml.bind-api-parent/2.3.2/jakarta.xml.bind-api-parent-2.3.2.pom, /home/runner/.gradle/caches/modules-2/files-2.1/jakarta.xml.bind/jakarta.xml.bind-api-parent/2.3.2/7be72e8345e33f747d5d813e313abd8df25f259e/jakarta.xml.bind-api-parent-2.3.2.pom]
Resource missing. [HTTP HEAD: https://dl.google.com/dl/android/maven2/com/sun/xml/fastinfoset/fastinfoset-project/1.2.16/fastinfoset-project-1.2.16.pom]
Resource missing. [HTTP HEAD: https://dl.google.com/dl/android/maven2/jakarta/activation/jakarta.activation-api/1.2.1/jakarta.activation-api-1.2.1.pom]
Found locally available resource with matching checksum: [https://repo.maven.apache.org/maven2/jakarta/activation/jakarta.activation-api/1.2.1/jakarta.activation-api-1.2.1.pom, /home/runner/.gradle/caches/modules-2/files-2.1/jakarta.activation/jakarta.activation-api/1.2.1/b9c1b2502949970360efe8d75ec5268d87d38a82/jakarta.activation-api-1.2.1.pom]
Found locally available resource with matching checksum: [https://repo.maven.apache.org/maven2/com/sun/xml/fastinfoset/fastinfoset-project/1.2.16/fastinfoset-project-1.2.16.pom, /home/runner/.gradle/caches/modules-2/files-2.1/com.sun.xml.fastinfoset/fastinfoset-project/1.2.16/86113f7ee9a5d995429bf75294b57b31f0a17d29/fastinfoset-project-1.2.16.pom]
Resource missing. [HTTP HEAD: https://dl.google.com/dl/android/maven2/com/sun/activation/all/1.2.1/all-1.2.1.pom]
Found locally available resource with matching checksum: [https://repo.maven.apache.org/maven2/com/sun/activation/all/1.2.1/all-1.2.1.pom, /home/runner/.gradle/caches/modules-2/files-2.1/com.sun.activation/all/1.2.1/efca912f55f71e63ab2eb82552519b66dd123f98/all-1.2.1.pom]
Resource missing. [HTTP HEAD: https://dl.google.com/dl/android/maven2/org/eclipse/ee4j/project/1.0.2/project-1.0.2.pom]
Found locally available resource with matching checksum: [https://repo.maven.apache.org/maven2/org/eclipse/ee4j/project/1.0.2/project-1.0.2.pom, /home/runner/.gradle/caches/modules-2/files-2.1/org.eclipse.ee4j/project/1.0.2/5730bedee1faaeeb62b0afc4ed1c4571f87a8eb4/project-1.0.2.pom]
Resource missing. [HTTP HEAD: https://dl.google.com/dl/android/maven2/com/google/dagger/dagger/2.28.3/dagger-2.28.3.pom]
Resource missing. [HTTP HEAD: https://dl.google.com/dl/android/maven2/com/google/auto/value/auto-value-annotations/1.6.2/auto-value-annotations-1.6.2.pom]
Resource missing. [HTTP HEAD: https://dl.google.com/dl/android/maven2/com/google/errorprone/error_prone_annotations/2.3.1/error_prone_annotations-2.3.1.pom]
Resource missing. [HTTP HEAD: https://dl.google.com/dl/android/maven2/org/bitbucket/b_c/jose4j/0.9.5/jose4j-0.9.5.pom]
Found locally available resource with matching checksum: [https://repo.maven.apache.org/maven2/com/google/auto/value/auto-value-annotations/1.6.2/auto-value-annotations-1.6.2.pom, /home/runner/.gradle/caches/modules-2/files-2.1/com.google.auto.value/auto-value-annotations/1.6.2/ae1ff98291be961d9e1b14eb26bedaf0b5ac9d15/auto-value-annotations-1.6.2.pom]
Found locally available resource with matching checksum: [https://repo.maven.apache.org/maven2/com/google/dagger/dagger/2.28.3/dagger-2.28.3.pom, /home/runner/.gradle/caches/modules-2/files-2.1/com.google.dagger/dagger/2.28.3/6a11b6b6db0c740dbd150e11f54c6f219fdc2891/dagger-2.28.3.pom]
Found locally available resource with matching checksum: [https://repo.maven.apache.org/maven2/com/google/errorprone/error_prone_annotations/2.3.1/error_prone_annotations-2.3.1.pom, /home/runner/.gradle/caches/modules-2/files-2.1/com.google.errorprone/error_prone_annotations/2.3.1/19c878e6870c8382864dcc459de1c6bfe7f36e54/error_prone_annotations-2.3.1.pom]
Found locally available resource with matching checksum: [https://repo.maven.apache.org/maven2/org/bitbucket/b_c/jose4j/0.9.5/jose4j-0.9.5.pom, /home/runner/.gradle/caches/modules-2/files-2.1/org.bitbucket.b_c/jose4j/0.9.5/dfea5de0f47c10dbfafb02d5d28edd8b44a45907/jose4j-0.9.5.pom]
Resource missing. [HTTP HEAD: https://dl.google.com/dl/android/maven2/com/google/errorprone/error_prone_parent/2.3.1/error_prone_parent-2.3.1.pom]
Resource missing. [HTTP HEAD: https://dl.google.com/dl/android/maven2/com/google/auto/value/auto-value-parent/1.6.2/auto-value-parent-1.6.2.pom]
Found locally available resource with matching checksum: [https://repo.maven.apache.org/maven2/com/google/errorprone/error_prone_parent/2.3.1/error_prone_parent-2.3.1.pom, /home/runner/.gradle/caches/modules-2/files-2.1/com.google.errorprone/error_prone_parent/2.3.1/a32c199defa0dcf9c42a32c26fec4d1fbb408e58/error_prone_parent-2.3.1.pom]
Resource missing. [HTTP HEAD: https://dl.google.com/dl/android/maven2/org/slf4j/slf4j-api/1.7.30/slf4j-api-1.7.30.pom]
Found locally available resource with matching checksum: [https://repo.maven.apache.org/maven2/com/google/auto/value/auto-value-parent/1.6.2/auto-value-parent-1.6.2.pom, /home/runner/.gradle/caches/modules-2/files-2.1/com.google.auto.value/auto-value-parent/1.6.2/5eb0685cabce285064a62a7b9c6c256343a58285/auto-value-parent-1.6.2.pom]
Found locally available resource with matching checksum: [https://repo.maven.apache.org/maven2/org/slf4j/slf4j-api/1.7.30/slf4j-api-1.7.30.pom, /home/runner/.gradle/caches/modules-2/files-2.1/org.slf4j/slf4j-api/1.7.30/2013960e5ee7f712d8fa6f2e618a6ff2e8d98a9/slf4j-api-1.7.30.pom]
Resource missing. [HTTP HEAD: https://dl.google.com/dl/android/maven2/org/slf4j/slf4j-parent/1.7.30/slf4j-parent-1.7.30.pom]
Resource missing. [HTTP HEAD: https://dl.google.com/dl/android/maven2/com/google/auto/auto-parent/6/auto-parent-6.pom]
Found locally available resource with matching checksum: [https://repo.maven.apache.org/maven2/org/slf4j/slf4j-parent/1.7.30/slf4j-parent-1.7.30.pom, /home/runner/.gradle/caches/modules-2/files-2.1/org.slf4j/slf4j-parent/1.7.30/d3cf0e0cdb58d3c6f8a08c21e55894422fd725b9/slf4j-parent-1.7.30.pom]
Found locally available resource with matching checksum: [https://repo.maven.apache.org/maven2/com/google/auto/auto-parent/6/auto-parent-6.pom, /home/runner/.gradle/caches/modules-2/files-2.1/com.google.auto/auto-parent/6/f29db646babbca0049636b6724613035bbcedff/auto-parent-6.pom]
Resource missing. [HTTP HEAD: https://dl.google.com/dl/android/maven2/org/jdom/jdom2/2.0.6/jdom2-2.0.6.pom]
Found locally available resource with matching checksum: [https://repo.maven.apache.org/maven2/org/jdom/jdom2/2.0.6/jdom2-2.0.6.pom, /home/runner/.gradle/caches/modules-2/files-2.1/org.jdom/jdom2/2.0.6/11e250d112bc9f2a0e1a595a5f6ecd2802af2691/jdom2-2.0.6.pom]
Resource missing. [HTTP GET: https://dl.google.com/dl/android/maven2/com/google/errorprone/error_prone_annotations/2.11.0/error_prone_annotations-2.11.0.pom]
Downloading https://repo.maven.apache.org/maven2/com/google/errorprone/error_prone_annotations/2.11.0/error_prone_annotations-2.11.0.pom to /home/runner/.gradle/.tmp/gradle_download3195833517551360200bin
Resource missing. [HTTP GET: https://dl.google.com/dl/android/maven2/com/google/errorprone/error_prone_parent/2.11.0/error_prone_parent-2.11.0.pom]
Downloading https://repo.maven.apache.org/maven2/com/google/errorprone/error_prone_parent/2.11.0/error_prone_parent-2.11.0.pom to /home/runner/.gradle/.tmp/gradle_download12561186435198979259bin
Resource missing. [HTTP GET: https://dl.google.com/dl/android/maven2/com/google/j2objc/j2objc-annotations/1.3/j2objc-annotations-1.3.pom]
Resource missing. [HTTP HEAD: https://dl.google.com/dl/android/maven2/com/google/code/findbugs/jsr305/3.0.2/jsr305-3.0.2.pom]
Downloading https://repo.maven.apache.org/maven2/com/google/j2objc/j2objc-annotations/1.3/j2objc-annotations-1.3.pom to /home/runner/.gradle/.tmp/gradle_download2293445168443413808bin
Found locally available resource with matching checksum: [https://repo.maven.apache.org/maven2/com/google/code/findbugs/jsr305/3.0.2/jsr305-3.0.2.pom, /home/runner/.gradle/caches/modules-2/files-2.1/com.google.code.findbugs/jsr305/3.0.2/8d93cdf4d84d7e1de736df607945c6df0730a10f/jsr305-3.0.2.pom]
Resource missing. [HTTP HEAD: https://dl.google.com/dl/android/maven2/com/google/errorprone/error_prone_annotations/2.18.0/error_prone_annotations-2.18.0.pom]
Found locally available resource with matching checksum: [https://repo.maven.apache.org/maven2/com/google/errorprone/error_prone_annotations/2.18.0/error_prone_annotations-2.18.0.pom, /home/runner/.gradle/caches/modules-2/files-2.1/com.google.errorprone/error_prone_annotations/2.18.0/6d7bbfd3d7567e4c18e981a675ecda707e8a2db1/error_prone_annotations-2.18.0.pom]
Resource missing. [HTTP HEAD: https://dl.google.com/dl/android/maven2/com/google/errorprone/error_prone_parent/2.18.0/error_prone_parent-2.18.0.pom]
Found locally available resource with matching checksum: [https://repo.maven.apache.org/maven2/com/google/errorprone/error_prone_parent/2.18.0/error_prone_parent-2.18.0.pom, /home/runner/.gradle/caches/modules-2/files-2.1/com.google.errorprone/error_prone_parent/2.18.0/b1779a677965027cd2a3de91e61a80102086bb30/error_prone_parent-2.18.0.pom]
Resource missing. [HTTP GET: https://dl.google.com/dl/android/maven2/io/grpc/grpc-api/1.57.0/grpc-api-1.57.0.pom]
Resource missing. [HTTP GET: https://dl.google.com/dl/android/maven2/io/perfmark/perfmark-api/0.26.0/perfmark-api-0.26.0.pom]
Resource missing. [HTTP GET: https://dl.google.com/dl/android/maven2/org/codehaus/mojo/animal-sniffer-annotations/1.23/animal-sniffer-annotations-1.23.pom]
Resource missing. [HTTP HEAD: https://dl.google.com/dl/android/maven2/com/google/android/annotations/4.1.1.4/annotations-4.1.1.4.pom]
Downloading https://repo.maven.apache.org/maven2/io/grpc/grpc-api/1.57.0/grpc-api-1.57.0.pom to /home/runner/.gradle/.tmp/gradle_download16341979762835506964bin
Found locally available resource with matching checksum: [https://repo.maven.apache.org/maven2/com/google/android/annotations/4.1.1.4/annotations-4.1.1.4.pom, /home/runner/.gradle/caches/modules-2/files-2.1/com.google.android/annotations/4.1.1.4/c5a23d7076f3c7fd4b8f39b59ff02b1e164edc28/annotations-4.1.1.4.pom]
Downloading https://repo.maven.apache.org/maven2/org/codehaus/mojo/animal-sniffer-annotations/1.23/animal-sniffer-annotations-1.23.pom to /home/runner/.gradle/.tmp/gradle_download4297811305963243444bin
Downloading https://repo.maven.apache.org/maven2/io/perfmark/perfmark-api/0.26.0/perfmark-api-0.26.0.pom to /home/runner/.gradle/.tmp/gradle_download17568013265907867114bin
Downloading https://repo.maven.apache.org/maven2/io/perfmark/perfmark-api/0.26.0/perfmark-api-0.26.0.module to /home/runner/.gradle/.tmp/gradle_download4113416948136627297bin
Resource missing. [HTTP GET: https://dl.google.com/dl/android/maven2/io/grpc/grpc-context/1.57.0/grpc-context-1.57.0.pom]
Resource missing. [HTTP GET: https://dl.google.com/dl/android/maven2/org/codehaus/mojo/animal-sniffer-parent/1.23/animal-sniffer-parent-1.23.pom]
Downloading https://repo.maven.apache.org/maven2/io/grpc/grpc-context/1.57.0/grpc-context-1.57.0.pom to /home/runner/.gradle/.tmp/gradle_download9664908493159309332bin
Downloading https://repo.maven.apache.org/maven2/org/codehaus/mojo/animal-sniffer-parent/1.23/animal-sniffer-parent-1.23.pom to /home/runner/.gradle/.tmp/gradle_download16895726870621054298bin
Resource missing. [HTTP GET: https://dl.google.com/dl/android/maven2/org/codehaus/mojo/mojo-parent/74/mojo-parent-74.pom]
Downloading https://repo.maven.apache.org/maven2/org/codehaus/mojo/mojo-parent/74/mojo-parent-74.pom to /home/runner/.gradle/.tmp/gradle_download416849998242092902bin
Resource missing. [HTTP GET: https://dl.google.com/dl/android/maven2/org/junit/junit-bom/5.9.2/junit-bom-5.9.2.pom]
Downloading https://repo.maven.apache.org/maven2/org/junit/junit-bom/5.9.2/junit-bom-5.9.2.pom to /home/runner/.gradle/.tmp/gradle_download8319802474418597620bin
Downloading https://repo.maven.apache.org/maven2/org/junit/junit-bom/5.9.2/junit-bom-5.9.2.module to /home/runner/.gradle/.tmp/gradle_download13688408517619060655bin
Resource missing. [HTTP GET: https://dl.google.com/dl/android/maven2/io/netty/netty-transport-native-unix-common/4.1.93.Final/netty-transport-native-unix-common-4.1.93.Final.pom]
Resource missing. [HTTP GET: https://dl.google.com/dl/android/maven2/io/netty/netty-codec-http2/4.1.93.Final/netty-codec-http2-4.1.93.Final.pom]
Resource missing. [HTTP GET: https://dl.google.com/dl/android/maven2/io/netty/netty-handler-proxy/4.1.93.Final/netty-handler-proxy-4.1.93.Final.pom]
Downloading https://repo.maven.apache.org/maven2/io/netty/netty-handler-proxy/4.1.93.Final/netty-handler-proxy-4.1.93.Final.pom to /home/runner/.gradle/.tmp/gradle_download14444399378375789964bin
Downloading https://repo.maven.apache.org/maven2/io/netty/netty-transport-native-unix-common/4.1.93.Final/netty-transport-native-unix-common-4.1.93.Final.pom to /home/runner/.gradle/.tmp/gradle_download16482717461720430389bin
Downloading https://repo.maven.apache.org/maven2/io/netty/netty-codec-http2/4.1.93.Final/netty-codec-http2-4.1.93.Final.pom to /home/runner/.gradle/.tmp/gradle_download6627190636261818390bin
Resource missing. [HTTP GET: https://dl.google.com/dl/android/maven2/io/netty/netty-parent/4.1.93.Final/netty-parent-4.1.93.Final.pom]
Downloading https://repo.maven.apache.org/maven2/io/netty/netty-parent/4.1.93.Final/netty-parent-4.1.93.Final.pom to /home/runner/.gradle/.tmp/gradle_download12879895408683241359bin
Resource missing. [HTTP HEAD: https://dl.google.com/dl/android/maven2/org/sonatype/oss/oss-parent/9/oss-parent-9.pom]
Found locally available resource with matching checksum: [https://repo.maven.apache.org/maven2/org/sonatype/oss/oss-parent/9/oss-parent-9.pom, /home/runner/.gradle/caches/modules-2/files-2.1/org.sonatype.oss/oss-parent/9/e5cdc4d23b86d79c436f16fed20853284e868f65/oss-parent-9.pom]
Resource missing. [HTTP GET: https://dl.google.com/dl/android/maven2/io/grpc/grpc-protobuf-lite/1.57.0/grpc-protobuf-lite-1.57.0.pom]
Resource missing. [HTTP GET: https://dl.google.com/dl/android/maven2/com/google/api/grpc/proto-google-common-protos/2.17.0/proto-google-common-protos-2.17.0.pom]
Downloading https://repo.maven.apache.org/maven2/io/grpc/grpc-protobuf-lite/1.57.0/grpc-protobuf-lite-1.57.0.pom to /home/runner/.gradle/.tmp/gradle_download12230112552904339102bin
Downloading https://repo.maven.apache.org/maven2/com/google/api/grpc/proto-google-common-protos/2.17.0/proto-google-common-protos-2.17.0.pom to /home/runner/.gradle/.tmp/gradle_download13877911136805442326bin
Resource missing. [HTTP HEAD: https://dl.google.com/dl/android/maven2/org/checkerframework/checker-qual/2.5.8/checker-qual-2.5.8.pom]
Found locally available resource with matching checksum: [https://repo.maven.apache.org/maven2/org/checkerframework/checker-qual/2.5.8/checker-qual-2.5.8.pom, /home/runner/.gradle/caches/modules-2/files-2.1/org.checkerframework/checker-qual/2.5.8/5eb0c9262e891ee4dfa3410b9be611e47c79779f/checker-qual-2.5.8.pom]
Downloading https://dl.google.com/dl/android/maven2/com/android/tools/analytics-library/tracker/31.7.2/tracker-31.7.2.pom to /home/runner/.gradle/.tmp/gradle_download6597033786720270979bin
Downloading https://dl.google.com/dl/android/maven2/com/android/tools/build/manifest-merger/31.7.2/manifest-merger-31.7.2.pom to /home/runner/.gradle/.tmp/gradle_download15237034622033895445bin
Resource missing. [HTTP GET: https://dl.google.com/dl/android/maven2/commons-codec/commons-codec/1.10/commons-codec-1.10.pom]
Downloading https://dl.google.com/dl/android/maven2/com/android/signflinger/8.7.2/signflinger-8.7.2.pom to /home/runner/.gradle/.tmp/gradle_download4541396465662020002bin
Downloading https://repo.maven.apache.org/maven2/commons-codec/commons-codec/1.10/commons-codec-1.10.pom to /home/runner/.gradle/.tmp/gradle_download3484783820123038976bin
Downloading https://dl.google.com/dl/android/maven2/com/android/tools/build/manifest-merger/31.7.2/manifest-merger-31.7.2.module to /home/runner/.gradle/.tmp/gradle_download15565938426883088962bin
Downloading https://dl.google.com/dl/android/maven2/com/android/tools/build/apksig/8.7.2/apksig-8.7.2.pom to /home/runner/.gradle/.tmp/gradle_download18013128178647336333bin
Downloading https://dl.google.com/dl/android/maven2/com/android/zipflinger/8.7.2/zipflinger-8.7.2.pom to /home/runner/.gradle/.tmp/gradle_download3107463109768255471bin
Resource missing. [HTTP GET: https://dl.google.com/dl/android/maven2/org/apache/commons/commons-parent/35/commons-parent-35.pom]
Downloading https://repo.maven.apache.org/maven2/org/apache/commons/commons-parent/35/commons-parent-35.pom to /home/runner/.gradle/.tmp/gradle_download15469645542702405513bin
Resource missing. [HTTP HEAD: https://dl.google.com/dl/android/maven2/com/squareup/javawriter/2.5.0/javawriter-2.5.0.pom]
Found locally available resource with matching checksum: [https://repo.maven.apache.org/maven2/com/squareup/javawriter/2.5.0/javawriter-2.5.0.pom, /home/runner/.gradle/caches/modules-2/files-2.1/com.squareup/javawriter/2.5.0/d932f2476f65ecd95dcd6fd8c568b3f466f6a482/javawriter-2.5.0.pom]
Resource missing. [HTTP GET: https://dl.google.com/dl/android/maven2/org/apache/apache/15/apache-15.pom]
Downloading https://dl.google.com/dl/android/maven2/com/android/tools/build/apkzlib/8.7.2/apkzlib-8.7.2.pom to /home/runner/.gradle/.tmp/gradle_download1962610122887133102bin
Downloading https://repo.maven.apache.org/maven2/org/apache/apache/15/apache-15.pom to /home/runner/.gradle/.tmp/gradle_download14181737985831764772bin
Resource missing. [HTTP GET: https://dl.google.com/dl/android/maven2/org/checkerframework/checker-qual/3.33.0/checker-qual-3.33.0.pom]
Downloading https://repo.maven.apache.org/maven2/org/checkerframework/checker-qual/3.33.0/checker-qual-3.33.0.pom to /home/runner/.gradle/.tmp/gradle_download12691718888812389118bin
Downloading https://repo.maven.apache.org/maven2/org/checkerframework/checker-qual/3.33.0/checker-qual-3.33.0.module to /home/runner/.gradle/.tmp/gradle_download539252461320193481bin
Resource missing. [HTTP HEAD: https://dl.google.com/dl/android/maven2/com/google/j2objc/j2objc-annotations/2.8/j2objc-annotations-2.8.pom]
Found locally available resource with matching checksum: [https://repo.maven.apache.org/maven2/com/google/j2objc/j2objc-annotations/2.8/j2objc-annotations-2.8.pom, /home/runner/.gradle/caches/modules-2/files-2.1/com.google.j2objc/j2objc-annotations/2.8/c8daacea97066c6826844e2175ec89857e598122/j2objc-annotations-2.8.pom]
Resource missing. [HTTP HEAD: https://dl.google.com/dl/android/maven2/com/google/guava/listenablefuture/9999.0-empty-to-avoid-conflict-with-guava/listenablefuture-9999.0-empty-to-avoid-conflict-with-guava.pom]
Resource missing. [HTTP GET: https://dl.google.com/dl/android/maven2/com/google/guava/failureaccess/1.0.1/failureaccess-1.0.1.pom]
Found locally available resource with matching checksum: [https://repo.maven.apache.org/maven2/com/google/guava/listenablefuture/9999.0-empty-to-avoid-conflict-with-guava/listenablefuture-9999.0-empty-to-avoid-conflict-with-guava.pom, /home/runner/.gradle/caches/modules-2/files-2.1/com.google.guava/listenablefuture/9999.0-empty-to-avoid-conflict-with-guava/1b77ba79f9b2b7dfd4e15ea7bb0d568d5eb9cb8d/listenablefuture-9999.0-empty-to-avoid-conflict-with-guava.pom]
Downloading https://repo.maven.apache.org/maven2/com/google/guava/failureaccess/1.0.1/failureaccess-1.0.1.pom to /home/runner/.gradle/.tmp/gradle_download18098959448719758411bin
Resource missing. [HTTP HEAD: https://dl.google.com/dl/android/maven2/com/google/guava/guava-parent/26.0-android/guava-parent-26.0-android.pom]
Found locally available resource with matching checksum: [https://repo.maven.apache.org/maven2/com/google/guava/guava-parent/26.0-android/guava-parent-26.0-android.pom, /home/runner/.gradle/caches/modules-2/files-2.1/com.google.guava/guava-parent/26.0-android/a2c0df489614352b7e8e503e274bd1dee5c42a64/guava-parent-26.0-android.pom]
Resource missing. [HTTP HEAD: https://dl.google.com/dl/android/maven2/commons-codec/commons-codec/1.11/commons-codec-1.11.pom]
Found locally available resource with matching checksum: [https://repo.maven.apache.org/maven2/commons-codec/commons-codec/1.11/commons-codec-1.11.pom, /home/runner/.gradle/caches/modules-2/files-2.1/commons-codec/commons-codec/1.11/93ee1760aba62d6896d578bd7d247d0fa52f0e7/commons-codec-1.11.pom]
Resource missing. [HTTP HEAD: https://dl.google.com/dl/android/maven2/org/apache/commons/commons-parent/42/commons-parent-42.pom]
Found locally available resource with matching checksum: [https://repo.maven.apache.org/maven2/org/apache/commons/commons-parent/42/commons-parent-42.pom, /home/runner/.gradle/caches/modules-2/files-2.1/org.apache.commons/commons-parent/42/35d45eda74fe511d3d60b68e1dac29ed55043354/commons-parent-42.pom]
Resource missing. [HTTP HEAD: https://dl.google.com/dl/android/maven2/commons-logging/commons-logging/1.2/commons-logging-1.2.pom]
Found locally available resource with matching checksum: [https://repo.maven.apache.org/maven2/commons-logging/commons-logging/1.2/commons-logging-1.2.pom, /home/runner/.gradle/caches/modules-2/files-2.1/commons-logging/commons-logging/1.2/75c03ba4b01932842a996ef8d3fc1ab61ddeac2/commons-logging-1.2.pom]
Resource missing. [HTTP HEAD: https://dl.google.com/dl/android/maven2/org/apache/commons/commons-parent/34/commons-parent-34.pom]
Found locally available resource with matching checksum: [https://repo.maven.apache.org/maven2/org/apache/commons/commons-parent/34/commons-parent-34.pom, /home/runner/.gradle/caches/modules-2/files-2.1/org.apache.commons/commons-parent/34/1f6be162a806d8343e3cd238dd728558532473a5/commons-parent-34.pom]
Resource missing. [HTTP HEAD: https://dl.google.com/dl/android/maven2/org/apache/apache/13/apache-13.pom]
Found locally available resource with matching checksum: [https://repo.maven.apache.org/maven2/org/apache/apache/13/apache-13.pom, /home/runner/.gradle/caches/modules-2/files-2.1/org.apache/apache/13/15aff1faaec4963617f07dbe8e603f0adabc3a12/apache-13.pom]
Resource missing. [HTTP HEAD: https://dl.google.com/dl/android/maven2/net/java/dev/jna/jna/5.6.0/jna-5.6.0.pom]
Found locally available resource with matching checksum: [https://repo.maven.apache.org/maven2/net/java/dev/jna/jna/5.6.0/jna-5.6.0.pom, /home/runner/.gradle/caches/modules-2/files-2.1/net.java.dev.jna/jna/5.6.0/e542808a6326ec0302c0b09011cb4363e1ece380/jna-5.6.0.pom]
Resource missing. [HTTP GET: https://dl.google.com/dl/android/maven2/io/netty/netty-common/4.1.93.Final/netty-common-4.1.93.Final.pom]
Resource missing. [HTTP GET: https://dl.google.com/dl/android/maven2/io/netty/netty-buffer/4.1.93.Final/netty-buffer-4.1.93.Final.pom]
Resource missing. [HTTP GET: https://dl.google.com/dl/android/maven2/io/netty/netty-transport/4.1.93.Final/netty-transport-4.1.93.Final.pom]
Resource missing. [HTTP GET: https://dl.google.com/dl/android/maven2/io/netty/netty-codec/4.1.93.Final/netty-codec-4.1.93.Final.pom]
Downloading https://repo.maven.apache.org/maven2/io/netty/netty-common/4.1.93.Final/netty-common-4.1.93.Final.pom to /home/runner/.gradle/.tmp/gradle_download9262306502992732578bin
Downloading https://repo.maven.apache.org/maven2/io/netty/netty-buffer/4.1.93.Final/netty-buffer-4.1.93.Final.pom to /home/runner/.gradle/.tmp/gradle_download6478255618540675949bin
Downloading https://repo.maven.apache.org/maven2/io/netty/netty-transport/4.1.93.Final/netty-transport-4.1.93.Final.pom to /home/runner/.gradle/.tmp/gradle_download16773281340521102428bin
Downloading https://repo.maven.apache.org/maven2/io/netty/netty-codec/4.1.93.Final/netty-codec-4.1.93.Final.pom to /home/runner/.gradle/.tmp/gradle_download15467848660799113914bin
Resource missing. [HTTP GET: https://dl.google.com/dl/android/maven2/io/netty/netty-handler/4.1.93.Final/netty-handler-4.1.93.Final.pom]
Resource missing. [HTTP GET: https://dl.google.com/dl/android/maven2/io/netty/netty-codec-http/4.1.93.Final/netty-codec-http-4.1.93.Final.pom]
Downloading https://repo.maven.apache.org/maven2/io/netty/netty-handler/4.1.93.Final/netty-handler-4.1.93.Final.pom to /home/runner/.gradle/.tmp/gradle_download10546181134223877804bin
Downloading https://repo.maven.apache.org/maven2/io/netty/netty-codec-http/4.1.93.Final/netty-codec-http-4.1.93.Final.pom to /home/runner/.gradle/.tmp/gradle_download17656940966400251503bin
Resource missing. [HTTP GET: https://dl.google.com/dl/android/maven2/io/netty/netty-codec-socks/4.1.93.Final/netty-codec-socks-4.1.93.Final.pom]
Downloading https://repo.maven.apache.org/maven2/io/netty/netty-codec-socks/4.1.93.Final/netty-codec-socks-4.1.93.Final.pom to /home/runner/.gradle/.tmp/gradle_download18111918181995038643bin
Resource missing. [HTTP GET: https://dl.google.com/dl/android/maven2/io/netty/netty-resolver/4.1.93.Final/netty-resolver-4.1.93.Final.pom]
Downloading https://repo.maven.apache.org/maven2/io/netty/netty-resolver/4.1.93.Final/netty-resolver-4.1.93.Final.pom to /home/runner/.gradle/.tmp/gradle_download6728843802892214486bin
Downloading https://dl.google.com/dl/android/maven2/com/android/tools/lint/lint-model/31.7.2/lint-model-31.7.2.jar to /home/runner/.gradle/.tmp/gradle_download13858424788802454759bin
Downloading https://dl.google.com/dl/android/maven2/com/android/tools/build/gradle/8.7.2/gradle-8.7.2.jar to /home/runner/.gradle/.tmp/gradle_download14790759462987910141bin
Downloading https://dl.google.com/dl/android/maven2/com/android/tools/build/gradle-settings-api/8.7.2/gradle-settings-api-8.7.2.jar to /home/runner/.gradle/.tmp/gradle_download2133436274117623834bin
Downloading https://dl.google.com/dl/android/maven2/com/android/tools/build/builder/8.7.2/builder-8.7.2.jar to /home/runner/.gradle/.tmp/gradle_download2750663651258176568bin
Downloading https://dl.google.com/dl/android/maven2/com/android/tools/build/manifest-merger/31.7.2/manifest-merger-31.7.2.jar to /home/runner/.gradle/.tmp/gradle_download17400919121150303810bin
Downloading https://dl.google.com/dl/android/maven2/com/android/tools/sdk-common/31.7.2/sdk-common-31.7.2.jar to /home/runner/.gradle/.tmp/gradle_download7330835607924202086bin
Downloading https://dl.google.com/dl/android/maven2/com/android/tools/sdklib/31.7.2/sdklib-31.7.2.jar to /home/runner/.gradle/.tmp/gradle_download9038833853248629556bin
Downloading https://dl.google.com/dl/android/maven2/com/android/tools/repository/31.7.2/repository-31.7.2.jar to /home/runner/.gradle/.tmp/gradle_download14275766990588619200bin
Downloading https://dl.google.com/dl/android/maven2/com/android/tools/build/gradle-api/8.7.2/gradle-api-8.7.2.jar to /home/runner/.gradle/.tmp/gradle_download15817919097859790417bin
Downloading https://dl.google.com/dl/android/maven2/com/android/tools/build/builder-test-api/8.7.2/builder-test-api-8.7.2.jar to /home/runner/.gradle/.tmp/gradle_download16109842797851371152bin
Downloading https://dl.google.com/dl/android/maven2/com/android/tools/ddms/ddmlib/31.7.2/ddmlib-31.7.2.jar to /home/runner/.gradle/.tmp/gradle_download229409181766826470bin
Downloading https://dl.google.com/dl/android/maven2/com/android/tools/build/aaptcompiler/8.7.2/aaptcompiler-8.7.2.jar to /home/runner/.gradle/.tmp/gradle_download4824517309758096090bin
Downloading https://dl.google.com/dl/android/maven2/com/android/tools/build/bundletool/1.17.1/bundletool-1.17.1.jar to /home/runner/.gradle/.tmp/gradle_download13943418521065752435bin
Downloading https://dl.google.com/dl/android/maven2/com/android/tools/build/aapt2-proto/8.7.2-12006047/aapt2-proto-8.7.2-12006047.jar to /home/runner/.gradle/.tmp/gradle_download13765823801024256478bin
Downloading https://dl.google.com/dl/android/maven2/com/android/tools/analytics-library/crash/31.7.2/crash-31.7.2.jar to /home/runner/.gradle/.tmp/gradle_download9603047113577411144bin
Downloading https://dl.google.com/dl/android/maven2/com/android/tools/analytics-library/tracker/31.7.2/tracker-31.7.2.jar to /home/runner/.gradle/.tmp/gradle_download15012399874103629035bin
Downloading https://dl.google.com/dl/android/maven2/com/android/tools/lint/lint-typedef-remover/31.7.2/lint-typedef-remover-31.7.2.jar to /home/runner/.gradle/.tmp/gradle_download7745701019018938844bin
Downloading https://dl.google.com/dl/android/maven2/com/android/tools/analytics-library/shared/31.7.2/shared-31.7.2.jar to /home/runner/.gradle/.tmp/gradle_download2529273114767283475bin
Downloading https://dl.google.com/dl/android/maven2/androidx/databinding/databinding-compiler-common/8.7.2/databinding-compiler-common-8.7.2.jar to /home/runner/.gradle/.tmp/gradle_download15061941153138950692bin
Downloading https://dl.google.com/dl/android/maven2/androidx/databinding/databinding-common/8.7.2/databinding-common-8.7.2.jar to /home/runner/.gradle/.tmp/gradle_download13956045357049851294bin
Downloading https://dl.google.com/dl/android/maven2/com/android/databinding/baseLibrary/8.7.2/baseLibrary-8.7.2.jar to /home/runner/.gradle/.tmp/gradle_download5411305679381902651bin
Downloading https://dl.google.com/dl/android/maven2/com/android/tools/layoutlib/layoutlib-api/31.7.2/layoutlib-api-31.7.2.jar to /home/runner/.gradle/.tmp/gradle_download12869969974253217598bin
Downloading https://dl.google.com/dl/android/maven2/com/android/tools/utp/android-device-provider-ddmlib-proto/31.7.2/android-device-provider-ddmlib-proto-31.7.2.jar to /home/runner/.gradle/.tmp/gradle_download9826401465088373151bin
Downloading https://dl.google.com/dl/android/maven2/com/android/tools/utp/android-device-provider-gradle-proto/31.7.2/android-device-provider-gradle-proto-31.7.2.jar to /home/runner/.gradle/.tmp/gradle_download5353146501235654381bin
Downloading https://dl.google.com/dl/android/maven2/com/android/tools/utp/android-device-provider-profile-proto/31.7.2/android-device-provider-profile-proto-31.7.2.jar to /home/runner/.gradle/.tmp/gradle_download12206088223876499243bin
Downloading https://dl.google.com/dl/android/maven2/com/android/tools/utp/android-test-plugin-host-additional-test-output-proto/31.7.2/android-test-plugin-host-additional-test-output-proto-31.7.2.jar to /home/runner/.gradle/.tmp/gradle_download6189968334842550186bin
Downloading https://dl.google.com/dl/android/maven2/com/android/tools/utp/android-test-plugin-host-coverage-proto/31.7.2/android-test-plugin-host-coverage-proto-31.7.2.jar to /home/runner/.gradle/.tmp/gradle_download7526856664567161490bin
Downloading https://dl.google.com/dl/android/maven2/com/android/tools/utp/android-test-plugin-host-emulator-control-proto/31.7.2/android-test-plugin-host-emulator-control-proto-31.7.2.jar to /home/runner/.gradle/.tmp/gradle_download1420376672787224910bin
Downloading https://dl.google.com/dl/android/maven2/com/android/tools/utp/android-test-plugin-host-logcat-proto/31.7.2/android-test-plugin-host-logcat-proto-31.7.2.jar to /home/runner/.gradle/.tmp/gradle_download18076204992531070493bin
Downloading https://dl.google.com/dl/android/maven2/com/android/tools/utp/android-test-plugin-host-apk-installer-proto/31.7.2/android-test-plugin-host-apk-installer-proto-31.7.2.jar to /home/runner/.gradle/.tmp/gradle_download1668529303479176097bin
Downloading https://dl.google.com/dl/android/maven2/com/android/tools/utp/android-test-plugin-host-retention-proto/31.7.2/android-test-plugin-host-retention-proto-31.7.2.jar to /home/runner/.gradle/.tmp/gradle_download2743046267718356248bin
Downloading https://dl.google.com/dl/android/maven2/com/android/tools/utp/android-test-plugin-result-listener-gradle-proto/31.7.2/android-test-plugin-result-listener-gradle-proto-31.7.2.jar to /home/runner/.gradle/.tmp/gradle_download16537151773506876579bin
Downloading https://dl.google.com/dl/android/maven2/com/android/tools/dvlib/31.7.2/dvlib-31.7.2.jar to /home/runner/.gradle/.tmp/gradle_download6573067128889245485bin
Downloading https://dl.google.com/dl/android/maven2/com/android/tools/common/31.7.2/common-31.7.2.jar to /home/runner/.gradle/.tmp/gradle_download3820696211289245536bin
Downloading https://dl.google.com/dl/android/maven2/com/android/tools/build/builder-model/8.7.2/builder-model-8.7.2.jar to /home/runner/.gradle/.tmp/gradle_download17422024956725244796bin
Downloading https://repo.maven.apache.org/maven2/org/jetbrains/kotlin/kotlin-reflect/1.9.20/kotlin-reflect-1.9.20.jar to /home/runner/.gradle/.tmp/gradle_download16237229837882876215bin
Downloading https://repo.maven.apache.org/maven2/org/jetbrains/kotlin/kotlin-stdlib-jdk7/1.9.20/kotlin-stdlib-jdk7-1.9.20.jar to /home/runner/.gradle/.tmp/gradle_download12481733305338317622bin
Downloading https://repo.maven.apache.org/maven2/org/jetbrains/kotlin/kotlin-stdlib/1.9.20/kotlin-stdlib-1.9.20.jar to /home/runner/.gradle/.tmp/gradle_download2702475809973875754bin
Found locally available resource with matching checksum: [https://dl.google.com/dl/android/maven2/com/android/tools/build/jetifier/jetifier-processor/1.0.0-beta10/jetifier-processor-1.0.0-beta10.jar, /home/runner/.gradle/caches/modules-2/files-2.1/com.android.tools.build.jetifier/jetifier-processor/1.0.0-beta10/946c39eb0c052ff4f60a8939648a8b99af20d604/jetifier-processor-1.0.0-beta10.jar]
Downloading https://repo.maven.apache.org/maven2/org/jetbrains/kotlin/kotlin-stdlib-jdk8/1.9.20/kotlin-stdlib-jdk8-1.9.20.jar to /home/runner/.gradle/.tmp/gradle_download14443182039288802867bin
Found locally available resource with matching checksum: [https://repo.maven.apache.org/maven2/org/apache/httpcomponents/httpmime/4.5.6/httpmime-4.5.6.jar, /home/runner/.gradle/caches/modules-2/files-2.1/org.apache.httpcomponents/httpmime/4.5.6/164343da11db817e81e24e0d9869527e069850c9/httpmime-4.5.6.jar]
Downloading https://repo.maven.apache.org/maven2/commons-io/commons-io/2.13.0/commons-io-2.13.0.jar to /home/runner/.gradle/.tmp/gradle_download14377610469083935074bin
Downloading https://repo.maven.apache.org/maven2/org/ow2/asm/asm-commons/9.6/asm-commons-9.6.jar to /home/runner/.gradle/.tmp/gradle_download6791666771459992716bin
Downloading https://repo.maven.apache.org/maven2/org/ow2/asm/asm-util/9.6/asm-util-9.6.jar to /home/runner/.gradle/.tmp/gradle_download15631056648406103128bin
Downloading https://repo.maven.apache.org/maven2/org/ow2/asm/asm-analysis/9.6/asm-analysis-9.6.jar to /home/runner/.gradle/.tmp/gradle_download15969632065373919741bin
Found locally available resource with matching checksum: [https://dl.google.com/dl/android/maven2/com/android/tools/build/jetifier/jetifier-core/1.0.0-beta10/jetifier-core-1.0.0-beta10.jar, /home/runner/.gradle/caches/modules-2/files-2.1/com.android.tools.build.jetifier/jetifier-core/1.0.0-beta10/6e621022a9c95af12a7004d6b55805bbd1126837/jetifier-core-1.0.0-beta10.jar]
Downloading https://repo.maven.apache.org/maven2/org/ow2/asm/asm-tree/9.6/asm-tree-9.6.jar to /home/runner/.gradle/.tmp/gradle_download13772830943654317143bin
Downloading https://repo.maven.apache.org/maven2/org/ow2/asm/asm/9.6/asm-9.6.jar to /home/runner/.gradle/.tmp/gradle_download11816368293139258531bin
Downloading https://repo.maven.apache.org/maven2/org/bouncycastle/bcpkix-jdk18on/1.77/bcpkix-jdk18on-1.77.jar to /home/runner/.gradle/.tmp/gradle_download9804751335056069624bin
Found locally available resource with matching checksum: [https://repo.maven.apache.org/maven2/org/glassfish/jaxb/jaxb-runtime/2.3.2/jaxb-runtime-2.3.2.jar, /home/runner/.gradle/caches/modules-2/files-2.1/org.glassfish.jaxb/jaxb-runtime/2.3.2/5528bc882ea499a09d720b42af11785c4fc6be2a/jaxb-runtime-2.3.2.jar]
Found locally available resource with matching checksum: [https://repo.maven.apache.org/maven2/net/sf/jopt-simple/jopt-simple/4.9/jopt-simple-4.9.jar, /home/runner/.gradle/caches/modules-2/files-2.1/net.sf.jopt-simple/jopt-simple/4.9/ee9e9eaa0a35360dcfeac129ff4923215fd65904/jopt-simple-4.9.jar]
Found locally available resource with matching checksum: [https://dl.google.com/dl/android/maven2/com/android/tools/build/transform-api/2.0.0-deprecated-use-gradle-api/transform-api-2.0.0-deprecated-use-gradle-api.jar, /home/runner/.gradle/caches/modules-2/files-2.1/com.android.tools.build/transform-api/2.0.0-deprecated-use-gradle-api/47f6c56527c42425742fa9b56ffd3fd80763fe03/transform-api-2.0.0-deprecated-use-gradle-api.jar]
Found locally available resource with matching checksum: [https://repo.maven.apache.org/maven2/com/squareup/javapoet/1.10.0/javapoet-1.10.0.jar, /home/runner/.gradle/caches/modules-2/files-2.1/com.squareup/javapoet/1.10.0/712c178d35185d8261295913c9f2a7d6867a6007/javapoet-1.10.0.jar]
Downloading https://dl.google.com/dl/android/maven2/com/android/tools/build/apkzlib/8.7.2/apkzlib-8.7.2.jar to /home/runner/.gradle/.tmp/gradle_download11981778935795343773bin
Downloading https://repo.maven.apache.org/maven2/io/grpc/grpc-protobuf/1.57.0/grpc-protobuf-1.57.0.jar to /home/runner/.gradle/.tmp/gradle_download3043370307213797362bin
Found locally available resource with matching checksum: [https://repo.maven.apache.org/maven2/com/google/crypto/tink/tink/1.7.0/tink-1.7.0.jar, /home/runner/.gradle/caches/modules-2/files-2.1/com.google.crypto.tink/tink/1.7.0/668b57f109d32349b2870448f06ae6f202713edc/tink-1.7.0.jar]
Downloading https://repo.maven.apache.org/maven2/com/google/api/grpc/proto-google-common-protos/2.17.0/proto-google-common-protos-2.17.0.jar to /home/runner/.gradle/.tmp/gradle_download666919336155864426bin
Downloading https://repo.maven.apache.org/maven2/com/google/protobuf/protobuf-java/3.22.3/protobuf-java-3.22.3.jar to /home/runner/.gradle/.tmp/gradle_download7381834664404270862bin
Downloading https://repo.maven.apache.org/maven2/com/google/protobuf/protobuf-java-util/3.22.3/protobuf-java-util-3.22.3.jar to /home/runner/.gradle/.tmp/gradle_download4560144826267921339bin
Downloading https://repo.maven.apache.org/maven2/io/grpc/grpc-netty/1.57.0/grpc-netty-1.57.0.jar to /home/runner/.gradle/.tmp/gradle_download13299278445315085036bin
Downloading https://repo.maven.apache.org/maven2/com/google/code/gson/gson/2.10.1/gson-2.10.1.jar to /home/runner/.gradle/.tmp/gradle_download6254125704208528759bin
Downloading https://dl.google.com/dl/android/maven2/com/android/tools/analytics-library/protos/31.7.2/protos-31.7.2.jar to /home/runner/.gradle/.tmp/gradle_download6288174810544290611bin
Downloading https://repo.maven.apache.org/maven2/io/grpc/grpc-core/1.57.0/grpc-core-1.57.0.jar to /home/runner/.gradle/.tmp/gradle_download12764330370527040381bin
Downloading https://repo.maven.apache.org/maven2/io/grpc/grpc-stub/1.57.0/grpc-stub-1.57.0.jar to /home/runner/.gradle/.tmp/gradle_download17905061245183549397bin
Downloading https://repo.maven.apache.org/maven2/org/tensorflow/tensorflow-lite-metadata/0.1.0-rc2/tensorflow-lite-metadata-0.1.0-rc2.jar to /home/runner/.gradle/.tmp/gradle_download6371742147811871333bin
Found locally available resource with matching checksum: [https://repo.maven.apache.org/maven2/com/google/flatbuffers/flatbuffers-java/1.12.0/flatbuffers-java-1.12.0.jar, /home/runner/.gradle/caches/modules-2/files-2.1/com.google.flatbuffers/flatbuffers-java/1.12.0/8201cc7b511177a37071249e891f2f2fea4b32e9/flatbuffers-java-1.12.0.jar]
Found locally available resource with matching checksum: [https://repo.maven.apache.org/maven2/com/google/jimfs/jimfs/1.1/jimfs-1.1.jar, /home/runner/.gradle/caches/modules-2/files-2.1/com.google.jimfs/jimfs/1.1/8fbd0579dc68aba6186935cc1bee21d2f3e7ec1c/jimfs-1.1.jar]
Downloading https://repo.maven.apache.org/maven2/io/grpc/grpc-context/1.57.0/grpc-context-1.57.0.jar to /home/runner/.gradle/.tmp/gradle_download2527585566789476178bin
Downloading https://repo.maven.apache.org/maven2/io/grpc/grpc-protobuf-lite/1.57.0/grpc-protobuf-lite-1.57.0.jar to /home/runner/.gradle/.tmp/gradle_download2809574541489350426bin
Downloading https://dl.google.com/dl/android/maven2/com/google/testing/platform/core-proto/0.0.9-alpha02/core-proto-0.0.9-alpha02.jar to /home/runner/.gradle/.tmp/gradle_download3369069359186305500bin
Downloading https://repo.maven.apache.org/maven2/io/grpc/grpc-api/1.57.0/grpc-api-1.57.0.jar to /home/runner/.gradle/.tmp/gradle_download6134544256513606863bin
Downloading https://repo.maven.apache.org/maven2/com/google/guava/guava/32.0.1-jre/guava-32.0.1-jre.jar to /home/runner/.gradle/.tmp/gradle_download6333323115313981405bin
Found locally available resource with matching checksum: [https://repo.maven.apache.org/maven2/com/google/dagger/dagger/2.28.3/dagger-2.28.3.jar, /home/runner/.gradle/caches/modules-2/files-2.1/com.google.dagger/dagger/2.28.3/10d83810ef9e19714116ed518896c90c6606d633/dagger-2.28.3.jar]
Found locally available resource with matching checksum: [https://repo.maven.apache.org/maven2/net/sf/kxml/kxml2/2.3.0/kxml2-2.3.0.jar, /home/runner/.gradle/caches/modules-2/files-2.1/net.sf.kxml/kxml2/2.3.0/ccbc77a5fd907ef863c29f3596c6f54ffa4e9442/kxml2-2.3.0.jar]
Found locally available resource with matching checksum: [https://repo.maven.apache.org/maven2/javax/inject/javax.inject/1/javax.inject-1.jar, /home/runner/.gradle/caches/modules-2/files-2.1/javax.inject/javax.inject/1/6975da39a7040257bd51d21a231b76c915872d38/javax.inject-1.jar]
Downloading https://repo.maven.apache.org/maven2/org/bouncycastle/bcprov-jdk18on/1.77/bcprov-jdk18on-1.77.jar to /home/runner/.gradle/.tmp/gradle_download10642694695019566410bin
Downloading https://repo.maven.apache.org/maven2/org/bouncycastle/bcutil-jdk18on/1.77/bcutil-jdk18on-1.77.jar to /home/runner/.gradle/.tmp/gradle_download13573380775325097850bin
Downloading https://repo.maven.apache.org/maven2/org/jetbrains/intellij/deps/trove4j/1.0.20200330/trove4j-1.0.20200330.jar to /home/runner/.gradle/.tmp/gradle_download10649024438969848439bin
Found locally available resource with matching checksum: [https://repo.maven.apache.org/maven2/org/apache/commons/commons-compress/1.21/commons-compress-1.21.jar, /home/runner/.gradle/caches/modules-2/files-2.1/org.apache.commons/commons-compress/1.21/4ec95b60d4e86b5c95a0e919cb172a0af98011ef/commons-compress-1.21.jar]
Found locally available resource with matching checksum: [https://repo.maven.apache.org/maven2/org/apache/httpcomponents/httpclient/4.5.14/httpclient-4.5.14.jar, /home/runner/.gradle/caches/modules-2/files-2.1/org.apache.httpcomponents/httpclient/4.5.14/1194890e6f56ec29177673f2f12d0b8e627dec98/httpclient-4.5.14.jar]
Found locally available resource with matching checksum: [https://repo.maven.apache.org/maven2/org/apache/httpcomponents/httpcore/4.4.16/httpcore-4.4.16.jar, /home/runner/.gradle/caches/modules-2/files-2.1/org.apache.httpcomponents/httpcore/4.4.16/51cf043c87253c9f58b539c9f7e44c8894223850/httpcore-4.4.16.jar]
Found locally available resource with matching checksum: [https://repo.maven.apache.org/maven2/org/jetbrains/annotations/23.0.0/annotations-23.0.0.jar, /home/runner/.gradle/caches/modules-2/files-2.1/org.jetbrains/annotations/23.0.0/8cc20c07506ec18e0834947b84a864bfc094484e/annotations-23.0.0.jar]
Found locally available resource with matching checksum: [https://repo.maven.apache.org/maven2/com/sun/activation/javax.activation/1.2.0/javax.activation-1.2.0.jar, /home/runner/.gradle/caches/modules-2/files-2.1/com.sun.activation/javax.activation/1.2.0/bf744c1e2776ed1de3c55c8dac1057ec331ef744/javax.activation-1.2.0.jar]
Downloading https://dl.google.com/dl/android/maven2/com/android/zipflinger/8.7.2/zipflinger-8.7.2.jar to /home/runner/.gradle/.tmp/gradle_download8875561500149300856bin
Downloading https://dl.google.com/dl/android/maven2/com/android/tools/annotations/31.7.2/annotations-31.7.2.jar to /home/runner/.gradle/.tmp/gradle_download6278223567694941352bin
Downloading https://dl.google.com/dl/android/maven2/com/android/signflinger/8.7.2/signflinger-8.7.2.jar to /home/runner/.gradle/.tmp/gradle_download443550123258217889bin
Found locally available resource with matching checksum: [https://repo.maven.apache.org/maven2/net/java/dev/jna/jna-platform/5.6.0/jna-platform-5.6.0.jar, /home/runner/.gradle/caches/modules-2/files-2.1/net.java.dev.jna/jna-platform/5.6.0/d18424ffb8bbfd036d71bcaab9b546858f2ef986/jna-platform-5.6.0.jar]
Found locally available resource with matching checksum: [https://repo.maven.apache.org/maven2/com/googlecode/juniversalchardet/juniversalchardet/1.0.3/juniversalchardet-1.0.3.jar, /home/runner/.gradle/caches/modules-2/files-2.1/com.googlecode.juniversalchardet/juniversalchardet/1.0.3/cd49678784c46aa8789c060538e0154013bb421b/juniversalchardet-1.0.3.jar]
Found locally available resource with matching checksum: [https://repo.maven.apache.org/maven2/javax/annotation/javax.annotation-api/1.3.2/javax.annotation-api-1.3.2.jar, /home/runner/.gradle/caches/modules-2/files-2.1/javax.annotation/javax.annotation-api/1.3.2/934c04d3cfef185a8008e7bf34331b79730a9d43/javax.annotation-api-1.3.2.jar]
Found locally available resource with matching checksum: [https://repo.maven.apache.org/maven2/org/jvnet/staxex/stax-ex/1.8.1/stax-ex-1.8.1.jar, /home/runner/.gradle/caches/modules-2/files-2.1/org.jvnet.staxex/stax-ex/1.8.1/78011e483a21102fb4858f3e8f269a677e50aa23/stax-ex-1.8.1.jar]
Found locally available resource with matching checksum: [https://repo.maven.apache.org/maven2/org/glassfish/jaxb/txw2/2.3.2/txw2-2.3.2.jar, /home/runner/.gradle/caches/modules-2/files-2.1/org.glassfish.jaxb/txw2/2.3.2/ce5be7da2e442c25ec14c766cb60cb802741727b/txw2-2.3.2.jar]
Found locally available resource with matching checksum: [https://repo.maven.apache.org/maven2/jakarta/xml/bind/jakarta.xml.bind-api/2.3.2/jakarta.xml.bind-api-2.3.2.jar, /home/runner/.gradle/caches/modules-2/files-2.1/jakarta.xml.bind/jakarta.xml.bind-api/2.3.2/8d49996a4338670764d7ca4b85a1c4ccf7fe665d/jakarta.xml.bind-api-2.3.2.jar]
Found locally available resource with matching checksum: [https://repo.maven.apache.org/maven2/com/sun/istack/istack-commons-runtime/3.0.8/istack-commons-runtime-3.0.8.jar, /home/runner/.gradle/caches/modules-2/files-2.1/com.sun.istack/istack-commons-runtime/3.0.8/d6a97364045aa6b99bf2d3c566a3f98599c2d296/istack-commons-runtime-3.0.8.jar]
Found locally available resource with matching checksum: [https://repo.maven.apache.org/maven2/com/sun/xml/fastinfoset/FastInfoset/1.2.16/FastInfoset-1.2.16.jar, /home/runner/.gradle/caches/modules-2/files-2.1/com.sun.xml.fastinfoset/FastInfoset/1.2.16/4eb6a0adad553bf759ffe86927df6f3b848c8bea/FastInfoset-1.2.16.jar]
Found locally available resource with matching checksum: [https://repo.maven.apache.org/maven2/com/google/auto/value/auto-value-annotations/1.6.2/auto-value-annotations-1.6.2.jar, /home/runner/.gradle/caches/modules-2/files-2.1/com.google.auto.value/auto-value-annotations/1.6.2/ed193d86e0af90cc2342aedbe73c5d86b03fa09b/auto-value-annotations-1.6.2.jar]
Found locally available resource with matching checksum: [https://repo.maven.apache.org/maven2/jakarta/activation/jakarta.activation-api/1.2.1/jakarta.activation-api-1.2.1.jar, /home/runner/.gradle/caches/modules-2/files-2.1/jakarta.activation/jakarta.activation-api/1.2.1/562a587face36ec7eff2db7f2fc95425c6602bc1/jakarta.activation-api-1.2.1.jar]
Downloading https://repo.maven.apache.org/maven2/com/google/errorprone/error_prone_annotations/2.18.0/error_prone_annotations-2.18.0.jar to /home/runner/.gradle/.tmp/gradle_download15736696105376288028bin
Found locally available resource with matching checksum: [https://repo.maven.apache.org/maven2/org/slf4j/slf4j-api/1.7.30/slf4j-api-1.7.30.jar, /home/runner/.gradle/caches/modules-2/files-2.1/org.slf4j/slf4j-api/1.7.30/b5a4b6d16ab13e34a88fae84c35cd5d68cac922c/slf4j-api-1.7.30.jar]
Found locally available resource with matching checksum: [https://repo.maven.apache.org/maven2/org/bitbucket/b_c/jose4j/0.9.5/jose4j-0.9.5.jar, /home/runner/.gradle/caches/modules-2/files-2.1/org.bitbucket.b_c/jose4j/0.9.5/e4ca26802488e6f16e24558d74ac8775a955fdd3/jose4j-0.9.5.jar]
Found locally available resource with matching checksum: [https://repo.maven.apache.org/maven2/org/jdom/jdom2/2.0.6/jdom2-2.0.6.jar, /home/runner/.gradle/caches/modules-2/files-2.1/org.jdom/jdom2/2.0.6/6f14738ec2e9dd0011e343717fa624a10f8aab64/jdom2-2.0.6.jar]
Found locally available resource with matching checksum: [https://repo.maven.apache.org/maven2/com/google/code/findbugs/jsr305/3.0.2/jsr305-3.0.2.jar, /home/runner/.gradle/caches/modules-2/files-2.1/com.google.code.findbugs/jsr305/3.0.2/25ea2e8b0c338a877313bd4672d3fe056ea78f0d/jsr305-3.0.2.jar]
Downloading https://repo.maven.apache.org/maven2/com/google/j2objc/j2objc-annotations/2.8/j2objc-annotations-2.8.jar to /home/runner/.gradle/.tmp/gradle_download6972894904863165052bin
Found locally available resource with matching checksum: [https://repo.maven.apache.org/maven2/com/google/android/annotations/4.1.1.4/annotations-4.1.1.4.jar, /home/runner/.gradle/caches/modules-2/files-2.1/com.google.android/annotations/4.1.1.4/a1678ba907bf92691d879fef34e1a187038f9259/annotations-4.1.1.4.jar]
Downloading https://repo.maven.apache.org/maven2/org/codehaus/mojo/animal-sniffer-annotations/1.23/animal-sniffer-annotations-1.23.jar to /home/runner/.gradle/.tmp/gradle_download14517994774183436947bin
Downloading https://repo.maven.apache.org/maven2/io/perfmark/perfmark-api/0.26.0/perfmark-api-0.26.0.jar to /home/runner/.gradle/.tmp/gradle_download6059565493469903852bin
Downloading https://repo.maven.apache.org/maven2/io/netty/netty-codec-http2/4.1.93.Final/netty-codec-http2-4.1.93.Final.jar to /home/runner/.gradle/.tmp/gradle_download17004163155842501635bin
Downloading https://repo.maven.apache.org/maven2/io/netty/netty-handler-proxy/4.1.93.Final/netty-handler-proxy-4.1.93.Final.jar to /home/runner/.gradle/.tmp/gradle_download3422829085646515274bin
Downloading https://repo.maven.apache.org/maven2/io/netty/netty-codec-http/4.1.93.Final/netty-codec-http-4.1.93.Final.jar to /home/runner/.gradle/.tmp/gradle_download14163321157948139553bin
Downloading https://repo.maven.apache.org/maven2/io/netty/netty-handler/4.1.93.Final/netty-handler-4.1.93.Final.jar to /home/runner/.gradle/.tmp/gradle_download14877819880656722550bin
Downloading https://repo.maven.apache.org/maven2/io/netty/netty-transport-native-unix-common/4.1.93.Final/netty-transport-native-unix-common-4.1.93.Final.jar to /home/runner/.gradle/.tmp/gradle_download12875562916833773395bin
Found locally available resource with matching checksum: [https://repo.maven.apache.org/maven2/commons-codec/commons-codec/1.11/commons-codec-1.11.jar, /home/runner/.gradle/caches/modules-2/files-2.1/commons-codec/commons-codec/1.11/3acb4705652e16236558f0f4f2192cc33c3bd189/commons-codec-1.11.jar]
Downloading https://repo.maven.apache.org/maven2/org/checkerframework/checker-qual/3.33.0/checker-qual-3.33.0.jar to /home/runner/.gradle/.tmp/gradle_download14010828347130148995bin
Found locally available resource with matching checksum: [https://repo.maven.apache.org/maven2/com/squareup/javawriter/2.5.0/javawriter-2.5.0.jar, /home/runner/.gradle/caches/modules-2/files-2.1/com.squareup/javawriter/2.5.0/81241ff7078ef14f42ea2a8995fa09c096256e6b/javawriter-2.5.0.jar]
Downloading https://repo.maven.apache.org/maven2/com/google/guava/failureaccess/1.0.1/failureaccess-1.0.1.jar to /home/runner/.gradle/.tmp/gradle_download14638341464793326258bin
Found locally available resource with matching checksum: [https://repo.maven.apache.org/maven2/com/google/guava/listenablefuture/9999.0-empty-to-avoid-conflict-with-guava/listenablefuture-9999.0-empty-to-avoid-conflict-with-guava.jar, /home/runner/.gradle/caches/modules-2/files-2.1/com.google.guava/listenablefuture/9999.0-empty-to-avoid-conflict-with-guava/b421526c5f297295adef1c886e5246c39d4ac629/listenablefuture-9999.0-empty-to-avoid-conflict-with-guava.jar]
Found locally available resource with matching checksum: [https://repo.maven.apache.org/maven2/commons-logging/commons-logging/1.2/commons-logging-1.2.jar, /home/runner/.gradle/caches/modules-2/files-2.1/commons-logging/commons-logging/1.2/4bfc12adfe4842bf07b657f0369c4cb522955686/commons-logging-1.2.jar]
Downloading https://dl.google.com/dl/android/maven2/com/android/tools/build/apksig/8.7.2/apksig-8.7.2.jar to /home/runner/.gradle/.tmp/gradle_download4441814937595541275bin
Downloading https://repo.maven.apache.org/maven2/io/netty/netty-codec-socks/4.1.93.Final/netty-codec-socks-4.1.93.Final.jar to /home/runner/.gradle/.tmp/gradle_download3112367995021094966bin
Found locally available resource with matching checksum: [https://repo.maven.apache.org/maven2/net/java/dev/jna/jna/5.6.0/jna-5.6.0.jar, /home/runner/.gradle/caches/modules-2/files-2.1/net.java.dev.jna/jna/5.6.0/330f2244e9030119ab3030fc3fededc86713d9cc/jna-5.6.0.jar]
Downloading https://repo.maven.apache.org/maven2/io/netty/netty-codec/4.1.93.Final/netty-codec-4.1.93.Final.jar to /home/runner/.gradle/.tmp/gradle_download15699576849714509363bin
Downloading https://repo.maven.apache.org/maven2/io/netty/netty-transport/4.1.93.Final/netty-transport-4.1.93.Final.jar to /home/runner/.gradle/.tmp/gradle_download1957013914795275123bin
Downloading https://repo.maven.apache.org/maven2/io/netty/netty-buffer/4.1.93.Final/netty-buffer-4.1.93.Final.jar to /home/runner/.gradle/.tmp/gradle_download2161187476436524708bin
Downloading https://repo.maven.apache.org/maven2/io/netty/netty-resolver/4.1.93.Final/netty-resolver-4.1.93.Final.jar to /home/runner/.gradle/.tmp/gradle_download3984673711921163631bin
Downloading https://repo.maven.apache.org/maven2/io/netty/netty-common/4.1.93.Final/netty-common-4.1.93.Final.jar to /home/runner/.gradle/.tmp/gradle_download9106449852867530942bin
Transforming gradle-8.7.2.jar (com.android.tools.build:gradle:8.7.2) with InstrumentationAnalysisTransform
Transforming gradle-settings-api-8.7.2.jar (com.android.tools.build:gradle-settings-api:8.7.2) with InstrumentationAnalysisTransform
Transforming lint-model-31.7.2.jar (com.android.tools.lint:lint-model:31.7.2) with InstrumentationAnalysisTransform
Transforming builder-8.7.2.jar (com.android.tools.build:builder:8.7.2) with InstrumentationAnalysisTransform
Caching disabled for InstrumentationAnalysisTransform: /home/runner/.gradle/caches/modules-2/files-2.1/com.android.tools.build/gradle-settings-api/8.7.2/475ab3f73b86fbd4e057f3c472812d7c06353278/gradle-settings-api-8.7.2.jar because:
  Build cache is disabled
  Caching not enabled.
Caching disabled for InstrumentationAnalysisTransform: /home/runner/.gradle/caches/modules-2/files-2.1/com.android.tools.lint/lint-model/31.7.2/97083bcf1d06633487523abd3e340ea216e988d2/lint-model-31.7.2.jar because:
  Build cache is disabled
  Caching not enabled.
Caching disabled for InstrumentationAnalysisTransform: /home/runner/.gradle/caches/modules-2/files-2.1/com.android.tools.build/gradle/8.7.2/401eda5842a1dae1e662fb9dee1a2ae725bcc428/gradle-8.7.2.jar because:
  Build cache is disabled
  Caching not enabled.
Transforming manifest-merger-31.7.2.jar (com.android.tools.build:manifest-merger:31.7.2) with InstrumentationAnalysisTransform
Transforming sdk-common-31.7.2.jar (com.android.tools:sdk-common:31.7.2) with InstrumentationAnalysisTransform
Transforming sdklib-31.7.2.jar (com.android.tools:sdklib:31.7.2) with InstrumentationAnalysisTransform
Transforming repository-31.7.2.jar (com.android.tools:repository:31.7.2) with InstrumentationAnalysisTransform
Transforming gradle-api-8.7.2.jar (com.android.tools.build:gradle-api:8.7.2) with InstrumentationAnalysisTransform
Transforming builder-test-api-8.7.2.jar (com.android.tools.build:builder-test-api:8.7.2) with InstrumentationAnalysisTransform
Transforming ddmlib-31.7.2.jar (com.android.tools.ddms:ddmlib:31.7.2) with InstrumentationAnalysisTransform
Transforming aaptcompiler-8.7.2.jar (com.android.tools.build:aaptcompiler:8.7.2) with InstrumentationAnalysisTransform
Transforming bundletool-1.17.1.jar (com.android.tools.build:bundletool:1.17.1) with InstrumentationAnalysisTransform
Caching disabled for InstrumentationAnalysisTransform: /home/runner/.gradle/caches/modules-2/files-2.1/com.android.tools.build/builder/8.7.2/d7626a22f7ba2c6e28f4fe718c41f8af90c0a3f0/builder-8.7.2.jar because:
  Build cache is disabled
  Caching not enabled.
Caching disabled for InstrumentationAnalysisTransform: /home/runner/.gradle/caches/modules-2/files-2.1/com.android.tools.build/manifest-merger/31.7.2/d7e6758656b7384f3789be374116f58813a26fd3/manifest-merger-31.7.2.jar because:
  Build cache is disabled
  Caching not enabled.
Caching disabled for InstrumentationAnalysisTransform: /home/runner/.gradle/caches/modules-2/files-2.1/com.android.tools/sdk-common/31.7.2/d17c3d28724a5f3e90a5ae053714627b740ff80c/sdk-common-31.7.2.jar because:
  Build cache is disabled
  Caching not enabled.
Transforming aapt2-proto-8.7.2-12006047.jar (com.android.tools.build:aapt2-proto:8.7.2-12006047) with InstrumentationAnalysisTransform
Transforming crash-31.7.2.jar (com.android.tools.analytics-library:crash:31.7.2) with InstrumentationAnalysisTransform
Transforming tracker-31.7.2.jar (com.android.tools.analytics-library:tracker:31.7.2) with InstrumentationAnalysisTransform
Transforming shared-31.7.2.jar (com.android.tools.analytics-library:shared:31.7.2) with InstrumentationAnalysisTransform
Transforming lint-typedef-remover-31.7.2.jar (com.android.tools.lint:lint-typedef-remover:31.7.2) with InstrumentationAnalysisTransform
Transforming databinding-compiler-common-8.7.2.jar (androidx.databinding:databinding-compiler-common:8.7.2) with InstrumentationAnalysisTransform
Transforming databinding-common-8.7.2.jar (androidx.databinding:databinding-common:8.7.2) with InstrumentationAnalysisTransform
Transforming baseLibrary-8.7.2.jar (com.android.databinding:baseLibrary:8.7.2) with InstrumentationAnalysisTransform
Transforming layoutlib-api-31.7.2.jar (com.android.tools.layoutlib:layoutlib-api:31.7.2) with InstrumentationAnalysisTransform
Transforming android-device-provider-ddmlib-proto-31.7.2.jar (com.android.tools.utp:android-device-provider-ddmlib-proto:31.7.2) with InstrumentationAnalysisTransform
Transforming android-device-provider-gradle-proto-31.7.2.jar (com.android.tools.utp:android-device-provider-gradle-proto:31.7.2) with InstrumentationAnalysisTransform
Transforming android-device-provider-profile-proto-31.7.2.jar (com.android.tools.utp:android-device-provider-profile-proto:31.7.2) with InstrumentationAnalysisTransform
Transforming android-test-plugin-host-additional-test-output-proto-31.7.2.jar (com.android.tools.utp:android-test-plugin-host-additional-test-output-proto:31.7.2) with InstrumentationAnalysisTransform
Transforming android-test-plugin-host-coverage-proto-31.7.2.jar (com.android.tools.utp:android-test-plugin-host-coverage-proto:31.7.2) with InstrumentationAnalysisTransform
Transforming android-test-plugin-host-emulator-control-proto-31.7.2.jar (com.android.tools.utp:android-test-plugin-host-emulator-control-proto:31.7.2) with InstrumentationAnalysisTransform
Transforming android-test-plugin-host-logcat-proto-31.7.2.jar (com.android.tools.utp:android-test-plugin-host-logcat-proto:31.7.2) with InstrumentationAnalysisTransform
Transforming android-test-plugin-host-apk-installer-proto-31.7.2.jar (com.android.tools.utp:android-test-plugin-host-apk-installer-proto:31.7.2) with InstrumentationAnalysisTransform
Transforming android-test-plugin-host-retention-proto-31.7.2.jar (com.android.tools.utp:android-test-plugin-host-retention-proto:31.7.2) with InstrumentationAnalysisTransform
Transforming android-test-plugin-result-listener-gradle-proto-31.7.2.jar (com.android.tools.utp:android-test-plugin-result-listener-gradle-proto:31.7.2) with InstrumentationAnalysisTransform
Transforming builder-model-8.7.2.jar (com.android.tools.build:builder-model:8.7.2) with InstrumentationAnalysisTransform
Transforming dvlib-31.7.2.jar (com.android.tools:dvlib:31.7.2) with InstrumentationAnalysisTransform
Transforming common-31.7.2.jar (com.android.tools:common:31.7.2) with InstrumentationAnalysisTransform
Transforming jetifier-processor-1.0.0-beta10.jar (com.android.tools.build.jetifier:jetifier-processor:1.0.0-beta10) with InstrumentationAnalysisTransform
Transforming jetifier-core-1.0.0-beta10.jar (com.android.tools.build.jetifier:jetifier-core:1.0.0-beta10) with InstrumentationAnalysisTransform
Transforming kotlin-reflect-1.9.20.jar (org.jetbrains.kotlin:kotlin-reflect:1.9.20) with InstrumentationAnalysisTransform
Transforming kotlin-stdlib-jdk7-1.9.20.jar (org.jetbrains.kotlin:kotlin-stdlib-jdk7:1.9.20) with InstrumentationAnalysisTransform
Transforming kotlin-stdlib-1.9.20.jar (org.jetbrains.kotlin:kotlin-stdlib:1.9.20) with InstrumentationAnalysisTransform
Transforming kotlin-stdlib-jdk8-1.9.20.jar (org.jetbrains.kotlin:kotlin-stdlib-jdk8:1.9.20) with InstrumentationAnalysisTransform
Transforming transform-api-2.0.0-deprecated-use-gradle-api.jar (com.android.tools.build:transform-api:2.0.0-deprecated-use-gradle-api) with InstrumentationAnalysisTransform
Transforming httpmime-4.5.6.jar (org.apache.httpcomponents:httpmime:4.5.6) with InstrumentationAnalysisTransform
Transforming commons-io-2.13.0.jar (commons-io:commons-io:2.13.0) with InstrumentationAnalysisTransform
Transforming asm-commons-9.6.jar (org.ow2.asm:asm-commons:9.6) with InstrumentationAnalysisTransform
Transforming asm-util-9.6.jar (org.ow2.asm:asm-util:9.6) with InstrumentationAnalysisTransform
Transforming asm-analysis-9.6.jar (org.ow2.asm:asm-analysis:9.6) with InstrumentationAnalysisTransform
Transforming asm-tree-9.6.jar (org.ow2.asm:asm-tree:9.6) with InstrumentationAnalysisTransform
Transforming asm-9.6.jar (org.ow2.asm:asm:9.6) with InstrumentationAnalysisTransform
Transforming apkzlib-8.7.2.jar (com.android.tools.build:apkzlib:8.7.2) with InstrumentationAnalysisTransform
Transforming bcpkix-jdk18on-1.77.jar (org.bouncycastle:bcpkix-jdk18on:1.77) with InstrumentationAnalysisTransform
Transforming jaxb-runtime-2.3.2.jar (org.glassfish.jaxb:jaxb-runtime:2.3.2) with InstrumentationAnalysisTransform
Transforming jopt-simple-4.9.jar (net.sf.jopt-simple:jopt-simple:4.9) with InstrumentationAnalysisTransform
Transforming javapoet-1.10.0.jar (com.squareup:javapoet:1.10.0) with InstrumentationAnalysisTransform
Transforming protobuf-java-util-3.22.3.jar (com.google.protobuf:protobuf-java-util:3.22.3) with InstrumentationAnalysisTransform
Transforming grpc-protobuf-1.57.0.jar (io.grpc:grpc-protobuf:1.57.0) with InstrumentationAnalysisTransform
Transforming tink-1.7.0.jar (com.google.crypto.tink:tink:1.7.0) with InstrumentationAnalysisTransform
Caching disabled for InstrumentationAnalysisTransform: /home/runner/.gradle/caches/modules-2/files-2.1/com.android.tools/sdklib/31.7.2/adb7cac2ab282100e2b8b6d66b997a69ed06adf/sdklib-31.7.2.jar because:
  Build cache is disabled
  Caching not enabled.
Transforming protos-31.7.2.jar (com.android.tools.analytics-library:protos:31.7.2) with InstrumentationAnalysisTransform
Transforming proto-google-common-protos-2.17.0.jar (com.google.api.grpc:proto-google-common-protos:2.17.0) with InstrumentationAnalysisTransform
Transforming protobuf-java-3.22.3.jar (com.google.protobuf:protobuf-java:3.22.3) with InstrumentationAnalysisTransform
Transforming grpc-netty-1.57.0.jar (io.grpc:grpc-netty:1.57.0) with InstrumentationAnalysisTransform
Transforming grpc-core-1.57.0.jar (io.grpc:grpc-core:1.57.0) with InstrumentationAnalysisTransform
Transforming gson-2.10.1.jar (com.google.code.gson:gson:2.10.1) with InstrumentationAnalysisTransform
Transforming grpc-stub-1.57.0.jar (io.grpc:grpc-stub:1.57.0) with InstrumentationAnalysisTransform
Transforming core-proto-0.0.9-alpha02.jar (com.google.testing.platform:core-proto:0.0.9-alpha02) with InstrumentationAnalysisTransform
Transforming tensorflow-lite-metadata-0.1.0-rc2.jar (org.tensorflow:tensorflow-lite-metadata:0.1.0-rc2) with InstrumentationAnalysisTransform
Caching disabled for InstrumentationAnalysisTransform: /home/runner/.gradle/caches/modules-2/files-2.1/com.android.tools/repository/31.7.2/97e2e59d682d3f40706ec140f74e784bca0dc6dc/repository-31.7.2.jar because:
  Build cache is disabled
  Caching not enabled.
Transforming flatbuffers-java-1.12.0.jar (com.google.flatbuffers:flatbuffers-java:1.12.0) with InstrumentationAnalysisTransform
Transforming jimfs-1.1.jar (com.google.jimfs:jimfs:1.1) with InstrumentationAnalysisTransform
Transforming grpc-context-1.57.0.jar (io.grpc:grpc-context:1.57.0) with InstrumentationAnalysisTransform
Transforming grpc-protobuf-lite-1.57.0.jar (io.grpc:grpc-protobuf-lite:1.57.0) with InstrumentationAnalysisTransform
Transforming grpc-api-1.57.0.jar (io.grpc:grpc-api:1.57.0) with InstrumentationAnalysisTransform
Transforming guava-32.0.1-jre.jar (com.google.guava:guava:32.0.1-jre) with InstrumentationAnalysisTransform
Transforming dagger-2.28.3.jar (com.google.dagger:dagger:2.28.3) with InstrumentationAnalysisTransform
Caching disabled for InstrumentationAnalysisTransform: /home/runner/.gradle/caches/modules-2/files-2.1/com.android.tools.build/gradle-api/8.7.2/446257ea124b39f336e1b8b1da7680b1ea779342/gradle-api-8.7.2.jar because:
  Build cache is disabled
  Caching not enabled.
Transforming javax.inject-1.jar (javax.inject:javax.inject:1) with InstrumentationAnalysisTransform
Transforming kxml2-2.3.0.jar (net.sf.kxml:kxml2:2.3.0) with InstrumentationAnalysisTransform
Transforming bcutil-jdk18on-1.77.jar (org.bouncycastle:bcutil-jdk18on:1.77) with InstrumentationAnalysisTransform
Transforming bcprov-jdk18on-1.77.jar (org.bouncycastle:bcprov-jdk18on:1.77) with InstrumentationAnalysisTransform
Transforming trove4j-1.0.20200330.jar (org.jetbrains.intellij.deps:trove4j:1.0.20200330) with InstrumentationAnalysisTransform
Transforming commons-compress-1.21.jar (org.apache.commons:commons-compress:1.21) with InstrumentationAnalysisTransform
Transforming httpclient-4.5.14.jar (org.apache.httpcomponents:httpclient:4.5.14) with InstrumentationAnalysisTransform
Caching disabled for InstrumentationAnalysisTransform: /home/runner/.gradle/caches/modules-2/files-2.1/com.android.tools.build/builder-test-api/8.7.2/692e372df656050ee3d8ea752d0739136fec16e4/builder-test-api-8.7.2.jar because:
  Build cache is disabled
  Caching not enabled.
Transforming httpcore-4.4.16.jar (org.apache.httpcomponents:httpcore:4.4.16) with InstrumentationAnalysisTransform
Transforming javax.activation-1.2.0.jar (com.sun.activation:javax.activation:1.2.0) with InstrumentationAnalysisTransform
Transforming annotations-23.0.0.jar (org.jetbrains:annotations:23.0.0) with InstrumentationAnalysisTransform
Transforming signflinger-8.7.2.jar (com.android:signflinger:8.7.2) with InstrumentationAnalysisTransform
Transforming zipflinger-8.7.2.jar (com.android:zipflinger:8.7.2) with InstrumentationAnalysisTransform
Transforming annotations-31.7.2.jar (com.android.tools:annotations:31.7.2) with InstrumentationAnalysisTransform
Transforming jna-platform-5.6.0.jar (net.java.dev.jna:jna-platform:5.6.0) with InstrumentationAnalysisTransform
Caching disabled for InstrumentationAnalysisTransform: /home/runner/.gradle/caches/modules-2/files-2.1/com.android.tools.ddms/ddmlib/31.7.2/525b44de6936a7c487095652f014d0bfc84bb9ad/ddmlib-31.7.2.jar because:
  Build cache is disabled
  Caching not enabled.
Transforming juniversalchardet-1.0.3.jar (com.googlecode.juniversalchardet:juniversalchardet:1.0.3) with InstrumentationAnalysisTransform
Transforming javax.annotation-api-1.3.2.jar (javax.annotation:javax.annotation-api:1.3.2) with InstrumentationAnalysisTransform
Transforming stax-ex-1.8.1.jar (org.jvnet.staxex:stax-ex:1.8.1) with InstrumentationAnalysisTransform
Transforming jakarta.xml.bind-api-2.3.2.jar (jakarta.xml.bind:jakarta.xml.bind-api:2.3.2) with InstrumentationAnalysisTransform
Transforming txw2-2.3.2.jar (org.glassfish.jaxb:txw2:2.3.2) with InstrumentationAnalysisTransform
Transforming istack-commons-runtime-3.0.8.jar (com.sun.istack:istack-commons-runtime:3.0.8) with InstrumentationAnalysisTransform
Transforming FastInfoset-1.2.16.jar (com.sun.xml.fastinfoset:FastInfoset:1.2.16) with InstrumentationAnalysisTransform
Transforming jakarta.activation-api-1.2.1.jar (jakarta.activation:jakarta.activation-api:1.2.1) with InstrumentationAnalysisTransform
Transforming auto-value-annotations-1.6.2.jar (com.google.auto.value:auto-value-annotations:1.6.2) with InstrumentationAnalysisTransform
Transforming error_prone_annotations-2.18.0.jar (com.google.errorprone:error_prone_annotations:2.18.0) with InstrumentationAnalysisTransform
Transforming jose4j-0.9.5.jar (org.bitbucket.b_c:jose4j:0.9.5) with InstrumentationAnalysisTransform
Transforming slf4j-api-1.7.30.jar (org.slf4j:slf4j-api:1.7.30) with InstrumentationAnalysisTransform
Transforming jdom2-2.0.6.jar (org.jdom:jdom2:2.0.6) with InstrumentationAnalysisTransform
Transforming jsr305-3.0.2.jar (com.google.code.findbugs:jsr305:3.0.2) with InstrumentationAnalysisTransform
Transforming j2objc-annotations-2.8.jar (com.google.j2objc:j2objc-annotations:2.8) with InstrumentationAnalysisTransform
Transforming annotations-4.1.1.4.jar (com.google.android:annotations:4.1.1.4) with InstrumentationAnalysisTransform
Transforming animal-sniffer-annotations-1.23.jar (org.codehaus.mojo:animal-sniffer-annotations:1.23) with InstrumentationAnalysisTransform
Transforming perfmark-api-0.26.0.jar (io.perfmark:perfmark-api:0.26.0) with InstrumentationAnalysisTransform
Transforming netty-codec-http2-4.1.93.Final.jar (io.netty:netty-codec-http2:4.1.93.Final) with InstrumentationAnalysisTransform
Transforming netty-handler-proxy-4.1.93.Final.jar (io.netty:netty-handler-proxy:4.1.93.Final) with InstrumentationAnalysisTransform
Transforming netty-codec-http-4.1.93.Final.jar (io.netty:netty-codec-http:4.1.93.Final) with InstrumentationAnalysisTransform
Transforming netty-handler-4.1.93.Final.jar (io.netty:netty-handler:4.1.93.Final) with InstrumentationAnalysisTransform
Transforming netty-transport-native-unix-common-4.1.93.Final.jar (io.netty:netty-transport-native-unix-common:4.1.93.Final) with InstrumentationAnalysisTransform
Transforming checker-qual-3.33.0.jar (org.checkerframework:checker-qual:3.33.0) with InstrumentationAnalysisTransform
Transforming commons-codec-1.11.jar (commons-codec:commons-codec:1.11) with InstrumentationAnalysisTransform
Transforming apksig-8.7.2.jar (com.android.tools.build:apksig:8.7.2) with InstrumentationAnalysisTransform
Transforming javawriter-2.5.0.jar (com.squareup:javawriter:2.5.0) with InstrumentationAnalysisTransform
Transforming failureaccess-1.0.1.jar (com.google.guava:failureaccess:1.0.1) with InstrumentationAnalysisTransform
Transforming listenablefuture-9999.0-empty-to-avoid-conflict-with-guava.jar (com.google.guava:listenablefuture:9999.0-empty-to-avoid-conflict-with-guava) with InstrumentationAnalysisTransform
Transforming commons-logging-1.2.jar (commons-logging:commons-logging:1.2) with InstrumentationAnalysisTransform
Transforming jna-5.6.0.jar (net.java.dev.jna:jna:5.6.0) with InstrumentationAnalysisTransform
Transforming netty-codec-socks-4.1.93.Final.jar (io.netty:netty-codec-socks:4.1.93.Final) with InstrumentationAnalysisTransform
Transforming netty-codec-4.1.93.Final.jar (io.netty:netty-codec:4.1.93.Final) with InstrumentationAnalysisTransform
Transforming netty-transport-4.1.93.Final.jar (io.netty:netty-transport:4.1.93.Final) with InstrumentationAnalysisTransform
Transforming netty-buffer-4.1.93.Final.jar (io.netty:netty-buffer:4.1.93.Final) with InstrumentationAnalysisTransform
Transforming netty-resolver-4.1.93.Final.jar (io.netty:netty-resolver:4.1.93.Final) with InstrumentationAnalysisTransform
Transforming netty-common-4.1.93.Final.jar (io.netty:netty-common:4.1.93.Final) with InstrumentationAnalysisTransform
Caching disabled for InstrumentationAnalysisTransform: /home/runner/.gradle/caches/modules-2/files-2.1/com.android.tools.build/bundletool/1.17.1/267feb0f9bcff527cdf35a3544d77ad4d3e636dd/bundletool-1.17.1.jar because:
  Build cache is disabled
  Caching not enabled.
Caching disabled for InstrumentationAnalysisTransform: /home/runner/.gradle/caches/modules-2/files-2.1/com.android.tools.build/aapt2-proto/8.7.2-12006047/343ec66c023995b766d53fc5d4d5d836d694512e/aapt2-proto-8.7.2-12006047.jar because:
  Build cache is disabled
  Caching not enabled.
Caching disabled for InstrumentationAnalysisTransform: /home/runner/.gradle/caches/modules-2/files-2.1/com.android.tools.build/aaptcompiler/8.7.2/1611b0b107be8db5957172ed2658c958d25690de/aaptcompiler-8.7.2.jar because:
  Build cache is disabled
  Caching not enabled.
Caching disabled for InstrumentationAnalysisTransform: /home/runner/.gradle/caches/modules-2/files-2.1/com.android.tools.analytics-library/crash/31.7.2/80c9f1f06e8d48d60fa91f4db811cf863e13c67f/crash-31.7.2.jar because:
  Build cache is disabled
  Caching not enabled.
Caching disabled for InstrumentationAnalysisTransform: /home/runner/.gradle/caches/modules-2/files-2.1/com.android.tools.analytics-library/tracker/31.7.2/4f92e4165dc453485633b1461e1b822451484000/tracker-31.7.2.jar because:
  Build cache is disabled
  Caching not enabled.
Caching disabled for InstrumentationAnalysisTransform: /home/runner/.gradle/caches/modules-2/files-2.1/com.android.tools.analytics-library/shared/31.7.2/c7741b6bc45fcd3e0bb9dc82739a84273922fb05/shared-31.7.2.jar because:
  Build cache is disabled
  Caching not enabled.
Caching disabled for InstrumentationAnalysisTransform: /home/runner/.gradle/caches/modules-2/files-2.1/com.android.tools.lint/lint-typedef-remover/31.7.2/644ab9b8a697ba83702c4e32eaaf95c504e1a522/lint-typedef-remover-31.7.2.jar because:
  Build cache is disabled
  Caching not enabled.
Caching disabled for InstrumentationAnalysisTransform: /home/runner/.gradle/caches/modules-2/files-2.1/androidx.databinding/databinding-compiler-common/8.7.2/1d75e9678cbab80778ee78ea030f6a5198651d89/databinding-compiler-common-8.7.2.jar because:
  Build cache is disabled
  Caching not enabled.
Caching disabled for InstrumentationAnalysisTransform: /home/runner/.gradle/caches/modules-2/files-2.1/androidx.databinding/databinding-common/8.7.2/2be3530b78477835e69dce953b17adc1dbc5c6fa/databinding-common-8.7.2.jar because:
  Build cache is disabled
  Caching not enabled.
Caching disabled for InstrumentationAnalysisTransform: /home/runner/.gradle/caches/modules-2/files-2.1/com.android.databinding/baseLibrary/8.7.2/7e7399239e52d4069896277615e005add7ae8e5a/baseLibrary-8.7.2.jar because:
  Build cache is disabled
  Caching not enabled.
Caching disabled for InstrumentationAnalysisTransform: /home/runner/.gradle/caches/modules-2/files-2.1/com.android.tools.layoutlib/layoutlib-api/31.7.2/6abada4555fa60825ea5f353443a7e561445c4f0/layoutlib-api-31.7.2.jar because:
  Build cache is disabled
  Caching not enabled.
Caching disabled for InstrumentationAnalysisTransform: /home/runner/.gradle/caches/modules-2/files-2.1/com.android.tools.utp/android-device-provider-ddmlib-proto/31.7.2/732647a1df2d9405dbbc944ccb1a9153d7dc3e3a/android-device-provider-ddmlib-proto-31.7.2.jar because:
  Build cache is disabled
  Caching not enabled.
Caching disabled for InstrumentationAnalysisTransform: /home/runner/.gradle/caches/modules-2/files-2.1/com.android.tools.utp/android-device-provider-profile-proto/31.7.2/5d4fe489b09ee45524d665a175aad834ecf2c81d/android-device-provider-profile-proto-31.7.2.jar because:
  Build cache is disabled
  Caching not enabled.
Caching disabled for InstrumentationAnalysisTransform: /home/runner/.gradle/caches/modules-2/files-2.1/com.android.tools.utp/android-device-provider-gradle-proto/31.7.2/9f4923a6c0e213f00c1cc31720d1535f2d8517fe/android-device-provider-gradle-proto-31.7.2.jar because:
  Build cache is disabled
  Caching not enabled.
Caching disabled for InstrumentationAnalysisTransform: /home/runner/.gradle/caches/modules-2/files-2.1/com.android.tools.utp/android-test-plugin-host-additional-test-output-proto/31.7.2/c02332c53d95a3e0ccd7ad9d6d97f8fec5d1a469/android-test-plugin-host-additional-test-output-proto-31.7.2.jar because:
  Build cache is disabled
  Caching not enabled.
Caching disabled for InstrumentationAnalysisTransform: /home/runner/.gradle/caches/modules-2/files-2.1/com.android.tools.utp/android-test-plugin-host-coverage-proto/31.7.2/c780344aab70a33c454ad697295e12278fed16db/android-test-plugin-host-coverage-proto-31.7.2.jar because:
  Build cache is disabled
  Caching not enabled.
Caching disabled for InstrumentationAnalysisTransform: /home/runner/.gradle/caches/modules-2/files-2.1/com.android.tools.utp/android-test-plugin-host-emulator-control-proto/31.7.2/faaddb0258a839e6ab89fe2acbe20ce29b403b43/android-test-plugin-host-emulator-control-proto-31.7.2.jar because:
  Build cache is disabled
  Caching not enabled.
Caching disabled for InstrumentationAnalysisTransform: /home/runner/.gradle/caches/modules-2/files-2.1/com.android.tools.utp/android-test-plugin-host-logcat-proto/31.7.2/d8f873c14c5c65746b97801c2c6cae506d0b3d29/android-test-plugin-host-logcat-proto-31.7.2.jar because:
  Build cache is disabled
  Caching not enabled.
Caching disabled for InstrumentationAnalysisTransform: /home/runner/.gradle/caches/modules-2/files-2.1/com.android.tools.utp/android-test-plugin-host-apk-installer-proto/31.7.2/695cf71232626eeca4d84f72314196b270ca1c11/android-test-plugin-host-apk-installer-proto-31.7.2.jar because:
  Build cache is disabled
  Caching not enabled.
Caching disabled for InstrumentationAnalysisTransform: /home/runner/.gradle/caches/modules-2/files-2.1/com.android.tools.utp/android-test-plugin-host-retention-proto/31.7.2/8ef946d4477f3b40b3bcb7d151131483b6d77d67/android-test-plugin-host-retention-proto-31.7.2.jar because:
  Build cache is disabled
  Caching not enabled.
Caching disabled for InstrumentationAnalysisTransform: /home/runner/.gradle/caches/modules-2/files-2.1/com.android.tools.utp/android-test-plugin-result-listener-gradle-proto/31.7.2/f51d5e35aa252438265500d79fc2d314b7555b94/android-test-plugin-result-listener-gradle-proto-31.7.2.jar because:
  Build cache is disabled
  Caching not enabled.
Caching disabled for InstrumentationAnalysisTransform: /home/runner/.gradle/caches/modules-2/files-2.1/com.android.tools.build/builder-model/8.7.2/a86c18bcf5792b2f6aa25c76063be32d77e992ca/builder-model-8.7.2.jar because:
  Build cache is disabled
  Caching not enabled.
Caching disabled for InstrumentationAnalysisTransform: /home/runner/.gradle/caches/modules-2/files-2.1/com.android.tools/dvlib/31.7.2/2632b8524a1f8673e394f5e8477172884d90ed3f/dvlib-31.7.2.jar because:
  Build cache is disabled
  Caching not enabled.
Caching disabled for InstrumentationAnalysisTransform: /home/runner/.gradle/caches/modules-2/files-2.1/com.android.tools/common/31.7.2/fd82b19a7d82802dde9e6dacd60638036bbb6d8c/common-31.7.2.jar because:
  Build cache is disabled
  Caching not enabled.
Caching disabled for InstrumentationAnalysisTransform: /home/runner/.gradle/caches/modules-2/files-2.1/com.android.tools.build.jetifier/jetifier-processor/1.0.0-beta10/946c39eb0c052ff4f60a8939648a8b99af20d604/jetifier-processor-1.0.0-beta10.jar because:
  Build cache is disabled
  Caching not enabled.
Caching disabled for InstrumentationAnalysisTransform: /home/runner/.gradle/caches/modules-2/files-2.1/com.android.tools.build.jetifier/jetifier-core/1.0.0-beta10/6e621022a9c95af12a7004d6b55805bbd1126837/jetifier-core-1.0.0-beta10.jar because:
  Build cache is disabled
  Caching not enabled.
Caching disabled for InstrumentationAnalysisTransform: /home/runner/.gradle/caches/modules-2/files-2.1/org.jetbrains.kotlin/kotlin-reflect/1.9.20/34eeb4eed5f493cdbb760ef50a5653ec414006bf/kotlin-reflect-1.9.20.jar because:
  Build cache is disabled
  Caching not enabled.
Caching disabled for InstrumentationAnalysisTransform: /home/runner/.gradle/caches/modules-2/files-2.1/org.jetbrains.kotlin/kotlin-stdlib-jdk7/1.9.20/8b4b73f4e08efaae93fc01d8c6eaab58a72d2ab3/kotlin-stdlib-jdk7-1.9.20.jar because:
  Build cache is disabled
  Caching not enabled.
Caching disabled for InstrumentationAnalysisTransform: /home/runner/.gradle/caches/modules-2/files-2.1/org.jetbrains.kotlin/kotlin-stdlib/1.9.20/e58b4816ac517e9cc5df1db051120c63d4cde669/kotlin-stdlib-1.9.20.jar because:
  Build cache is disabled
  Caching not enabled.
Caching disabled for InstrumentationAnalysisTransform: /home/runner/.gradle/caches/modules-2/files-2.1/org.jetbrains.kotlin/kotlin-stdlib-jdk8/1.9.20/e2b4d1f475ae0606d063a84fce4dccdb45c7e12a/kotlin-stdlib-jdk8-1.9.20.jar because:
  Build cache is disabled
  Caching not enabled.
Caching disabled for InstrumentationAnalysisTransform: /home/runner/.gradle/caches/modules-2/files-2.1/com.android.tools.build/transform-api/2.0.0-deprecated-use-gradle-api/47f6c56527c42425742fa9b56ffd3fd80763fe03/transform-api-2.0.0-deprecated-use-gradle-api.jar because:
  Build cache is disabled
  Caching not enabled.
Caching disabled for InstrumentationAnalysisTransform: /home/runner/.gradle/caches/modules-2/files-2.1/org.apache.httpcomponents/httpmime/4.5.6/164343da11db817e81e24e0d9869527e069850c9/httpmime-4.5.6.jar because:
  Build cache is disabled
  Caching not enabled.
Caching disabled for InstrumentationAnalysisTransform: /home/runner/.gradle/caches/modules-2/files-2.1/commons-io/commons-io/2.13.0/8bb2bc9b4df17e2411533a0708a69f983bf5e83b/commons-io-2.13.0.jar because:
  Build cache is disabled
  Caching not enabled.
Caching disabled for InstrumentationAnalysisTransform: /home/runner/.gradle/caches/modules-2/files-2.1/org.ow2.asm/asm-commons/9.6/f1a9e5508eff490744144565c47326c8648be309/asm-commons-9.6.jar because:
  Build cache is disabled
  Caching not enabled.
Caching disabled for InstrumentationAnalysisTransform: /home/runner/.gradle/caches/modules-2/files-2.1/org.ow2.asm/asm-util/9.6/f77caf84eb93786a749b2baa40865b9613e3eaee/asm-util-9.6.jar because:
  Build cache is disabled
  Caching not enabled.
Caching disabled for InstrumentationAnalysisTransform: /home/runner/.gradle/caches/modules-2/files-2.1/org.ow2.asm/asm-analysis/9.6/9ce6c7b174bd997fc2552dff47964546bd7a5ec3/asm-analysis-9.6.jar because:
  Build cache is disabled
  Caching not enabled.
Caching disabled for InstrumentationAnalysisTransform: /home/runner/.gradle/caches/modules-2/files-2.1/org.ow2.asm/asm-tree/9.6/c0cdda9d211e965d2a4448aa3fd86110f2f8c2de/asm-tree-9.6.jar because:
  Build cache is disabled
  Caching not enabled.
Caching disabled for InstrumentationAnalysisTransform: /home/runner/.gradle/caches/modules-2/files-2.1/org.ow2.asm/asm/9.6/aa205cf0a06dbd8e04ece91c0b37c3f5d567546a/asm-9.6.jar because:
  Build cache is disabled
  Caching not enabled.
Caching disabled for InstrumentationAnalysisTransform: /home/runner/.gradle/caches/modules-2/files-2.1/com.android.tools.build/apkzlib/8.7.2/d656b52facbb301b8bdc1e40a5ae008bcf335fe9/apkzlib-8.7.2.jar because:
  Build cache is disabled
  Caching not enabled.
Caching disabled for InstrumentationAnalysisTransform: /home/runner/.gradle/caches/modules-2/files-2.1/org.bouncycastle/bcpkix-jdk18on/1.77/ed953791ba0229747dd0fd9911e3d76a462acfd3/bcpkix-jdk18on-1.77.jar because:
  Build cache is disabled
  Caching not enabled.
Caching disabled for InstrumentationAnalysisTransform: /home/runner/.gradle/caches/modules-2/files-2.1/org.glassfish.jaxb/jaxb-runtime/2.3.2/5528bc882ea499a09d720b42af11785c4fc6be2a/jaxb-runtime-2.3.2.jar because:
  Build cache is disabled
  Caching not enabled.
Caching disabled for InstrumentationAnalysisTransform: /home/runner/.gradle/caches/modules-2/files-2.1/net.sf.jopt-simple/jopt-simple/4.9/ee9e9eaa0a35360dcfeac129ff4923215fd65904/jopt-simple-4.9.jar because:
  Build cache is disabled
  Caching not enabled.
Caching disabled for InstrumentationAnalysisTransform: /home/runner/.gradle/caches/modules-2/files-2.1/com.squareup/javapoet/1.10.0/712c178d35185d8261295913c9f2a7d6867a6007/javapoet-1.10.0.jar because:
  Build cache is disabled
  Caching not enabled.
Caching disabled for InstrumentationAnalysisTransform: /home/runner/.gradle/caches/modules-2/files-2.1/com.google.protobuf/protobuf-java-util/3.22.3/749cd4fe8ab52f37bc186193802ba19f5b284647/protobuf-java-util-3.22.3.jar because:
  Build cache is disabled
  Caching not enabled.
Caching disabled for InstrumentationAnalysisTransform: /home/runner/.gradle/caches/modules-2/files-2.1/io.grpc/grpc-protobuf/1.57.0/49986e40de6cbd14ba26247639b18ab0bac921c1/grpc-protobuf-1.57.0.jar because:
  Build cache is disabled
  Caching not enabled.
Caching disabled for InstrumentationAnalysisTransform: /home/runner/.gradle/caches/modules-2/files-2.1/com.google.crypto.tink/tink/1.7.0/668b57f109d32349b2870448f06ae6f202713edc/tink-1.7.0.jar because:
  Build cache is disabled
  Caching not enabled.
Caching disabled for InstrumentationAnalysisTransform: /home/runner/.gradle/caches/modules-2/files-2.1/com.android.tools.analytics-library/protos/31.7.2/71afde62826a0dd766603edb6ff96d291c138083/protos-31.7.2.jar because:
  Build cache is disabled
  Caching not enabled.
Caching disabled for InstrumentationAnalysisTransform: /home/runner/.gradle/caches/modules-2/files-2.1/com.google.api.grpc/proto-google-common-protos/2.17.0/7edf1e3aa96dc3861f7a8f24556c714e9c5b292/proto-google-common-protos-2.17.0.jar because:
  Build cache is disabled
  Caching not enabled.
Caching disabled for InstrumentationAnalysisTransform: /home/runner/.gradle/caches/modules-2/files-2.1/com.google.protobuf/protobuf-java/3.22.3/fdee98b8f6abab73f146a4edb4c09e56f8278d03/protobuf-java-3.22.3.jar because:
  Build cache is disabled
  Caching not enabled.
Caching disabled for InstrumentationAnalysisTransform: /home/runner/.gradle/caches/modules-2/files-2.1/io.grpc/grpc-netty/1.57.0/99cc01516c2fd1d134bf2585c2b38fa400804986/grpc-netty-1.57.0.jar because:
  Build cache is disabled
  Caching not enabled.
Caching disabled for InstrumentationAnalysisTransform: /home/runner/.gradle/caches/modules-2/files-2.1/io.grpc/grpc-core/1.57.0/2b6ef5166f31315098fff9bb85f33ab5fed58f6b/grpc-core-1.57.0.jar because:
  Build cache is disabled
  Caching not enabled.
Caching disabled for InstrumentationAnalysisTransform: /home/runner/.gradle/caches/modules-2/files-2.1/com.google.code.gson/gson/2.10.1/b3add478d4382b78ea20b1671390a858002feb6c/gson-2.10.1.jar because:
  Build cache is disabled
  Caching not enabled.
Caching disabled for InstrumentationAnalysisTransform: /home/runner/.gradle/caches/modules-2/files-2.1/io.grpc/grpc-stub/1.57.0/262e1469c080164d5e2459f4908394d66f4e8828/grpc-stub-1.57.0.jar because:
  Build cache is disabled
  Caching not enabled.
Caching disabled for InstrumentationAnalysisTransform: /home/runner/.gradle/caches/modules-2/files-2.1/com.google.testing.platform/core-proto/0.0.9-alpha02/ee54219cbb4a7fb83cdc528e9a85e0383f3ee726/core-proto-0.0.9-alpha02.jar because:
  Build cache is disabled
  Caching not enabled.
Caching disabled for InstrumentationAnalysisTransform: /home/runner/.gradle/caches/modules-2/files-2.1/org.tensorflow/tensorflow-lite-metadata/0.1.0-rc2/7aa9b3e16d85c2aae5eff741265315a37c9f731a/tensorflow-lite-metadata-0.1.0-rc2.jar because:
  Build cache is disabled
  Caching not enabled.
Caching disabled for InstrumentationAnalysisTransform: /home/runner/.gradle/caches/modules-2/files-2.1/com.google.flatbuffers/flatbuffers-java/1.12.0/8201cc7b511177a37071249e891f2f2fea4b32e9/flatbuffers-java-1.12.0.jar because:
  Build cache is disabled
  Caching not enabled.
Caching disabled for InstrumentationAnalysisTransform: /home/runner/.gradle/caches/modules-2/files-2.1/com.google.jimfs/jimfs/1.1/8fbd0579dc68aba6186935cc1bee21d2f3e7ec1c/jimfs-1.1.jar because:
  Build cache is disabled
  Caching not enabled.
Caching disabled for InstrumentationAnalysisTransform: /home/runner/.gradle/caches/modules-2/files-2.1/io.grpc/grpc-context/1.57.0/8d8f26a9b0bed637ee4592e1df3ef134ed2c54fd/grpc-context-1.57.0.jar because:
  Build cache is disabled
  Caching not enabled.
Caching disabled for InstrumentationAnalysisTransform: /home/runner/.gradle/caches/modules-2/files-2.1/io.grpc/grpc-protobuf-lite/1.57.0/ca0084219b71d29cd9bfc3b81780aca91a965753/grpc-protobuf-lite-1.57.0.jar because:
  Build cache is disabled
  Caching not enabled.
Caching disabled for InstrumentationAnalysisTransform: /home/runner/.gradle/caches/modules-2/files-2.1/io.grpc/grpc-api/1.57.0/768ab3e583b213a3672ec776e70765b594e8bbe5/grpc-api-1.57.0.jar because:
  Build cache is disabled
  Caching not enabled.
Caching disabled for InstrumentationAnalysisTransform: /home/runner/.gradle/caches/modules-2/files-2.1/com.google.guava/guava/32.0.1-jre/6e5d51a72d142f2d40a57dfb897188b36a95b489/guava-32.0.1-jre.jar because:
  Build cache is disabled
  Caching not enabled.
Caching disabled for InstrumentationAnalysisTransform: /home/runner/.gradle/caches/modules-2/files-2.1/com.google.dagger/dagger/2.28.3/10d83810ef9e19714116ed518896c90c6606d633/dagger-2.28.3.jar because:
  Build cache is disabled
  Caching not enabled.
Caching disabled for InstrumentationAnalysisTransform: /home/runner/.gradle/caches/modules-2/files-2.1/javax.inject/javax.inject/1/6975da39a7040257bd51d21a231b76c915872d38/javax.inject-1.jar because:
  Build cache is disabled
  Caching not enabled.
Caching disabled for InstrumentationAnalysisTransform: /home/runner/.gradle/caches/modules-2/files-2.1/net.sf.kxml/kxml2/2.3.0/ccbc77a5fd907ef863c29f3596c6f54ffa4e9442/kxml2-2.3.0.jar because:
  Build cache is disabled
  Caching not enabled.
Caching disabled for InstrumentationAnalysisTransform: /home/runner/.gradle/caches/modules-2/files-2.1/org.bouncycastle/bcprov-jdk18on/1.77/2cc971b6c20949c1ff98d1a4bc741ee848a09523/bcprov-jdk18on-1.77.jar because:
  Build cache is disabled
  Caching not enabled.
Caching disabled for InstrumentationAnalysisTransform: /home/runner/.gradle/caches/modules-2/files-2.1/org.bouncycastle/bcutil-jdk18on/1.77/de3eaef351545fe8562cf29ddff4a403a45b49b7/bcutil-jdk18on-1.77.jar because:
  Build cache is disabled
  Caching not enabled.
Caching disabled for InstrumentationAnalysisTransform: /home/runner/.gradle/caches/modules-2/files-2.1/org.jetbrains.intellij.deps/trove4j/1.0.20200330/3afb14d5f9ceb459d724e907a21145e8ff394f02/trove4j-1.0.20200330.jar because:
  Build cache is disabled
  Caching not enabled.
Caching disabled for InstrumentationAnalysisTransform: /home/runner/.gradle/caches/modules-2/files-2.1/org.apache.commons/commons-compress/1.21/4ec95b60d4e86b5c95a0e919cb172a0af98011ef/commons-compress-1.21.jar because:
  Build cache is disabled
  Caching not enabled.
Caching disabled for InstrumentationAnalysisTransform: /home/runner/.gradle/caches/modules-2/files-2.1/org.apache.httpcomponents/httpclient/4.5.14/1194890e6f56ec29177673f2f12d0b8e627dec98/httpclient-4.5.14.jar because:
  Build cache is disabled
  Caching not enabled.
Caching disabled for InstrumentationAnalysisTransform: /home/runner/.gradle/caches/modules-2/files-2.1/org.apache.httpcomponents/httpcore/4.4.16/51cf043c87253c9f58b539c9f7e44c8894223850/httpcore-4.4.16.jar because:
  Build cache is disabled
  Caching not enabled.
Caching disabled for InstrumentationAnalysisTransform: /home/runner/.gradle/caches/modules-2/files-2.1/com.sun.activation/javax.activation/1.2.0/bf744c1e2776ed1de3c55c8dac1057ec331ef744/javax.activation-1.2.0.jar because:
  Build cache is disabled
  Caching not enabled.
Caching disabled for InstrumentationAnalysisTransform: /home/runner/.gradle/caches/modules-2/files-2.1/org.jetbrains/annotations/23.0.0/8cc20c07506ec18e0834947b84a864bfc094484e/annotations-23.0.0.jar because:
  Build cache is disabled
  Caching not enabled.
Caching disabled for InstrumentationAnalysisTransform: /home/runner/.gradle/caches/modules-2/files-2.1/com.android/signflinger/8.7.2/13f035dd8e7e470ff8f3216a0b46333187f26df5/signflinger-8.7.2.jar because:
  Build cache is disabled
  Caching not enabled.
Caching disabled for InstrumentationAnalysisTransform: /home/runner/.gradle/caches/modules-2/files-2.1/com.android/zipflinger/8.7.2/de8e3267995699af356740cf562cbedb485f5763/zipflinger-8.7.2.jar because:
  Build cache is disabled
  Caching not enabled.
Caching disabled for InstrumentationAnalysisTransform: /home/runner/.gradle/caches/modules-2/files-2.1/com.android.tools/annotations/31.7.2/1946e7f75bc1615b4abfc0f83899934dfcbdf1fc/annotations-31.7.2.jar because:
  Build cache is disabled
  Caching not enabled.
Caching disabled for InstrumentationAnalysisTransform: /home/runner/.gradle/caches/modules-2/files-2.1/net.java.dev.jna/jna-platform/5.6.0/d18424ffb8bbfd036d71bcaab9b546858f2ef986/jna-platform-5.6.0.jar because:
  Build cache is disabled
  Caching not enabled.
Caching disabled for InstrumentationAnalysisTransform: /home/runner/.gradle/caches/modules-2/files-2.1/com.googlecode.juniversalchardet/juniversalchardet/1.0.3/cd49678784c46aa8789c060538e0154013bb421b/juniversalchardet-1.0.3.jar because:
  Build cache is disabled
  Caching not enabled.
Caching disabled for InstrumentationAnalysisTransform: /home/runner/.gradle/caches/modules-2/files-2.1/javax.annotation/javax.annotation-api/1.3.2/934c04d3cfef185a8008e7bf34331b79730a9d43/javax.annotation-api-1.3.2.jar because:
  Build cache is disabled
  Caching not enabled.
Caching disabled for InstrumentationAnalysisTransform: /home/runner/.gradle/caches/modules-2/files-2.1/org.jvnet.staxex/stax-ex/1.8.1/78011e483a21102fb4858f3e8f269a677e50aa23/stax-ex-1.8.1.jar because:
  Build cache is disabled
  Caching not enabled.
Caching disabled for InstrumentationAnalysisTransform: /home/runner/.gradle/caches/modules-2/files-2.1/jakarta.xml.bind/jakarta.xml.bind-api/2.3.2/8d49996a4338670764d7ca4b85a1c4ccf7fe665d/jakarta.xml.bind-api-2.3.2.jar because:
  Build cache is disabled
  Caching not enabled.
Caching disabled for InstrumentationAnalysisTransform: /home/runner/.gradle/caches/modules-2/files-2.1/org.glassfish.jaxb/txw2/2.3.2/ce5be7da2e442c25ec14c766cb60cb802741727b/txw2-2.3.2.jar because:
  Build cache is disabled
  Caching not enabled.
Caching disabled for InstrumentationAnalysisTransform: /home/runner/.gradle/caches/modules-2/files-2.1/com.sun.istack/istack-commons-runtime/3.0.8/d6a97364045aa6b99bf2d3c566a3f98599c2d296/istack-commons-runtime-3.0.8.jar because:
  Build cache is disabled
  Caching not enabled.
Caching disabled for InstrumentationAnalysisTransform: /home/runner/.gradle/caches/modules-2/files-2.1/com.sun.xml.fastinfoset/FastInfoset/1.2.16/4eb6a0adad553bf759ffe86927df6f3b848c8bea/FastInfoset-1.2.16.jar because:
  Build cache is disabled
  Caching not enabled.
Caching disabled for InstrumentationAnalysisTransform: /home/runner/.gradle/caches/modules-2/files-2.1/jakarta.activation/jakarta.activation-api/1.2.1/562a587face36ec7eff2db7f2fc95425c6602bc1/jakarta.activation-api-1.2.1.jar because:
  Build cache is disabled
  Caching not enabled.
Caching disabled for InstrumentationAnalysisTransform: /home/runner/.gradle/caches/modules-2/files-2.1/com.google.auto.value/auto-value-annotations/1.6.2/ed193d86e0af90cc2342aedbe73c5d86b03fa09b/auto-value-annotations-1.6.2.jar because:
  Build cache is disabled
  Caching not enabled.
Caching disabled for InstrumentationAnalysisTransform: /home/runner/.gradle/caches/modules-2/files-2.1/com.google.errorprone/error_prone_annotations/2.18.0/89b684257096f548fa39a7df9fdaa409d4d4df91/error_prone_annotations-2.18.0.jar because:
  Build cache is disabled
  Caching not enabled.
Caching disabled for InstrumentationAnalysisTransform: /home/runner/.gradle/caches/modules-2/files-2.1/org.bitbucket.b_c/jose4j/0.9.5/e4ca26802488e6f16e24558d74ac8775a955fdd3/jose4j-0.9.5.jar because:
  Build cache is disabled
  Caching not enabled.
Caching disabled for InstrumentationAnalysisTransform: /home/runner/.gradle/caches/modules-2/files-2.1/org.slf4j/slf4j-api/1.7.30/b5a4b6d16ab13e34a88fae84c35cd5d68cac922c/slf4j-api-1.7.30.jar because:
  Build cache is disabled
  Caching not enabled.
Caching disabled for InstrumentationAnalysisTransform: /home/runner/.gradle/caches/modules-2/files-2.1/org.jdom/jdom2/2.0.6/6f14738ec2e9dd0011e343717fa624a10f8aab64/jdom2-2.0.6.jar because:
  Build cache is disabled
  Caching not enabled.
Caching disabled for InstrumentationAnalysisTransform: /home/runner/.gradle/caches/modules-2/files-2.1/com.google.code.findbugs/jsr305/3.0.2/25ea2e8b0c338a877313bd4672d3fe056ea78f0d/jsr305-3.0.2.jar because:
  Build cache is disabled
  Caching not enabled.
Caching disabled for InstrumentationAnalysisTransform: /home/runner/.gradle/caches/modules-2/files-2.1/com.google.j2objc/j2objc-annotations/2.8/c85270e307e7b822f1086b93689124b89768e273/j2objc-annotations-2.8.jar because:
  Build cache is disabled
  Caching not enabled.
Caching disabled for InstrumentationAnalysisTransform: /home/runner/.gradle/caches/modules-2/files-2.1/com.google.android/annotations/4.1.1.4/a1678ba907bf92691d879fef34e1a187038f9259/annotations-4.1.1.4.jar because:
  Build cache is disabled
  Caching not enabled.
Caching disabled for InstrumentationAnalysisTransform: /home/runner/.gradle/caches/modules-2/files-2.1/org.codehaus.mojo/animal-sniffer-annotations/1.23/3c0daebd5f0e1ce72cc50c818321ac957aeb5d70/animal-sniffer-annotations-1.23.jar because:
  Build cache is disabled
  Caching not enabled.
Caching disabled for InstrumentationAnalysisTransform: /home/runner/.gradle/caches/modules-2/files-2.1/io.perfmark/perfmark-api/0.26.0/ef65452adaf20bf7d12ef55913aba24037b82738/perfmark-api-0.26.0.jar because:
  Build cache is disabled
  Caching not enabled.
Caching disabled for InstrumentationAnalysisTransform: /home/runner/.gradle/caches/modules-2/files-2.1/io.netty/netty-codec-http2/4.1.93.Final/f1625b43bde13ec057da0d2fe381ded2547a70e/netty-codec-http2-4.1.93.Final.jar because:
  Build cache is disabled
  Caching not enabled.
Caching disabled for InstrumentationAnalysisTransform: /home/runner/.gradle/caches/modules-2/files-2.1/io.netty/netty-handler-proxy/4.1.93.Final/c165c1efe1b9c0cc22546a057b530611a088768b/netty-handler-proxy-4.1.93.Final.jar because:
  Build cache is disabled
  Caching not enabled.
Caching disabled for InstrumentationAnalysisTransform: /home/runner/.gradle/caches/modules-2/files-2.1/io.netty/netty-codec-http/4.1.93.Final/36acf0c94d03eb6ecef78a749a32cbb7dc0c57b4/netty-codec-http-4.1.93.Final.jar because:
  Build cache is disabled
  Caching not enabled.
Caching disabled for InstrumentationAnalysisTransform: /home/runner/.gradle/caches/modules-2/files-2.1/io.netty/netty-handler/4.1.93.Final/10f7ed9d8e1bfcba416074c70e5388be96116bfc/netty-handler-4.1.93.Final.jar because:
  Build cache is disabled
  Caching not enabled.
Caching disabled for InstrumentationAnalysisTransform: /home/runner/.gradle/caches/modules-2/files-2.1/io.netty/netty-transport-native-unix-common/4.1.93.Final/f4fb8b4c8da539091f43abcbb9f0389e48807eea/netty-transport-native-unix-common-4.1.93.Final.jar because:
  Build cache is disabled
  Caching not enabled.
Caching disabled for InstrumentationAnalysisTransform: /home/runner/.gradle/caches/modules-2/files-2.1/org.checkerframework/checker-qual/3.33.0/de2b60b62da487644fc11f734e73c8b0b431238f/checker-qual-3.33.0.jar because:
  Build cache is disabled
  Caching not enabled.
Caching disabled for InstrumentationAnalysisTransform: /home/runner/.gradle/caches/modules-2/files-2.1/commons-codec/commons-codec/1.11/3acb4705652e16236558f0f4f2192cc33c3bd189/commons-codec-1.11.jar because:
  Build cache is disabled
  Caching not enabled.
Caching disabled for InstrumentationAnalysisTransform: /home/runner/.gradle/caches/modules-2/files-2.1/com.android.tools.build/apksig/8.7.2/f005788487574c7d6ba23dea63bf8cb3a4f164a6/apksig-8.7.2.jar because:
  Build cache is disabled
  Caching not enabled.
Caching disabled for InstrumentationAnalysisTransform: /home/runner/.gradle/caches/modules-2/files-2.1/com.squareup/javawriter/2.5.0/81241ff7078ef14f42ea2a8995fa09c096256e6b/javawriter-2.5.0.jar because:
  Build cache is disabled
  Caching not enabled.
Caching disabled for InstrumentationAnalysisTransform: /home/runner/.gradle/caches/modules-2/files-2.1/com.google.guava/failureaccess/1.0.1/1dcf1de382a0bf95a3d8b0849546c88bac1292c9/failureaccess-1.0.1.jar because:
  Build cache is disabled
  Caching not enabled.
Caching disabled for InstrumentationAnalysisTransform: /home/runner/.gradle/caches/modules-2/files-2.1/com.google.guava/listenablefuture/9999.0-empty-to-avoid-conflict-with-guava/b421526c5f297295adef1c886e5246c39d4ac629/listenablefuture-9999.0-empty-to-avoid-conflict-with-guava.jar because:
  Build cache is disabled
  Caching not enabled.
Caching disabled for InstrumentationAnalysisTransform: /home/runner/.gradle/caches/modules-2/files-2.1/commons-logging/commons-logging/1.2/4bfc12adfe4842bf07b657f0369c4cb522955686/commons-logging-1.2.jar because:
  Build cache is disabled
  Caching not enabled.
Caching disabled for InstrumentationAnalysisTransform: /home/runner/.gradle/caches/modules-2/files-2.1/net.java.dev.jna/jna/5.6.0/330f2244e9030119ab3030fc3fededc86713d9cc/jna-5.6.0.jar because:
  Build cache is disabled
  Caching not enabled.
Caching disabled for InstrumentationAnalysisTransform: /home/runner/.gradle/caches/modules-2/files-2.1/io.netty/netty-codec-socks/4.1.93.Final/81ca78969afc60073e47c3b7b361cc3839392c73/netty-codec-socks-4.1.93.Final.jar because:
  Build cache is disabled
  Caching not enabled.
Caching disabled for InstrumentationAnalysisTransform: /home/runner/.gradle/caches/modules-2/files-2.1/io.netty/netty-codec/4.1.93.Final/503badb458b6586632be8d1f81aa4e5ab99a80fc/netty-codec-4.1.93.Final.jar because:
  Build cache is disabled
  Caching not enabled.
Caching disabled for InstrumentationAnalysisTransform: /home/runner/.gradle/caches/modules-2/files-2.1/io.netty/netty-transport/4.1.93.Final/1a0894915c8027ce83b4d6a811c4e765955efd15/netty-transport-4.1.93.Final.jar because:
  Build cache is disabled
  Caching not enabled.
Caching disabled for InstrumentationAnalysisTransform: /home/runner/.gradle/caches/modules-2/files-2.1/io.netty/netty-buffer/4.1.93.Final/87fac21f4ef95157866b07b48e3c707a2f13c581/netty-buffer-4.1.93.Final.jar because:
  Build cache is disabled
  Caching not enabled.
Caching disabled for InstrumentationAnalysisTransform: /home/runner/.gradle/caches/modules-2/files-2.1/io.netty/netty-resolver/4.1.93.Final/3860e99075f9e078364ed38f6d6fc8825b7a168a/netty-resolver-4.1.93.Final.jar because:
  Build cache is disabled
  Caching not enabled.
Caching disabled for InstrumentationAnalysisTransform: /home/runner/.gradle/caches/modules-2/files-2.1/io.netty/netty-common/4.1.93.Final/1cfc49b91b0d3ddb30c9f7d8467e5d02ae8babdf/netty-common-4.1.93.Final.jar because:
  Build cache is disabled
  Caching not enabled.
Transforming gradle-8.7.2.jar (com.android.tools.build:gradle:8.7.2) with InstrumentationAnalysisTransform
Transforming gradle-8.7.2.jar (com.android.tools.build:gradle:8.7.2) with MergeInstrumentationAnalysisTransform
Transforming gradle-settings-api-8.7.2.jar (com.android.tools.build:gradle-settings-api:8.7.2) with InstrumentationAnalysisTransform
Transforming gradle-settings-api-8.7.2.jar (com.android.tools.build:gradle-settings-api:8.7.2) with MergeInstrumentationAnalysisTransform
Transforming lint-model-31.7.2.jar (com.android.tools.lint:lint-model:31.7.2) with InstrumentationAnalysisTransform
Transforming lint-model-31.7.2.jar (com.android.tools.lint:lint-model:31.7.2) with MergeInstrumentationAnalysisTransform
Transforming builder-8.7.2.jar (com.android.tools.build:builder:8.7.2) with InstrumentationAnalysisTransform
Transforming builder-8.7.2.jar (com.android.tools.build:builder:8.7.2) with MergeInstrumentationAnalysisTransform
Transforming manifest-merger-31.7.2.jar (com.android.tools.build:manifest-merger:31.7.2) with InstrumentationAnalysisTransform
Transforming manifest-merger-31.7.2.jar (com.android.tools.build:manifest-merger:31.7.2) with MergeInstrumentationAnalysisTransform
Transforming sdk-common-31.7.2.jar (com.android.tools:sdk-common:31.7.2) with InstrumentationAnalysisTransform
Transforming sdk-common-31.7.2.jar (com.android.tools:sdk-common:31.7.2) with MergeInstrumentationAnalysisTransform
Transforming sdklib-31.7.2.jar (com.android.tools:sdklib:31.7.2) with InstrumentationAnalysisTransform
Transforming sdklib-31.7.2.jar (com.android.tools:sdklib:31.7.2) with MergeInstrumentationAnalysisTransform
Transforming repository-31.7.2.jar (com.android.tools:repository:31.7.2) with InstrumentationAnalysisTransform
Transforming repository-31.7.2.jar (com.android.tools:repository:31.7.2) with MergeInstrumentationAnalysisTransform
Transforming gradle-api-8.7.2.jar (com.android.tools.build:gradle-api:8.7.2) with InstrumentationAnalysisTransform
Transforming gradle-api-8.7.2.jar (com.android.tools.build:gradle-api:8.7.2) with MergeInstrumentationAnalysisTransform
Transforming builder-test-api-8.7.2.jar (com.android.tools.build:builder-test-api:8.7.2) with InstrumentationAnalysisTransform
Caching disabled for MergeInstrumentationAnalysisTransform: /home/runner/.gradle/caches/8.9/transforms/9cebb2c52175b3bf7a46e7d44fa65aa3/transformed/.gradle-instrumented-classpath.marker because:
  Build cache is disabled
  Caching not enabled.
Transforming builder-test-api-8.7.2.jar (com.android.tools.build:builder-test-api:8.7.2) with MergeInstrumentationAnalysisTransform
Transforming ddmlib-31.7.2.jar (com.android.tools.ddms:ddmlib:31.7.2) with InstrumentationAnalysisTransform
Transforming ddmlib-31.7.2.jar (com.android.tools.ddms:ddmlib:31.7.2) with MergeInstrumentationAnalysisTransform
Transforming aaptcompiler-8.7.2.jar (com.android.tools.build:aaptcompiler:8.7.2) with InstrumentationAnalysisTransform
Transforming aaptcompiler-8.7.2.jar (com.android.tools.build:aaptcompiler:8.7.2) with MergeInstrumentationAnalysisTransform
Transforming bundletool-1.17.1.jar (com.android.tools.build:bundletool:1.17.1) with InstrumentationAnalysisTransform
Transforming bundletool-1.17.1.jar (com.android.tools.build:bundletool:1.17.1) with MergeInstrumentationAnalysisTransform
Transforming aapt2-proto-8.7.2-12006047.jar (com.android.tools.build:aapt2-proto:8.7.2-12006047) with InstrumentationAnalysisTransform
Transforming aapt2-proto-8.7.2-12006047.jar (com.android.tools.build:aapt2-proto:8.7.2-12006047) with MergeInstrumentationAnalysisTransform
Transforming crash-31.7.2.jar (com.android.tools.analytics-library:crash:31.7.2) with InstrumentationAnalysisTransform
Transforming crash-31.7.2.jar (com.android.tools.analytics-library:crash:31.7.2) with MergeInstrumentationAnalysisTransform
Transforming tracker-31.7.2.jar (com.android.tools.analytics-library:tracker:31.7.2) with InstrumentationAnalysisTransform
Transforming tracker-31.7.2.jar (com.android.tools.analytics-library:tracker:31.7.2) with MergeInstrumentationAnalysisTransform
Transforming shared-31.7.2.jar (com.android.tools.analytics-library:shared:31.7.2) with InstrumentationAnalysisTransform
Transforming shared-31.7.2.jar (com.android.tools.analytics-library:shared:31.7.2) with MergeInstrumentationAnalysisTransform
Transforming lint-typedef-remover-31.7.2.jar (com.android.tools.lint:lint-typedef-remover:31.7.2) with InstrumentationAnalysisTransform
Transforming lint-typedef-remover-31.7.2.jar (com.android.tools.lint:lint-typedef-remover:31.7.2) with MergeInstrumentationAnalysisTransform
Transforming databinding-compiler-common-8.7.2.jar (androidx.databinding:databinding-compiler-common:8.7.2) with InstrumentationAnalysisTransform
Transforming databinding-compiler-common-8.7.2.jar (androidx.databinding:databinding-compiler-common:8.7.2) with MergeInstrumentationAnalysisTransform
Transforming databinding-common-8.7.2.jar (androidx.databinding:databinding-common:8.7.2) with InstrumentationAnalysisTransform
Transforming databinding-common-8.7.2.jar (androidx.databinding:databinding-common:8.7.2) with MergeInstrumentationAnalysisTransform
Transforming baseLibrary-8.7.2.jar (com.android.databinding:baseLibrary:8.7.2) with InstrumentationAnalysisTransform
Transforming baseLibrary-8.7.2.jar (com.android.databinding:baseLibrary:8.7.2) with MergeInstrumentationAnalysisTransform
Transforming layoutlib-api-31.7.2.jar (com.android.tools.layoutlib:layoutlib-api:31.7.2) with InstrumentationAnalysisTransform
Transforming layoutlib-api-31.7.2.jar (com.android.tools.layoutlib:layoutlib-api:31.7.2) with MergeInstrumentationAnalysisTransform
Transforming android-device-provider-ddmlib-proto-31.7.2.jar (com.android.tools.utp:android-device-provider-ddmlib-proto:31.7.2) with InstrumentationAnalysisTransform
Transforming android-device-provider-ddmlib-proto-31.7.2.jar (com.android.tools.utp:android-device-provider-ddmlib-proto:31.7.2) with MergeInstrumentationAnalysisTransform
Transforming android-device-provider-gradle-proto-31.7.2.jar (com.android.tools.utp:android-device-provider-gradle-proto:31.7.2) with InstrumentationAnalysisTransform
Transforming android-device-provider-gradle-proto-31.7.2.jar (com.android.tools.utp:android-device-provider-gradle-proto:31.7.2) with MergeInstrumentationAnalysisTransform
Transforming android-device-provider-profile-proto-31.7.2.jar (com.android.tools.utp:android-device-provider-profile-proto:31.7.2) with InstrumentationAnalysisTransform
Transforming android-device-provider-profile-proto-31.7.2.jar (com.android.tools.utp:android-device-provider-profile-proto:31.7.2) with MergeInstrumentationAnalysisTransform
Transforming android-test-plugin-host-additional-test-output-proto-31.7.2.jar (com.android.tools.utp:android-test-plugin-host-additional-test-output-proto:31.7.2) with InstrumentationAnalysisTransform
Transforming android-test-plugin-host-additional-test-output-proto-31.7.2.jar (com.android.tools.utp:android-test-plugin-host-additional-test-output-proto:31.7.2) with MergeInstrumentationAnalysisTransform
Transforming android-test-plugin-host-coverage-proto-31.7.2.jar (com.android.tools.utp:android-test-plugin-host-coverage-proto:31.7.2) with InstrumentationAnalysisTransform
Transforming android-test-plugin-host-coverage-proto-31.7.2.jar (com.android.tools.utp:android-test-plugin-host-coverage-proto:31.7.2) with MergeInstrumentationAnalysisTransform
Transforming android-test-plugin-host-emulator-control-proto-31.7.2.jar (com.android.tools.utp:android-test-plugin-host-emulator-control-proto:31.7.2) with InstrumentationAnalysisTransform
Transforming android-test-plugin-host-emulator-control-proto-31.7.2.jar (com.android.tools.utp:android-test-plugin-host-emulator-control-proto:31.7.2) with MergeInstrumentationAnalysisTransform
Transforming android-test-plugin-host-logcat-proto-31.7.2.jar (com.android.tools.utp:android-test-plugin-host-logcat-proto:31.7.2) with InstrumentationAnalysisTransform
Transforming android-test-plugin-host-logcat-proto-31.7.2.jar (com.android.tools.utp:android-test-plugin-host-logcat-proto:31.7.2) with MergeInstrumentationAnalysisTransform
Transforming android-test-plugin-host-apk-installer-proto-31.7.2.jar (com.android.tools.utp:android-test-plugin-host-apk-installer-proto:31.7.2) with InstrumentationAnalysisTransform
Transforming android-test-plugin-host-apk-installer-proto-31.7.2.jar (com.android.tools.utp:android-test-plugin-host-apk-installer-proto:31.7.2) with MergeInstrumentationAnalysisTransform
Transforming android-test-plugin-host-retention-proto-31.7.2.jar (com.android.tools.utp:android-test-plugin-host-retention-proto:31.7.2) with InstrumentationAnalysisTransform
Transforming android-test-plugin-host-retention-proto-31.7.2.jar (com.android.tools.utp:android-test-plugin-host-retention-proto:31.7.2) with MergeInstrumentationAnalysisTransform
Transforming android-test-plugin-result-listener-gradle-proto-31.7.2.jar (com.android.tools.utp:android-test-plugin-result-listener-gradle-proto:31.7.2) with InstrumentationAnalysisTransform
Transforming android-test-plugin-result-listener-gradle-proto-31.7.2.jar (com.android.tools.utp:android-test-plugin-result-listener-gradle-proto:31.7.2) with MergeInstrumentationAnalysisTransform
Transforming builder-model-8.7.2.jar (com.android.tools.build:builder-model:8.7.2) with InstrumentationAnalysisTransform
Transforming builder-model-8.7.2.jar (com.android.tools.build:builder-model:8.7.2) with MergeInstrumentationAnalysisTransform
Transforming dvlib-31.7.2.jar (com.android.tools:dvlib:31.7.2) with InstrumentationAnalysisTransform
Transforming dvlib-31.7.2.jar (com.android.tools:dvlib:31.7.2) with MergeInstrumentationAnalysisTransform
Transforming common-31.7.2.jar (com.android.tools:common:31.7.2) with InstrumentationAnalysisTransform
Transforming common-31.7.2.jar (com.android.tools:common:31.7.2) with MergeInstrumentationAnalysisTransform
Transforming jetifier-processor-1.0.0-beta10.jar (com.android.tools.build.jetifier:jetifier-processor:1.0.0-beta10) with InstrumentationAnalysisTransform
Transforming jetifier-processor-1.0.0-beta10.jar (com.android.tools.build.jetifier:jetifier-processor:1.0.0-beta10) with MergeInstrumentationAnalysisTransform
Transforming jetifier-core-1.0.0-beta10.jar (com.android.tools.build.jetifier:jetifier-core:1.0.0-beta10) with InstrumentationAnalysisTransform
Transforming jetifier-core-1.0.0-beta10.jar (com.android.tools.build.jetifier:jetifier-core:1.0.0-beta10) with MergeInstrumentationAnalysisTransform
Transforming kotlin-reflect-1.9.20.jar (org.jetbrains.kotlin:kotlin-reflect:1.9.20) with InstrumentationAnalysisTransform
Transforming kotlin-reflect-1.9.20.jar (org.jetbrains.kotlin:kotlin-reflect:1.9.20) with MergeInstrumentationAnalysisTransform
Transforming kotlin-stdlib-jdk7-1.9.20.jar (org.jetbrains.kotlin:kotlin-stdlib-jdk7:1.9.20) with InstrumentationAnalysisTransform
Transforming kotlin-stdlib-jdk7-1.9.20.jar (org.jetbrains.kotlin:kotlin-stdlib-jdk7:1.9.20) with MergeInstrumentationAnalysisTransform
Transforming kotlin-stdlib-1.9.20.jar (org.jetbrains.kotlin:kotlin-stdlib:1.9.20) with InstrumentationAnalysisTransform
Transforming kotlin-stdlib-1.9.20.jar (org.jetbrains.kotlin:kotlin-stdlib:1.9.20) with MergeInstrumentationAnalysisTransform
Transforming kotlin-stdlib-jdk8-1.9.20.jar (org.jetbrains.kotlin:kotlin-stdlib-jdk8:1.9.20) with InstrumentationAnalysisTransform
Transforming kotlin-stdlib-jdk8-1.9.20.jar (org.jetbrains.kotlin:kotlin-stdlib-jdk8:1.9.20) with MergeInstrumentationAnalysisTransform
Transforming transform-api-2.0.0-deprecated-use-gradle-api.jar (com.android.tools.build:transform-api:2.0.0-deprecated-use-gradle-api) with InstrumentationAnalysisTransform
Transforming transform-api-2.0.0-deprecated-use-gradle-api.jar (com.android.tools.build:transform-api:2.0.0-deprecated-use-gradle-api) with MergeInstrumentationAnalysisTransform
Transforming httpmime-4.5.6.jar (org.apache.httpcomponents:httpmime:4.5.6) with InstrumentationAnalysisTransform
Transforming httpmime-4.5.6.jar (org.apache.httpcomponents:httpmime:4.5.6) with MergeInstrumentationAnalysisTransform
Transforming commons-io-2.13.0.jar (commons-io:commons-io:2.13.0) with InstrumentationAnalysisTransform
Transforming commons-io-2.13.0.jar (commons-io:commons-io:2.13.0) with MergeInstrumentationAnalysisTransform
Transforming asm-commons-9.6.jar (org.ow2.asm:asm-commons:9.6) with InstrumentationAnalysisTransform
Transforming asm-commons-9.6.jar (org.ow2.asm:asm-commons:9.6) with MergeInstrumentationAnalysisTransform
Transforming asm-util-9.6.jar (org.ow2.asm:asm-util:9.6) with InstrumentationAnalysisTransform
Transforming asm-util-9.6.jar (org.ow2.asm:asm-util:9.6) with MergeInstrumentationAnalysisTransform
Transforming asm-analysis-9.6.jar (org.ow2.asm:asm-analysis:9.6) with InstrumentationAnalysisTransform
Transforming asm-analysis-9.6.jar (org.ow2.asm:asm-analysis:9.6) with MergeInstrumentationAnalysisTransform
Transforming asm-tree-9.6.jar (org.ow2.asm:asm-tree:9.6) with InstrumentationAnalysisTransform
Transforming asm-tree-9.6.jar (org.ow2.asm:asm-tree:9.6) with MergeInstrumentationAnalysisTransform
Transforming asm-9.6.jar (org.ow2.asm:asm:9.6) with InstrumentationAnalysisTransform
Transforming asm-9.6.jar (org.ow2.asm:asm:9.6) with MergeInstrumentationAnalysisTransform
Transforming apkzlib-8.7.2.jar (com.android.tools.build:apkzlib:8.7.2) with InstrumentationAnalysisTransform
Transforming apkzlib-8.7.2.jar (com.android.tools.build:apkzlib:8.7.2) with MergeInstrumentationAnalysisTransform
Transforming bcpkix-jdk18on-1.77.jar (org.bouncycastle:bcpkix-jdk18on:1.77) with InstrumentationAnalysisTransform
Transforming bcpkix-jdk18on-1.77.jar (org.bouncycastle:bcpkix-jdk18on:1.77) with MergeInstrumentationAnalysisTransform
Transforming jaxb-runtime-2.3.2.jar (org.glassfish.jaxb:jaxb-runtime:2.3.2) with InstrumentationAnalysisTransform
Transforming jaxb-runtime-2.3.2.jar (org.glassfish.jaxb:jaxb-runtime:2.3.2) with MergeInstrumentationAnalysisTransform
Transforming jopt-simple-4.9.jar (net.sf.jopt-simple:jopt-simple:4.9) with InstrumentationAnalysisTransform
Transforming jopt-simple-4.9.jar (net.sf.jopt-simple:jopt-simple:4.9) with MergeInstrumentationAnalysisTransform
Transforming javapoet-1.10.0.jar (com.squareup:javapoet:1.10.0) with InstrumentationAnalysisTransform
Transforming javapoet-1.10.0.jar (com.squareup:javapoet:1.10.0) with MergeInstrumentationAnalysisTransform
Transforming protobuf-java-util-3.22.3.jar (com.google.protobuf:protobuf-java-util:3.22.3) with InstrumentationAnalysisTransform
Transforming protobuf-java-util-3.22.3.jar (com.google.protobuf:protobuf-java-util:3.22.3) with MergeInstrumentationAnalysisTransform
Transforming grpc-protobuf-1.57.0.jar (io.grpc:grpc-protobuf:1.57.0) with InstrumentationAnalysisTransform
Transforming grpc-protobuf-1.57.0.jar (io.grpc:grpc-protobuf:1.57.0) with MergeInstrumentationAnalysisTransform
Transforming tink-1.7.0.jar (com.google.crypto.tink:tink:1.7.0) with InstrumentationAnalysisTransform
Transforming tink-1.7.0.jar (com.google.crypto.tink:tink:1.7.0) with MergeInstrumentationAnalysisTransform
Transforming protos-31.7.2.jar (com.android.tools.analytics-library:protos:31.7.2) with InstrumentationAnalysisTransform
Transforming protos-31.7.2.jar (com.android.tools.analytics-library:protos:31.7.2) with MergeInstrumentationAnalysisTransform
Transforming proto-google-common-protos-2.17.0.jar (com.google.api.grpc:proto-google-common-protos:2.17.0) with InstrumentationAnalysisTransform
Transforming proto-google-common-protos-2.17.0.jar (com.google.api.grpc:proto-google-common-protos:2.17.0) with MergeInstrumentationAnalysisTransform
Transforming protobuf-java-3.22.3.jar (com.google.protobuf:protobuf-java:3.22.3) with InstrumentationAnalysisTransform
Transforming protobuf-java-3.22.3.jar (com.google.protobuf:protobuf-java:3.22.3) with MergeInstrumentationAnalysisTransform
Transforming grpc-netty-1.57.0.jar (io.grpc:grpc-netty:1.57.0) with InstrumentationAnalysisTransform
Caching disabled for MergeInstrumentationAnalysisTransform: /home/runner/.gradle/caches/8.9/transforms/2f5681002adf515f3b97a5a8f4958ba1/transformed/analysis/instrumentation-hierarchy.bin because:
  Build cache is disabled
  Caching not enabled.
Caching disabled for MergeInstrumentationAnalysisTransform: /home/runner/.gradle/caches/8.9/transforms/9cebb2c52175b3bf7a46e7d44fa65aa3/transformed/analysis/instrumentation-hierarchy.bin because:
  Build cache is disabled
  Caching not enabled.
Transforming grpc-netty-1.57.0.jar (io.grpc:grpc-netty:1.57.0) with MergeInstrumentationAnalysisTransform
Transforming grpc-core-1.57.0.jar (io.grpc:grpc-core:1.57.0) with InstrumentationAnalysisTransform
Transforming grpc-core-1.57.0.jar (io.grpc:grpc-core:1.57.0) with MergeInstrumentationAnalysisTransform
Transforming gson-2.10.1.jar (com.google.code.gson:gson:2.10.1) with InstrumentationAnalysisTransform
Transforming gson-2.10.1.jar (com.google.code.gson:gson:2.10.1) with MergeInstrumentationAnalysisTransform
Transforming grpc-stub-1.57.0.jar (io.grpc:grpc-stub:1.57.0) with InstrumentationAnalysisTransform
Transforming grpc-stub-1.57.0.jar (io.grpc:grpc-stub:1.57.0) with MergeInstrumentationAnalysisTransform
Transforming core-proto-0.0.9-alpha02.jar (com.google.testing.platform:core-proto:0.0.9-alpha02) with InstrumentationAnalysisTransform
Transforming core-proto-0.0.9-alpha02.jar (com.google.testing.platform:core-proto:0.0.9-alpha02) with MergeInstrumentationAnalysisTransform
Transforming tensorflow-lite-metadata-0.1.0-rc2.jar (org.tensorflow:tensorflow-lite-metadata:0.1.0-rc2) with InstrumentationAnalysisTransform
Transforming tensorflow-lite-metadata-0.1.0-rc2.jar (org.tensorflow:tensorflow-lite-metadata:0.1.0-rc2) with MergeInstrumentationAnalysisTransform
Caching disabled for MergeInstrumentationAnalysisTransform: /home/runner/.gradle/caches/8.9/transforms/0c44ae6b7c02b28fbbca127007aa1ae7/transformed/analysis/instrumentation-hierarchy.bin because:
  Build cache is disabled
  Caching not enabled.
Transforming flatbuffers-java-1.12.0.jar (com.google.flatbuffers:flatbuffers-java:1.12.0) with InstrumentationAnalysisTransform
Transforming flatbuffers-java-1.12.0.jar (com.google.flatbuffers:flatbuffers-java:1.12.0) with MergeInstrumentationAnalysisTransform
Transforming jimfs-1.1.jar (com.google.jimfs:jimfs:1.1) with InstrumentationAnalysisTransform
Transforming jimfs-1.1.jar (com.google.jimfs:jimfs:1.1) with MergeInstrumentationAnalysisTransform
Transforming grpc-context-1.57.0.jar (io.grpc:grpc-context:1.57.0) with InstrumentationAnalysisTransform
Transforming grpc-context-1.57.0.jar (io.grpc:grpc-context:1.57.0) with MergeInstrumentationAnalysisTransform
Transforming grpc-protobuf-lite-1.57.0.jar (io.grpc:grpc-protobuf-lite:1.57.0) with InstrumentationAnalysisTransform
Transforming grpc-protobuf-lite-1.57.0.jar (io.grpc:grpc-protobuf-lite:1.57.0) with MergeInstrumentationAnalysisTransform
Transforming grpc-api-1.57.0.jar (io.grpc:grpc-api:1.57.0) with InstrumentationAnalysisTransform
Transforming grpc-api-1.57.0.jar (io.grpc:grpc-api:1.57.0) with MergeInstrumentationAnalysisTransform
Transforming guava-32.0.1-jre.jar (com.google.guava:guava:32.0.1-jre) with InstrumentationAnalysisTransform
Transforming guava-32.0.1-jre.jar (com.google.guava:guava:32.0.1-jre) with MergeInstrumentationAnalysisTransform
Transforming dagger-2.28.3.jar (com.google.dagger:dagger:2.28.3) with InstrumentationAnalysisTransform
Transforming dagger-2.28.3.jar (com.google.dagger:dagger:2.28.3) with MergeInstrumentationAnalysisTransform
Transforming javax.inject-1.jar (javax.inject:javax.inject:1) with InstrumentationAnalysisTransform
Transforming javax.inject-1.jar (javax.inject:javax.inject:1) with MergeInstrumentationAnalysisTransform
Transforming kxml2-2.3.0.jar (net.sf.kxml:kxml2:2.3.0) with InstrumentationAnalysisTransform
Transforming kxml2-2.3.0.jar (net.sf.kxml:kxml2:2.3.0) with MergeInstrumentationAnalysisTransform
Transforming bcutil-jdk18on-1.77.jar (org.bouncycastle:bcutil-jdk18on:1.77) with InstrumentationAnalysisTransform
Transforming bcutil-jdk18on-1.77.jar (org.bouncycastle:bcutil-jdk18on:1.77) with MergeInstrumentationAnalysisTransform
Transforming bcprov-jdk18on-1.77.jar (org.bouncycastle:bcprov-jdk18on:1.77) with InstrumentationAnalysisTransform
Transforming bcprov-jdk18on-1.77.jar (org.bouncycastle:bcprov-jdk18on:1.77) with MergeInstrumentationAnalysisTransform
Transforming trove4j-1.0.20200330.jar (org.jetbrains.intellij.deps:trove4j:1.0.20200330) with InstrumentationAnalysisTransform
Transforming trove4j-1.0.20200330.jar (org.jetbrains.intellij.deps:trove4j:1.0.20200330) with MergeInstrumentationAnalysisTransform
Transforming commons-compress-1.21.jar (org.apache.commons:commons-compress:1.21) with InstrumentationAnalysisTransform
Transforming commons-compress-1.21.jar (org.apache.commons:commons-compress:1.21) with MergeInstrumentationAnalysisTransform
Transforming httpclient-4.5.14.jar (org.apache.httpcomponents:httpclient:4.5.14) with InstrumentationAnalysisTransform
Transforming httpclient-4.5.14.jar (org.apache.httpcomponents:httpclient:4.5.14) with MergeInstrumentationAnalysisTransform
Transforming httpcore-4.4.16.jar (org.apache.httpcomponents:httpcore:4.4.16) with InstrumentationAnalysisTransform
Transforming httpcore-4.4.16.jar (org.apache.httpcomponents:httpcore:4.4.16) with MergeInstrumentationAnalysisTransform
Transforming javax.activation-1.2.0.jar (com.sun.activation:javax.activation:1.2.0) with InstrumentationAnalysisTransform
Transforming javax.activation-1.2.0.jar (com.sun.activation:javax.activation:1.2.0) with MergeInstrumentationAnalysisTransform
Transforming annotations-23.0.0.jar (org.jetbrains:annotations:23.0.0) with InstrumentationAnalysisTransform
Transforming annotations-23.0.0.jar (org.jetbrains:annotations:23.0.0) with MergeInstrumentationAnalysisTransform
Transforming signflinger-8.7.2.jar (com.android:signflinger:8.7.2) with InstrumentationAnalysisTransform
Transforming signflinger-8.7.2.jar (com.android:signflinger:8.7.2) with MergeInstrumentationAnalysisTransform
Transforming zipflinger-8.7.2.jar (com.android:zipflinger:8.7.2) with InstrumentationAnalysisTransform
Transforming zipflinger-8.7.2.jar (com.android:zipflinger:8.7.2) with MergeInstrumentationAnalysisTransform
Transforming annotations-31.7.2.jar (com.android.tools:annotations:31.7.2) with InstrumentationAnalysisTransform
Transforming annotations-31.7.2.jar (com.android.tools:annotations:31.7.2) with MergeInstrumentationAnalysisTransform
Transforming jna-platform-5.6.0.jar (net.java.dev.jna:jna-platform:5.6.0) with InstrumentationAnalysisTransform
Transforming jna-platform-5.6.0.jar (net.java.dev.jna:jna-platform:5.6.0) with MergeInstrumentationAnalysisTransform
Transforming juniversalchardet-1.0.3.jar (com.googlecode.juniversalchardet:juniversalchardet:1.0.3) with InstrumentationAnalysisTransform
Transforming juniversalchardet-1.0.3.jar (com.googlecode.juniversalchardet:juniversalchardet:1.0.3) with MergeInstrumentationAnalysisTransform
Transforming javax.annotation-api-1.3.2.jar (javax.annotation:javax.annotation-api:1.3.2) with InstrumentationAnalysisTransform
Transforming javax.annotation-api-1.3.2.jar (javax.annotation:javax.annotation-api:1.3.2) with MergeInstrumentationAnalysisTransform
Transforming stax-ex-1.8.1.jar (org.jvnet.staxex:stax-ex:1.8.1) with InstrumentationAnalysisTransform
Transforming stax-ex-1.8.1.jar (org.jvnet.staxex:stax-ex:1.8.1) with MergeInstrumentationAnalysisTransform
Transforming jakarta.xml.bind-api-2.3.2.jar (jakarta.xml.bind:jakarta.xml.bind-api:2.3.2) with InstrumentationAnalysisTransform
Transforming jakarta.xml.bind-api-2.3.2.jar (jakarta.xml.bind:jakarta.xml.bind-api:2.3.2) with MergeInstrumentationAnalysisTransform
Transforming txw2-2.3.2.jar (org.glassfish.jaxb:txw2:2.3.2) with InstrumentationAnalysisTransform
Transforming txw2-2.3.2.jar (org.glassfish.jaxb:txw2:2.3.2) with MergeInstrumentationAnalysisTransform
Transforming istack-commons-runtime-3.0.8.jar (com.sun.istack:istack-commons-runtime:3.0.8) with InstrumentationAnalysisTransform
Transforming istack-commons-runtime-3.0.8.jar (com.sun.istack:istack-commons-runtime:3.0.8) with MergeInstrumentationAnalysisTransform
Transforming FastInfoset-1.2.16.jar (com.sun.xml.fastinfoset:FastInfoset:1.2.16) with InstrumentationAnalysisTransform
Transforming FastInfoset-1.2.16.jar (com.sun.xml.fastinfoset:FastInfoset:1.2.16) with MergeInstrumentationAnalysisTransform
Transforming jakarta.activation-api-1.2.1.jar (jakarta.activation:jakarta.activation-api:1.2.1) with InstrumentationAnalysisTransform
Transforming jakarta.activation-api-1.2.1.jar (jakarta.activation:jakarta.activation-api:1.2.1) with MergeInstrumentationAnalysisTransform
Transforming auto-value-annotations-1.6.2.jar (com.google.auto.value:auto-value-annotations:1.6.2) with InstrumentationAnalysisTransform
Transforming auto-value-annotations-1.6.2.jar (com.google.auto.value:auto-value-annotations:1.6.2) with MergeInstrumentationAnalysisTransform
Transforming error_prone_annotations-2.18.0.jar (com.google.errorprone:error_prone_annotations:2.18.0) with InstrumentationAnalysisTransform
Transforming error_prone_annotations-2.18.0.jar (com.google.errorprone:error_prone_annotations:2.18.0) with MergeInstrumentationAnalysisTransform
Transforming jose4j-0.9.5.jar (org.bitbucket.b_c:jose4j:0.9.5) with InstrumentationAnalysisTransform
Transforming jose4j-0.9.5.jar (org.bitbucket.b_c:jose4j:0.9.5) with MergeInstrumentationAnalysisTransform
Transforming slf4j-api-1.7.30.jar (org.slf4j:slf4j-api:1.7.30) with InstrumentationAnalysisTransform
Transforming slf4j-api-1.7.30.jar (org.slf4j:slf4j-api:1.7.30) with MergeInstrumentationAnalysisTransform
Transforming jdom2-2.0.6.jar (org.jdom:jdom2:2.0.6) with InstrumentationAnalysisTransform
Transforming jdom2-2.0.6.jar (org.jdom:jdom2:2.0.6) with MergeInstrumentationAnalysisTransform
Transforming jsr305-3.0.2.jar (com.google.code.findbugs:jsr305:3.0.2) with InstrumentationAnalysisTransform
Transforming jsr305-3.0.2.jar (com.google.code.findbugs:jsr305:3.0.2) with MergeInstrumentationAnalysisTransform
Transforming j2objc-annotations-2.8.jar (com.google.j2objc:j2objc-annotations:2.8) with InstrumentationAnalysisTransform
Transforming j2objc-annotations-2.8.jar (com.google.j2objc:j2objc-annotations:2.8) with MergeInstrumentationAnalysisTransform
Transforming annotations-4.1.1.4.jar (com.google.android:annotations:4.1.1.4) with InstrumentationAnalysisTransform
Transforming annotations-4.1.1.4.jar (com.google.android:annotations:4.1.1.4) with MergeInstrumentationAnalysisTransform
Transforming animal-sniffer-annotations-1.23.jar (org.codehaus.mojo:animal-sniffer-annotations:1.23) with InstrumentationAnalysisTransform
Transforming animal-sniffer-annotations-1.23.jar (org.codehaus.mojo:animal-sniffer-annotations:1.23) with MergeInstrumentationAnalysisTransform
Transforming perfmark-api-0.26.0.jar (io.perfmark:perfmark-api:0.26.0) with InstrumentationAnalysisTransform
Transforming perfmark-api-0.26.0.jar (io.perfmark:perfmark-api:0.26.0) with MergeInstrumentationAnalysisTransform
Transforming netty-codec-http2-4.1.93.Final.jar (io.netty:netty-codec-http2:4.1.93.Final) with InstrumentationAnalysisTransform
Caching disabled for MergeInstrumentationAnalysisTransform: /home/runner/.gradle/caches/8.9/transforms/0c44ae6b7c02b28fbbca127007aa1ae7/transformed/analysis/instrumentation-dependencies.bin because:
  Build cache is disabled
  Caching not enabled.
Transforming netty-codec-http2-4.1.93.Final.jar (io.netty:netty-codec-http2:4.1.93.Final) with MergeInstrumentationAnalysisTransform
Transforming netty-handler-proxy-4.1.93.Final.jar (io.netty:netty-handler-proxy:4.1.93.Final) with InstrumentationAnalysisTransform
Transforming netty-handler-proxy-4.1.93.Final.jar (io.netty:netty-handler-proxy:4.1.93.Final) with MergeInstrumentationAnalysisTransform
Transforming netty-codec-http-4.1.93.Final.jar (io.netty:netty-codec-http:4.1.93.Final) with InstrumentationAnalysisTransform
Transforming netty-codec-http-4.1.93.Final.jar (io.netty:netty-codec-http:4.1.93.Final) with MergeInstrumentationAnalysisTransform
Transforming netty-handler-4.1.93.Final.jar (io.netty:netty-handler:4.1.93.Final) with InstrumentationAnalysisTransform
Transforming netty-handler-4.1.93.Final.jar (io.netty:netty-handler:4.1.93.Final) with MergeInstrumentationAnalysisTransform
Transforming netty-transport-native-unix-common-4.1.93.Final.jar (io.netty:netty-transport-native-unix-common:4.1.93.Final) with InstrumentationAnalysisTransform
Transforming netty-transport-native-unix-common-4.1.93.Final.jar (io.netty:netty-transport-native-unix-common:4.1.93.Final) with MergeInstrumentationAnalysisTransform
Transforming checker-qual-3.33.0.jar (org.checkerframework:checker-qual:3.33.0) with InstrumentationAnalysisTransform
Transforming checker-qual-3.33.0.jar (org.checkerframework:checker-qual:3.33.0) with MergeInstrumentationAnalysisTransform
Transforming commons-codec-1.11.jar (commons-codec:commons-codec:1.11) with InstrumentationAnalysisTransform
Transforming commons-codec-1.11.jar (commons-codec:commons-codec:1.11) with MergeInstrumentationAnalysisTransform
Transforming apksig-8.7.2.jar (com.android.tools.build:apksig:8.7.2) with InstrumentationAnalysisTransform
Transforming apksig-8.7.2.jar (com.android.tools.build:apksig:8.7.2) with MergeInstrumentationAnalysisTransform
Transforming javawriter-2.5.0.jar (com.squareup:javawriter:2.5.0) with InstrumentationAnalysisTransform
Transforming javawriter-2.5.0.jar (com.squareup:javawriter:2.5.0) with MergeInstrumentationAnalysisTransform
Transforming failureaccess-1.0.1.jar (com.google.guava:failureaccess:1.0.1) with InstrumentationAnalysisTransform
Caching disabled for MergeInstrumentationAnalysisTransform: /home/runner/.gradle/caches/8.9/transforms/2f5681002adf515f3b97a5a8f4958ba1/transformed/analysis/instrumentation-dependencies.bin because:
  Build cache is disabled
  Caching not enabled.
Transforming failureaccess-1.0.1.jar (com.google.guava:failureaccess:1.0.1) with MergeInstrumentationAnalysisTransform
Transforming listenablefuture-9999.0-empty-to-avoid-conflict-with-guava.jar (com.google.guava:listenablefuture:9999.0-empty-to-avoid-conflict-with-guava) with InstrumentationAnalysisTransform
Transforming listenablefuture-9999.0-empty-to-avoid-conflict-with-guava.jar (com.google.guava:listenablefuture:9999.0-empty-to-avoid-conflict-with-guava) with MergeInstrumentationAnalysisTransform
Transforming commons-logging-1.2.jar (commons-logging:commons-logging:1.2) with InstrumentationAnalysisTransform
Transforming commons-logging-1.2.jar (commons-logging:commons-logging:1.2) with MergeInstrumentationAnalysisTransform
Transforming jna-5.6.0.jar (net.java.dev.jna:jna:5.6.0) with InstrumentationAnalysisTransform
Transforming jna-5.6.0.jar (net.java.dev.jna:jna:5.6.0) with MergeInstrumentationAnalysisTransform
Transforming netty-codec-socks-4.1.93.Final.jar (io.netty:netty-codec-socks:4.1.93.Final) with InstrumentationAnalysisTransform
Transforming netty-codec-socks-4.1.93.Final.jar (io.netty:netty-codec-socks:4.1.93.Final) with MergeInstrumentationAnalysisTransform
Transforming netty-codec-4.1.93.Final.jar (io.netty:netty-codec:4.1.93.Final) with InstrumentationAnalysisTransform
Caching disabled for MergeInstrumentationAnalysisTransform: /home/runner/.gradle/caches/8.9/transforms/9cebb2c52175b3bf7a46e7d44fa65aa3/transformed/analysis/instrumentation-dependencies.bin because:
  Build cache is disabled
  Caching not enabled.
Transforming netty-codec-4.1.93.Final.jar (io.netty:netty-codec:4.1.93.Final) with MergeInstrumentationAnalysisTransform
Transforming netty-transport-4.1.93.Final.jar (io.netty:netty-transport:4.1.93.Final) with InstrumentationAnalysisTransform
Transforming netty-transport-4.1.93.Final.jar (io.netty:netty-transport:4.1.93.Final) with MergeInstrumentationAnalysisTransform
Transforming netty-buffer-4.1.93.Final.jar (io.netty:netty-buffer:4.1.93.Final) with InstrumentationAnalysisTransform
Transforming netty-buffer-4.1.93.Final.jar (io.netty:netty-buffer:4.1.93.Final) with MergeInstrumentationAnalysisTransform
Transforming netty-resolver-4.1.93.Final.jar (io.netty:netty-resolver:4.1.93.Final) with InstrumentationAnalysisTransform
Transforming netty-resolver-4.1.93.Final.jar (io.netty:netty-resolver:4.1.93.Final) with MergeInstrumentationAnalysisTransform
Transforming netty-common-4.1.93.Final.jar (io.netty:netty-common:4.1.93.Final) with InstrumentationAnalysisTransform
Transforming netty-common-4.1.93.Final.jar (io.netty:netty-common:4.1.93.Final) with MergeInstrumentationAnalysisTransform
Caching disabled for MergeInstrumentationAnalysisTransform: /home/runner/.gradle/caches/8.9/transforms/a643045606fb34c333ed612e63a4d00f/transformed/analysis/instrumentation-hierarchy.bin because:
  Build cache is disabled
  Caching not enabled.
Caching disabled for MergeInstrumentationAnalysisTransform: /home/runner/.gradle/caches/8.9/transforms/a643045606fb34c333ed612e63a4d00f/transformed/analysis/instrumentation-dependencies.bin because:
  Build cache is disabled
  Caching not enabled.
Caching disabled for MergeInstrumentationAnalysisTransform: /home/runner/.gradle/caches/modules-2/files-2.1/com.android.tools.lint/lint-model/31.7.2/97083bcf1d06633487523abd3e340ea216e988d2/lint-model-31.7.2.jar because:
  Build cache is disabled
  Caching not enabled.
Transforming lint-model-31.7.2.jar (com.android.tools.lint:lint-model:31.7.2) with ExternalDependencyInstrumentingArtifactTransform
Caching disabled for ExternalDependencyInstrumentingArtifactTransform: /home/runner/.gradle/caches/8.9/transforms/863cac37fa1008db1907fe6e614aea3b/transformed/.gradle-instrumented-classpath.marker because:
  Build cache is disabled
  Caching not enabled.
Caching disabled for MergeInstrumentationAnalysisTransform: /home/runner/.gradle/caches/modules-2/files-2.1/com.android.tools.build/gradle-settings-api/8.7.2/475ab3f73b86fbd4e057f3c472812d7c06353278/gradle-settings-api-8.7.2.jar because:
  Build cache is disabled
  Caching not enabled.
Transforming gradle-settings-api-8.7.2.jar (com.android.tools.build:gradle-settings-api:8.7.2) with ExternalDependencyInstrumentingArtifactTransform
Caching disabled for ExternalDependencyInstrumentingArtifactTransform: /home/runner/.gradle/caches/8.9/transforms/863cac37fa1008db1907fe6e614aea3b/transformed/merge/instrumentation-dependencies.bin because:
  Build cache is disabled
  Caching not enabled.
Caching disabled for ExternalDependencyInstrumentingArtifactTransform: /home/runner/.gradle/caches/8.9/transforms/246d22c2d1befb9d595606eadd6b2b28/transformed/merge/instrumentation-dependencies.bin because:
  Build cache is disabled
  Caching not enabled.
Caching disabled for MergeInstrumentationAnalysisTransform: /home/runner/.gradle/caches/modules-2/files-2.1/com.android.tools.build/builder/8.7.2/d7626a22f7ba2c6e28f4fe718c41f8af90c0a3f0/builder-8.7.2.jar because:
  Build cache is disabled
  Caching not enabled.
Transforming builder-8.7.2.jar (com.android.tools.build:builder:8.7.2) with ExternalDependencyInstrumentingArtifactTransform
Caching disabled for ExternalDependencyInstrumentingArtifactTransform: /home/runner/.gradle/caches/8.9/transforms/f09419704a971b2a930e0775c0c6cb75/transformed/merge/instrumentation-dependencies.bin because:
  Build cache is disabled
  Caching not enabled.
Caching disabled for ExternalDependencyInstrumentingArtifactTransform: /home/runner/.gradle/caches/modules-2/files-2.1/com.android.tools.build/gradle-settings-api/8.7.2/475ab3f73b86fbd4e057f3c472812d7c06353278/gradle-settings-api-8.7.2.jar because:
  Build cache is disabled
  Caching not enabled.
Caching disabled for MergeInstrumentationAnalysisTransform: /home/runner/.gradle/caches/8.9/transforms/b83e0454cdd07fcbb6cb84b075c5b667/transformed/analysis/instrumentation-hierarchy.bin because:
  Build cache is disabled
  Caching not enabled.
Caching disabled for MergeInstrumentationAnalysisTransform: /home/runner/.gradle/caches/8.9/transforms/b83e0454cdd07fcbb6cb84b075c5b667/transformed/analysis/instrumentation-dependencies.bin because:
  Build cache is disabled
  Caching not enabled.
Caching disabled for MergeInstrumentationAnalysisTransform: /home/runner/.gradle/caches/modules-2/files-2.1/com.android.tools.build/manifest-merger/31.7.2/d7e6758656b7384f3789be374116f58813a26fd3/manifest-merger-31.7.2.jar because:
  Build cache is disabled
  Caching not enabled.
Transforming manifest-merger-31.7.2.jar (com.android.tools.build:manifest-merger:31.7.2) with ExternalDependencyInstrumentingArtifactTransform
Caching disabled for ExternalDependencyInstrumentingArtifactTransform: /home/runner/.gradle/caches/8.9/transforms/27c425cda982beda0b4ae3aafaf44779/transformed/merge/instrumentation-dependencies.bin because:
  Build cache is disabled
  Caching not enabled.
Caching disabled for MergeInstrumentationAnalysisTransform: /home/runner/.gradle/caches/modules-2/files-2.1/com.android.tools.build/gradle/8.7.2/401eda5842a1dae1e662fb9dee1a2ae725bcc428/gradle-8.7.2.jar because:
  Build cache is disabled
  Caching not enabled.
Transforming gradle-8.7.2.jar (com.android.tools.build:gradle:8.7.2) with ExternalDependencyInstrumentingArtifactTransform
Caching disabled for ExternalDependencyInstrumentingArtifactTransform: /home/runner/.gradle/caches/8.9/transforms/f478053e98a22d264658f8d6d98b8915/transformed/merge/instrumentation-dependencies.bin because:
  Build cache is disabled
  Caching not enabled.
Caching disabled for ExternalDependencyInstrumentingArtifactTransform: /home/runner/.gradle/caches/modules-2/files-2.1/com.android.tools.lint/lint-model/31.7.2/97083bcf1d06633487523abd3e340ea216e988d2/lint-model-31.7.2.jar because:
  Build cache is disabled
  Caching not enabled.
Caching disabled for MergeInstrumentationAnalysisTransform: /home/runner/.gradle/caches/8.9/transforms/96379b3041aeb3e56aee2a4be6393c21/transformed/analysis/instrumentation-hierarchy.bin because:
  Build cache is disabled
  Caching not enabled.
Caching disabled for MergeInstrumentationAnalysisTransform: /home/runner/.gradle/caches/8.9/transforms/96379b3041aeb3e56aee2a4be6393c21/transformed/analysis/instrumentation-dependencies.bin because:
  Build cache is disabled
  Caching not enabled.
Caching disabled for MergeInstrumentationAnalysisTransform: /home/runner/.gradle/caches/modules-2/files-2.1/com.android.tools/sdk-common/31.7.2/d17c3d28724a5f3e90a5ae053714627b740ff80c/sdk-common-31.7.2.jar because:
  Build cache is disabled
  Caching not enabled.
Transforming sdk-common-31.7.2.jar (com.android.tools:sdk-common:31.7.2) with ExternalDependencyInstrumentingArtifactTransform
Caching disabled for ExternalDependencyInstrumentingArtifactTransform: /home/runner/.gradle/caches/8.9/transforms/7d837b38aa8d3423ef4e6fdf7c4f6ff0/transformed/merge/instrumentation-dependencies.bin because:
  Build cache is disabled
  Caching not enabled.
Caching disabled for ExternalDependencyInstrumentingArtifactTransform: /home/runner/.gradle/caches/modules-2/files-2.1/com.android.tools.build/manifest-merger/31.7.2/d7e6758656b7384f3789be374116f58813a26fd3/manifest-merger-31.7.2.jar because:
  Build cache is disabled
  Caching not enabled.
Caching disabled for MergeInstrumentationAnalysisTransform: /home/runner/.gradle/caches/8.9/transforms/9ad1beeb779e928db684f6074fd29b8e/transformed/analysis/instrumentation-hierarchy.bin because:
  Build cache is disabled
  Caching not enabled.
Caching disabled for MergeInstrumentationAnalysisTransform: /home/runner/.gradle/caches/8.9/transforms/9ad1beeb779e928db684f6074fd29b8e/transformed/analysis/instrumentation-dependencies.bin because:
  Build cache is disabled
  Caching not enabled.
Caching disabled for MergeInstrumentationAnalysisTransform: /home/runner/.gradle/caches/modules-2/files-2.1/com.android.tools/sdklib/31.7.2/adb7cac2ab282100e2b8b6d66b997a69ed06adf/sdklib-31.7.2.jar because:
  Build cache is disabled
  Caching not enabled.
Transforming sdklib-31.7.2.jar (com.android.tools:sdklib:31.7.2) with ExternalDependencyInstrumentingArtifactTransform
Caching disabled for ExternalDependencyInstrumentingArtifactTransform: /home/runner/.gradle/caches/8.9/transforms/cd61fd82eb73aedb487a401122b8325a/transformed/merge/instrumentation-dependencies.bin because:
  Build cache is disabled
  Caching not enabled.
Caching disabled for ExternalDependencyInstrumentingArtifactTransform: /home/runner/.gradle/caches/modules-2/files-2.1/com.android.tools/sdklib/31.7.2/adb7cac2ab282100e2b8b6d66b997a69ed06adf/sdklib-31.7.2.jar because:
  Build cache is disabled
  Caching not enabled.
Caching disabled for MergeInstrumentationAnalysisTransform: /home/runner/.gradle/caches/8.9/transforms/d02259476332cef50377e103228dce6d/transformed/analysis/instrumentation-hierarchy.bin because:
  Build cache is disabled
  Caching not enabled.
Caching disabled for MergeInstrumentationAnalysisTransform: /home/runner/.gradle/caches/8.9/transforms/d02259476332cef50377e103228dce6d/transformed/analysis/instrumentation-dependencies.bin because:
  Build cache is disabled
  Caching not enabled.
Caching disabled for MergeInstrumentationAnalysisTransform: /home/runner/.gradle/caches/modules-2/files-2.1/com.android.tools/repository/31.7.2/97e2e59d682d3f40706ec140f74e784bca0dc6dc/repository-31.7.2.jar because:
  Build cache is disabled
  Caching not enabled.
Transforming repository-31.7.2.jar (com.android.tools:repository:31.7.2) with ExternalDependencyInstrumentingArtifactTransform
Caching disabled for ExternalDependencyInstrumentingArtifactTransform: /home/runner/.gradle/caches/8.9/transforms/2b8858358a86bf3266a647037a0fa866/transformed/merge/instrumentation-dependencies.bin because:
  Build cache is disabled
  Caching not enabled.
Caching disabled for ExternalDependencyInstrumentingArtifactTransform: /home/runner/.gradle/caches/modules-2/files-2.1/com.android.tools/repository/31.7.2/97e2e59d682d3f40706ec140f74e784bca0dc6dc/repository-31.7.2.jar because:
  Build cache is disabled
  Caching not enabled.
Caching disabled for MergeInstrumentationAnalysisTransform: /home/runner/.gradle/caches/8.9/transforms/6dca5f4a224a5b21e9d141c98c1f8f9a/transformed/analysis/instrumentation-hierarchy.bin because:
  Build cache is disabled
  Caching not enabled.
Caching disabled for MergeInstrumentationAnalysisTransform: /home/runner/.gradle/caches/8.9/transforms/6dca5f4a224a5b21e9d141c98c1f8f9a/transformed/analysis/instrumentation-dependencies.bin because:
  Build cache is disabled
  Caching not enabled.
Caching disabled for MergeInstrumentationAnalysisTransform: /home/runner/.gradle/caches/modules-2/files-2.1/com.android.tools.build/gradle-api/8.7.2/446257ea124b39f336e1b8b1da7680b1ea779342/gradle-api-8.7.2.jar because:
  Build cache is disabled
  Caching not enabled.
Transforming gradle-api-8.7.2.jar (com.android.tools.build:gradle-api:8.7.2) with ExternalDependencyInstrumentingArtifactTransform
Caching disabled for ExternalDependencyInstrumentingArtifactTransform: /home/runner/.gradle/caches/8.9/transforms/f1ce23d41775dd85db45678ceb055dbd/transformed/merge/instrumentation-dependencies.bin because:
  Build cache is disabled
  Caching not enabled.
Caching disabled for ExternalDependencyInstrumentingArtifactTransform: /home/runner/.gradle/caches/modules-2/files-2.1/com.android.tools.build/gradle-api/8.7.2/446257ea124b39f336e1b8b1da7680b1ea779342/gradle-api-8.7.2.jar because:
  Build cache is disabled
  Caching not enabled.
Caching disabled for MergeInstrumentationAnalysisTransform: /home/runner/.gradle/caches/8.9/transforms/136fef48c66a3ae9f0938851a6d6d7c2/transformed/analysis/instrumentation-hierarchy.bin because:
  Build cache is disabled
  Caching not enabled.
Caching disabled for MergeInstrumentationAnalysisTransform: /home/runner/.gradle/caches/8.9/transforms/136fef48c66a3ae9f0938851a6d6d7c2/transformed/analysis/instrumentation-dependencies.bin because:
  Build cache is disabled
  Caching not enabled.
Caching disabled for MergeInstrumentationAnalysisTransform: /home/runner/.gradle/caches/modules-2/files-2.1/com.android.tools.build/builder-test-api/8.7.2/692e372df656050ee3d8ea752d0739136fec16e4/builder-test-api-8.7.2.jar because:
  Build cache is disabled
  Caching not enabled.
Transforming builder-test-api-8.7.2.jar (com.android.tools.build:builder-test-api:8.7.2) with ExternalDependencyInstrumentingArtifactTransform
Caching disabled for ExternalDependencyInstrumentingArtifactTransform: /home/runner/.gradle/caches/8.9/transforms/cb25a79a84df9b6377916bceac5e5ec8/transformed/merge/instrumentation-dependencies.bin because:
  Build cache is disabled
  Caching not enabled.
Caching disabled for ExternalDependencyInstrumentingArtifactTransform: /home/runner/.gradle/caches/modules-2/files-2.1/com.android.tools/sdk-common/31.7.2/d17c3d28724a5f3e90a5ae053714627b740ff80c/sdk-common-31.7.2.jar because:
  Build cache is disabled
  Caching not enabled.
Caching disabled for MergeInstrumentationAnalysisTransform: /home/runner/.gradle/caches/8.9/transforms/c86de78f6ec14379a8ead2dfe58ec9d5/transformed/analysis/instrumentation-hierarchy.bin because:
  Build cache is disabled
  Caching not enabled.
Caching disabled for ExternalDependencyInstrumentingArtifactTransform: /home/runner/.gradle/caches/modules-2/files-2.1/com.android.tools.build/builder-test-api/8.7.2/692e372df656050ee3d8ea752d0739136fec16e4/builder-test-api-8.7.2.jar because:
  Build cache is disabled
  Caching not enabled.
Caching disabled for MergeInstrumentationAnalysisTransform: /home/runner/.gradle/caches/8.9/transforms/c86de78f6ec14379a8ead2dfe58ec9d5/transformed/analysis/instrumentation-dependencies.bin because:
  Build cache is disabled
  Caching not enabled.
Caching disabled for MergeInstrumentationAnalysisTransform: /home/runner/.gradle/caches/8.9/transforms/cb364298e615935f3e616a95910056d4/transformed/analysis/instrumentation-hierarchy.bin because:
  Build cache is disabled
  Caching not enabled.
Caching disabled for MergeInstrumentationAnalysisTransform: /home/runner/.gradle/caches/8.9/transforms/cb364298e615935f3e616a95910056d4/transformed/analysis/instrumentation-dependencies.bin because:
  Build cache is disabled
  Caching not enabled.
Caching disabled for MergeInstrumentationAnalysisTransform: /home/runner/.gradle/caches/modules-2/files-2.1/com.android.tools.ddms/ddmlib/31.7.2/525b44de6936a7c487095652f014d0bfc84bb9ad/ddmlib-31.7.2.jar because:
  Build cache is disabled
  Caching not enabled.
Transforming ddmlib-31.7.2.jar (com.android.tools.ddms:ddmlib:31.7.2) with ExternalDependencyInstrumentingArtifactTransform
Caching disabled for ExternalDependencyInstrumentingArtifactTransform: /home/runner/.gradle/caches/8.9/transforms/f089140949b3ba8eb5359ccab792c39a/transformed/merge/instrumentation-dependencies.bin because:
  Build cache is disabled
  Caching not enabled.
Caching disabled for MergeInstrumentationAnalysisTransform: /home/runner/.gradle/caches/modules-2/files-2.1/com.android.tools.build/aaptcompiler/8.7.2/1611b0b107be8db5957172ed2658c958d25690de/aaptcompiler-8.7.2.jar because:
  Build cache is disabled
  Caching not enabled.
Transforming aaptcompiler-8.7.2.jar (com.android.tools.build:aaptcompiler:8.7.2) with ExternalDependencyInstrumentingArtifactTransform
Caching disabled for ExternalDependencyInstrumentingArtifactTransform: /home/runner/.gradle/caches/8.9/transforms/933b4a21432f95e9bd94c60b19fb271e/transformed/merge/instrumentation-dependencies.bin because:
  Build cache is disabled
  Caching not enabled.
Caching disabled for ExternalDependencyInstrumentingArtifactTransform: /home/runner/.gradle/caches/modules-2/files-2.1/com.android.tools.ddms/ddmlib/31.7.2/525b44de6936a7c487095652f014d0bfc84bb9ad/ddmlib-31.7.2.jar because:
  Build cache is disabled
  Caching not enabled.
Caching disabled for MergeInstrumentationAnalysisTransform: /home/runner/.gradle/caches/8.9/transforms/e472f5312bdcd0a186e40f88d88c32ad/transformed/analysis/instrumentation-hierarchy.bin because:
  Build cache is disabled
  Caching not enabled.
Caching disabled for MergeInstrumentationAnalysisTransform: /home/runner/.gradle/caches/8.9/transforms/e472f5312bdcd0a186e40f88d88c32ad/transformed/analysis/instrumentation-dependencies.bin because:
  Build cache is disabled
  Caching not enabled.
Caching disabled for ExternalDependencyInstrumentingArtifactTransform: /home/runner/.gradle/caches/modules-2/files-2.1/com.android.tools.build/aaptcompiler/8.7.2/1611b0b107be8db5957172ed2658c958d25690de/aaptcompiler-8.7.2.jar because:
  Build cache is disabled
  Caching not enabled.
Caching disabled for MergeInstrumentationAnalysisTransform: /home/runner/.gradle/caches/8.9/transforms/c6eba63d8f250fa9eb03a7d7f3a02745/transformed/analysis/instrumentation-hierarchy.bin because:
  Build cache is disabled
  Caching not enabled.
Caching disabled for MergeInstrumentationAnalysisTransform: /home/runner/.gradle/caches/8.9/transforms/c6eba63d8f250fa9eb03a7d7f3a02745/transformed/analysis/instrumentation-dependencies.bin because:
  Build cache is disabled
  Caching not enabled.
Caching disabled for MergeInstrumentationAnalysisTransform: /home/runner/.gradle/caches/modules-2/files-2.1/com.android.tools.build/aapt2-proto/8.7.2-12006047/343ec66c023995b766d53fc5d4d5d836d694512e/aapt2-proto-8.7.2-12006047.jar because:
  Build cache is disabled
  Caching not enabled.
Transforming aapt2-proto-8.7.2-12006047.jar (com.android.tools.build:aapt2-proto:8.7.2-12006047) with ExternalDependencyInstrumentingArtifactTransform
Caching disabled for MergeInstrumentationAnalysisTransform: /home/runner/.gradle/caches/modules-2/files-2.1/com.android.tools.build/bundletool/1.17.1/267feb0f9bcff527cdf35a3544d77ad4d3e636dd/bundletool-1.17.1.jar because:
  Build cache is disabled
  Caching not enabled.
Caching disabled for ExternalDependencyInstrumentingArtifactTransform: /home/runner/.gradle/caches/8.9/transforms/aaff775387d4002bea9ce1572f997185/transformed/merge/instrumentation-dependencies.bin because:
  Build cache is disabled
  Caching not enabled.
Transforming bundletool-1.17.1.jar (com.android.tools.build:bundletool:1.17.1) with ExternalDependencyInstrumentingArtifactTransform
Caching disabled for ExternalDependencyInstrumentingArtifactTransform: /home/runner/.gradle/caches/8.9/transforms/eeabbdc2abbc4be75e336c2045c07bf3/transformed/merge/instrumentation-dependencies.bin because:
  Build cache is disabled
  Caching not enabled.
Caching disabled for ExternalDependencyInstrumentingArtifactTransform: /home/runner/.gradle/caches/modules-2/files-2.1/com.android.tools.build/aapt2-proto/8.7.2-12006047/343ec66c023995b766d53fc5d4d5d836d694512e/aapt2-proto-8.7.2-12006047.jar because:
  Build cache is disabled
  Caching not enabled.
Caching disabled for MergeInstrumentationAnalysisTransform: /home/runner/.gradle/caches/8.9/transforms/f8ddf6c38665bc3b8982b1c43511cfe6/transformed/analysis/instrumentation-hierarchy.bin because:
  Build cache is disabled
  Caching not enabled.
Caching disabled for MergeInstrumentationAnalysisTransform: /home/runner/.gradle/caches/8.9/transforms/f8ddf6c38665bc3b8982b1c43511cfe6/transformed/analysis/instrumentation-dependencies.bin because:
  Build cache is disabled
  Caching not enabled.
Caching disabled for MergeInstrumentationAnalysisTransform: /home/runner/.gradle/caches/modules-2/files-2.1/com.android.tools.analytics-library/crash/31.7.2/80c9f1f06e8d48d60fa91f4db811cf863e13c67f/crash-31.7.2.jar because:
  Build cache is disabled
  Caching not enabled.
Transforming crash-31.7.2.jar (com.android.tools.analytics-library:crash:31.7.2) with ExternalDependencyInstrumentingArtifactTransform
Caching disabled for ExternalDependencyInstrumentingArtifactTransform: /home/runner/.gradle/caches/8.9/transforms/ef858a6cc8be9b884e31c4d5bd1e6190/transformed/merge/instrumentation-dependencies.bin because:
  Build cache is disabled
  Caching not enabled.
Caching disabled for ExternalDependencyInstrumentingArtifactTransform: /home/runner/.gradle/caches/modules-2/files-2.1/com.android.tools.analytics-library/crash/31.7.2/80c9f1f06e8d48d60fa91f4db811cf863e13c67f/crash-31.7.2.jar because:
  Build cache is disabled
  Caching not enabled.
Caching disabled for MergeInstrumentationAnalysisTransform: /home/runner/.gradle/caches/8.9/transforms/9398a39fa1e04d3411b7701cbf081284/transformed/analysis/instrumentation-hierarchy.bin because:
  Build cache is disabled
  Caching not enabled.
Caching disabled for MergeInstrumentationAnalysisTransform: /home/runner/.gradle/caches/8.9/transforms/9398a39fa1e04d3411b7701cbf081284/transformed/analysis/instrumentation-dependencies.bin because:
  Build cache is disabled
  Caching not enabled.
Caching disabled for MergeInstrumentationAnalysisTransform: /home/runner/.gradle/caches/modules-2/files-2.1/com.android.tools.analytics-library/tracker/31.7.2/4f92e4165dc453485633b1461e1b822451484000/tracker-31.7.2.jar because:
  Build cache is disabled
  Caching not enabled.
Transforming tracker-31.7.2.jar (com.android.tools.analytics-library:tracker:31.7.2) with ExternalDependencyInstrumentingArtifactTransform
Caching disabled for ExternalDependencyInstrumentingArtifactTransform: /home/runner/.gradle/caches/8.9/transforms/5dc890abb2b0e76b5ee3a2a9922ce73a/transformed/merge/instrumentation-dependencies.bin because:
  Build cache is disabled
  Caching not enabled.
Caching disabled for ExternalDependencyInstrumentingArtifactTransform: /home/runner/.gradle/caches/modules-2/files-2.1/com.android.tools.analytics-library/tracker/31.7.2/4f92e4165dc453485633b1461e1b822451484000/tracker-31.7.2.jar because:
  Build cache is disabled
  Caching not enabled.
Caching disabled for MergeInstrumentationAnalysisTransform: /home/runner/.gradle/caches/8.9/transforms/46877247e17628f0b0f7396bb9eb23cc/transformed/analysis/instrumentation-hierarchy.bin because:
  Build cache is disabled
  Caching not enabled.
Caching disabled for MergeInstrumentationAnalysisTransform: /home/runner/.gradle/caches/8.9/transforms/46877247e17628f0b0f7396bb9eb23cc/transformed/analysis/instrumentation-dependencies.bin because:
  Build cache is disabled
  Caching not enabled.
Caching disabled for MergeInstrumentationAnalysisTransform: /home/runner/.gradle/caches/modules-2/files-2.1/com.android.tools.analytics-library/shared/31.7.2/c7741b6bc45fcd3e0bb9dc82739a84273922fb05/shared-31.7.2.jar because:
  Build cache is disabled
  Caching not enabled.
Transforming shared-31.7.2.jar (com.android.tools.analytics-library:shared:31.7.2) with ExternalDependencyInstrumentingArtifactTransform
Caching disabled for ExternalDependencyInstrumentingArtifactTransform: /home/runner/.gradle/caches/8.9/transforms/558b91c3df646b9d603f28ec6fb57c16/transformed/merge/instrumentation-dependencies.bin because:
  Build cache is disabled
  Caching not enabled.
Caching disabled for ExternalDependencyInstrumentingArtifactTransform: /home/runner/.gradle/caches/modules-2/files-2.1/com.android.tools.analytics-library/shared/31.7.2/c7741b6bc45fcd3e0bb9dc82739a84273922fb05/shared-31.7.2.jar because:
  Build cache is disabled
  Caching not enabled.
Caching disabled for MergeInstrumentationAnalysisTransform: /home/runner/.gradle/caches/8.9/transforms/3cd6b394c24c42eac83cee59773a0049/transformed/analysis/instrumentation-hierarchy.bin because:
  Build cache is disabled
  Caching not enabled.
Caching disabled for MergeInstrumentationAnalysisTransform: /home/runner/.gradle/caches/8.9/transforms/3cd6b394c24c42eac83cee59773a0049/transformed/analysis/instrumentation-dependencies.bin because:
  Build cache is disabled
  Caching not enabled.
Caching disabled for MergeInstrumentationAnalysisTransform: /home/runner/.gradle/caches/modules-2/files-2.1/com.android.tools.lint/lint-typedef-remover/31.7.2/644ab9b8a697ba83702c4e32eaaf95c504e1a522/lint-typedef-remover-31.7.2.jar because:
  Build cache is disabled
  Caching not enabled.
Transforming lint-typedef-remover-31.7.2.jar (com.android.tools.lint:lint-typedef-remover:31.7.2) with ExternalDependencyInstrumentingArtifactTransform
Caching disabled for ExternalDependencyInstrumentingArtifactTransform: /home/runner/.gradle/caches/8.9/transforms/b469c8abb59addfebd67b1ecbc47561e/transformed/merge/instrumentation-dependencies.bin because:
  Build cache is disabled
  Caching not enabled.
Caching disabled for ExternalDependencyInstrumentingArtifactTransform: /home/runner/.gradle/caches/modules-2/files-2.1/com.android.tools.lint/lint-typedef-remover/31.7.2/644ab9b8a697ba83702c4e32eaaf95c504e1a522/lint-typedef-remover-31.7.2.jar because:
  Build cache is disabled
  Caching not enabled.
Caching disabled for MergeInstrumentationAnalysisTransform: /home/runner/.gradle/caches/8.9/transforms/9638cf8fa25b241361ae17aae73680fb/transformed/analysis/instrumentation-hierarchy.bin because:
  Build cache is disabled
  Caching not enabled.
Caching disabled for MergeInstrumentationAnalysisTransform: /home/runner/.gradle/caches/8.9/transforms/9638cf8fa25b241361ae17aae73680fb/transformed/analysis/instrumentation-dependencies.bin because:
  Build cache is disabled
  Caching not enabled.
Caching disabled for MergeInstrumentationAnalysisTransform: /home/runner/.gradle/caches/modules-2/files-2.1/androidx.databinding/databinding-compiler-common/8.7.2/1d75e9678cbab80778ee78ea030f6a5198651d89/databinding-compiler-common-8.7.2.jar because:
  Build cache is disabled
  Caching not enabled.
Transforming databinding-compiler-common-8.7.2.jar (androidx.databinding:databinding-compiler-common:8.7.2) with ExternalDependencyInstrumentingArtifactTransform
Caching disabled for ExternalDependencyInstrumentingArtifactTransform: /home/runner/.gradle/caches/8.9/transforms/4e316371d952fb36c025078ef0d85528/transformed/merge/instrumentation-dependencies.bin because:
  Build cache is disabled
  Caching not enabled.
Caching disabled for ExternalDependencyInstrumentingArtifactTransform: /home/runner/.gradle/caches/modules-2/files-2.1/androidx.databinding/databinding-compiler-common/8.7.2/1d75e9678cbab80778ee78ea030f6a5198651d89/databinding-compiler-common-8.7.2.jar because:
  Build cache is disabled
  Caching not enabled.
Caching disabled for MergeInstrumentationAnalysisTransform: /home/runner/.gradle/caches/8.9/transforms/5b1a7859c3b71deeaca6b35720d95537/transformed/analysis/instrumentation-hierarchy.bin because:
  Build cache is disabled
  Caching not enabled.
Caching disabled for MergeInstrumentationAnalysisTransform: /home/runner/.gradle/caches/8.9/transforms/5b1a7859c3b71deeaca6b35720d95537/transformed/analysis/instrumentation-dependencies.bin because:
  Build cache is disabled
  Caching not enabled.
Caching disabled for MergeInstrumentationAnalysisTransform: /home/runner/.gradle/caches/modules-2/files-2.1/androidx.databinding/databinding-common/8.7.2/2be3530b78477835e69dce953b17adc1dbc5c6fa/databinding-common-8.7.2.jar because:
  Build cache is disabled
  Caching not enabled.
Transforming databinding-common-8.7.2.jar (androidx.databinding:databinding-common:8.7.2) with ExternalDependencyInstrumentingArtifactTransform
Caching disabled for ExternalDependencyInstrumentingArtifactTransform: /home/runner/.gradle/caches/8.9/transforms/b11ad6281367e78926cfc8431960d27c/transformed/merge/instrumentation-dependencies.bin because:
  Build cache is disabled
  Caching not enabled.
Caching disabled for ExternalDependencyInstrumentingArtifactTransform: /home/runner/.gradle/caches/modules-2/files-2.1/androidx.databinding/databinding-common/8.7.2/2be3530b78477835e69dce953b17adc1dbc5c6fa/databinding-common-8.7.2.jar because:
  Build cache is disabled
  Caching not enabled.
Caching disabled for MergeInstrumentationAnalysisTransform: /home/runner/.gradle/caches/8.9/transforms/84e24346f67ed879bccbd0570317f707/transformed/analysis/instrumentation-hierarchy.bin because:
  Build cache is disabled
  Caching not enabled.
Caching disabled for MergeInstrumentationAnalysisTransform: /home/runner/.gradle/caches/8.9/transforms/84e24346f67ed879bccbd0570317f707/transformed/analysis/instrumentation-dependencies.bin because:
  Build cache is disabled
  Caching not enabled.
Caching disabled for MergeInstrumentationAnalysisTransform: /home/runner/.gradle/caches/modules-2/files-2.1/com.android.databinding/baseLibrary/8.7.2/7e7399239e52d4069896277615e005add7ae8e5a/baseLibrary-8.7.2.jar because:
  Build cache is disabled
  Caching not enabled.
Transforming baseLibrary-8.7.2.jar (com.android.databinding:baseLibrary:8.7.2) with ExternalDependencyInstrumentingArtifactTransform
Caching disabled for ExternalDependencyInstrumentingArtifactTransform: /home/runner/.gradle/caches/8.9/transforms/88dc175e54d1e45c19f8f8fac09c7ad5/transformed/merge/instrumentation-dependencies.bin because:
  Build cache is disabled
  Caching not enabled.
Caching disabled for ExternalDependencyInstrumentingArtifactTransform: /home/runner/.gradle/caches/modules-2/files-2.1/com.android.databinding/baseLibrary/8.7.2/7e7399239e52d4069896277615e005add7ae8e5a/baseLibrary-8.7.2.jar because:
  Build cache is disabled
  Caching not enabled.
Caching disabled for MergeInstrumentationAnalysisTransform: /home/runner/.gradle/caches/8.9/transforms/72782f7d9aca3c04a0b81d310aced3c6/transformed/analysis/instrumentation-hierarchy.bin because:
  Build cache is disabled
  Caching not enabled.
Caching disabled for MergeInstrumentationAnalysisTransform: /home/runner/.gradle/caches/8.9/transforms/72782f7d9aca3c04a0b81d310aced3c6/transformed/analysis/instrumentation-dependencies.bin because:
  Build cache is disabled
  Caching not enabled.
Caching disabled for MergeInstrumentationAnalysisTransform: /home/runner/.gradle/caches/modules-2/files-2.1/com.android.tools.layoutlib/layoutlib-api/31.7.2/6abada4555fa60825ea5f353443a7e561445c4f0/layoutlib-api-31.7.2.jar because:
  Build cache is disabled
  Caching not enabled.
Transforming layoutlib-api-31.7.2.jar (com.android.tools.layoutlib:layoutlib-api:31.7.2) with ExternalDependencyInstrumentingArtifactTransform
Caching disabled for ExternalDependencyInstrumentingArtifactTransform: /home/runner/.gradle/caches/8.9/transforms/a3c25ce06215cbdb603c777ce2564c80/transformed/merge/instrumentation-dependencies.bin because:
  Build cache is disabled
  Caching not enabled.
Caching disabled for ExternalDependencyInstrumentingArtifactTransform: /home/runner/.gradle/caches/modules-2/files-2.1/com.android.tools.layoutlib/layoutlib-api/31.7.2/6abada4555fa60825ea5f353443a7e561445c4f0/layoutlib-api-31.7.2.jar because:
  Build cache is disabled
  Caching not enabled.
Caching disabled for MergeInstrumentationAnalysisTransform: /home/runner/.gradle/caches/8.9/transforms/7ed05f8572e2d58dbae0d81240d15608/transformed/analysis/instrumentation-hierarchy.bin because:
  Build cache is disabled
  Caching not enabled.
Caching disabled for MergeInstrumentationAnalysisTransform: /home/runner/.gradle/caches/8.9/transforms/7ed05f8572e2d58dbae0d81240d15608/transformed/analysis/instrumentation-dependencies.bin because:
  Build cache is disabled
  Caching not enabled.
Caching disabled for MergeInstrumentationAnalysisTransform: /home/runner/.gradle/caches/modules-2/files-2.1/com.android.tools.utp/android-device-provider-ddmlib-proto/31.7.2/732647a1df2d9405dbbc944ccb1a9153d7dc3e3a/android-device-provider-ddmlib-proto-31.7.2.jar because:
  Build cache is disabled
  Caching not enabled.
Transforming android-device-provider-ddmlib-proto-31.7.2.jar (com.android.tools.utp:android-device-provider-ddmlib-proto:31.7.2) with ExternalDependencyInstrumentingArtifactTransform
Caching disabled for ExternalDependencyInstrumentingArtifactTransform: /home/runner/.gradle/caches/8.9/transforms/2bcfc29001a4194f7d1a86f28205bd8c/transformed/merge/instrumentation-dependencies.bin because:
  Build cache is disabled
  Caching not enabled.
Caching disabled for ExternalDependencyInstrumentingArtifactTransform: /home/runner/.gradle/caches/modules-2/files-2.1/com.android.tools.utp/android-device-provider-ddmlib-proto/31.7.2/732647a1df2d9405dbbc944ccb1a9153d7dc3e3a/android-device-provider-ddmlib-proto-31.7.2.jar because:
  Build cache is disabled
  Caching not enabled.
Caching disabled for MergeInstrumentationAnalysisTransform: /home/runner/.gradle/caches/8.9/transforms/6a34580819a11318e018b84b27584c96/transformed/analysis/instrumentation-hierarchy.bin because:
  Build cache is disabled
  Caching not enabled.
Caching disabled for MergeInstrumentationAnalysisTransform: /home/runner/.gradle/caches/8.9/transforms/6a34580819a11318e018b84b27584c96/transformed/analysis/instrumentation-dependencies.bin because:
  Build cache is disabled
  Caching not enabled.
Caching disabled for MergeInstrumentationAnalysisTransform: /home/runner/.gradle/caches/modules-2/files-2.1/com.android.tools.utp/android-device-provider-gradle-proto/31.7.2/9f4923a6c0e213f00c1cc31720d1535f2d8517fe/android-device-provider-gradle-proto-31.7.2.jar because:
  Build cache is disabled
  Caching not enabled.
Transforming android-device-provider-gradle-proto-31.7.2.jar (com.android.tools.utp:android-device-provider-gradle-proto:31.7.2) with ExternalDependencyInstrumentingArtifactTransform
Caching disabled for ExternalDependencyInstrumentingArtifactTransform: /home/runner/.gradle/caches/8.9/transforms/4275e420d4f323b9018d4ecba7d995df/transformed/merge/instrumentation-dependencies.bin because:
  Build cache is disabled
  Caching not enabled.
Caching disabled for ExternalDependencyInstrumentingArtifactTransform: /home/runner/.gradle/caches/modules-2/files-2.1/com.android.tools.utp/android-device-provider-gradle-proto/31.7.2/9f4923a6c0e213f00c1cc31720d1535f2d8517fe/android-device-provider-gradle-proto-31.7.2.jar because:
  Build cache is disabled
  Caching not enabled.
Caching disabled for MergeInstrumentationAnalysisTransform: /home/runner/.gradle/caches/8.9/transforms/098328856ac9878cf223f9f2d64fc789/transformed/analysis/instrumentation-hierarchy.bin because:
  Build cache is disabled
  Caching not enabled.
Caching disabled for MergeInstrumentationAnalysisTransform: /home/runner/.gradle/caches/8.9/transforms/098328856ac9878cf223f9f2d64fc789/transformed/analysis/instrumentation-dependencies.bin because:
  Build cache is disabled
  Caching not enabled.
Caching disabled for MergeInstrumentationAnalysisTransform: /home/runner/.gradle/caches/modules-2/files-2.1/com.android.tools.utp/android-device-provider-profile-proto/31.7.2/5d4fe489b09ee45524d665a175aad834ecf2c81d/android-device-provider-profile-proto-31.7.2.jar because:
  Build cache is disabled
  Caching not enabled.
Transforming android-device-provider-profile-proto-31.7.2.jar (com.android.tools.utp:android-device-provider-profile-proto:31.7.2) with ExternalDependencyInstrumentingArtifactTransform
Caching disabled for ExternalDependencyInstrumentingArtifactTransform: /home/runner/.gradle/caches/8.9/transforms/e7f2ca0beae5c2d64d4279dff9e561aa/transformed/merge/instrumentation-dependencies.bin because:
  Build cache is disabled
  Caching not enabled.
Caching disabled for ExternalDependencyInstrumentingArtifactTransform: /home/runner/.gradle/caches/modules-2/files-2.1/com.android.tools.utp/android-device-provider-profile-proto/31.7.2/5d4fe489b09ee45524d665a175aad834ecf2c81d/android-device-provider-profile-proto-31.7.2.jar because:
  Build cache is disabled
  Caching not enabled.
Caching disabled for MergeInstrumentationAnalysisTransform: /home/runner/.gradle/caches/8.9/transforms/6da385704497c8a0194d2c202c851611/transformed/analysis/instrumentation-hierarchy.bin because:
  Build cache is disabled
  Caching not enabled.
Caching disabled for MergeInstrumentationAnalysisTransform: /home/runner/.gradle/caches/8.9/transforms/6da385704497c8a0194d2c202c851611/transformed/analysis/instrumentation-dependencies.bin because:
  Build cache is disabled
  Caching not enabled.
Caching disabled for MergeInstrumentationAnalysisTransform: /home/runner/.gradle/caches/modules-2/files-2.1/com.android.tools.utp/android-test-plugin-host-additional-test-output-proto/31.7.2/c02332c53d95a3e0ccd7ad9d6d97f8fec5d1a469/android-test-plugin-host-additional-test-output-proto-31.7.2.jar because:
  Build cache is disabled
  Caching not enabled.
Transforming android-test-plugin-host-additional-test-output-proto-31.7.2.jar (com.android.tools.utp:android-test-plugin-host-additional-test-output-proto:31.7.2) with ExternalDependencyInstrumentingArtifactTransform
Caching disabled for ExternalDependencyInstrumentingArtifactTransform: /home/runner/.gradle/caches/8.9/transforms/c1ac3b42f9397af0065ea61d7973b748/transformed/merge/instrumentation-dependencies.bin because:
  Build cache is disabled
  Caching not enabled.
Caching disabled for ExternalDependencyInstrumentingArtifactTransform: /home/runner/.gradle/caches/modules-2/files-2.1/com.android.tools.utp/android-test-plugin-host-additional-test-output-proto/31.7.2/c02332c53d95a3e0ccd7ad9d6d97f8fec5d1a469/android-test-plugin-host-additional-test-output-proto-31.7.2.jar because:
  Build cache is disabled
  Caching not enabled.
Caching disabled for MergeInstrumentationAnalysisTransform: /home/runner/.gradle/caches/8.9/transforms/3a47a2fc9c679722a8f3b27d6eeb0016/transformed/analysis/instrumentation-hierarchy.bin because:
  Build cache is disabled
  Caching not enabled.
Caching disabled for MergeInstrumentationAnalysisTransform: /home/runner/.gradle/caches/8.9/transforms/3a47a2fc9c679722a8f3b27d6eeb0016/transformed/analysis/instrumentation-dependencies.bin because:
  Build cache is disabled
  Caching not enabled.
Caching disabled for MergeInstrumentationAnalysisTransform: /home/runner/.gradle/caches/modules-2/files-2.1/com.android.tools.utp/android-test-plugin-host-coverage-proto/31.7.2/c780344aab70a33c454ad697295e12278fed16db/android-test-plugin-host-coverage-proto-31.7.2.jar because:
  Build cache is disabled
  Caching not enabled.
Transforming android-test-plugin-host-coverage-proto-31.7.2.jar (com.android.tools.utp:android-test-plugin-host-coverage-proto:31.7.2) with ExternalDependencyInstrumentingArtifactTransform
Caching disabled for ExternalDependencyInstrumentingArtifactTransform: /home/runner/.gradle/caches/8.9/transforms/90fc0a28d08268042332afa654985061/transformed/merge/instrumentation-dependencies.bin because:
  Build cache is disabled
  Caching not enabled.
Caching disabled for ExternalDependencyInstrumentingArtifactTransform: /home/runner/.gradle/caches/modules-2/files-2.1/com.android.tools.utp/android-test-plugin-host-coverage-proto/31.7.2/c780344aab70a33c454ad697295e12278fed16db/android-test-plugin-host-coverage-proto-31.7.2.jar because:
  Build cache is disabled
  Caching not enabled.
Caching disabled for MergeInstrumentationAnalysisTransform: /home/runner/.gradle/caches/8.9/transforms/fe15c2eefc1250a56a2ba760f325b7a4/transformed/analysis/instrumentation-hierarchy.bin because:
  Build cache is disabled
  Caching not enabled.
Caching disabled for MergeInstrumentationAnalysisTransform: /home/runner/.gradle/caches/8.9/transforms/fe15c2eefc1250a56a2ba760f325b7a4/transformed/analysis/instrumentation-dependencies.bin because:
  Build cache is disabled
  Caching not enabled.
Caching disabled for MergeInstrumentationAnalysisTransform: /home/runner/.gradle/caches/modules-2/files-2.1/com.android.tools.utp/android-test-plugin-host-emulator-control-proto/31.7.2/faaddb0258a839e6ab89fe2acbe20ce29b403b43/android-test-plugin-host-emulator-control-proto-31.7.2.jar because:
  Build cache is disabled
  Caching not enabled.
Transforming android-test-plugin-host-emulator-control-proto-31.7.2.jar (com.android.tools.utp:android-test-plugin-host-emulator-control-proto:31.7.2) with ExternalDependencyInstrumentingArtifactTransform
Caching disabled for ExternalDependencyInstrumentingArtifactTransform: /home/runner/.gradle/caches/8.9/transforms/7f6b41f795328dfe11fc4102b738996e/transformed/merge/instrumentation-dependencies.bin because:
  Build cache is disabled
  Caching not enabled.
Caching disabled for ExternalDependencyInstrumentingArtifactTransform: /home/runner/.gradle/caches/modules-2/files-2.1/com.android.tools.utp/android-test-plugin-host-emulator-control-proto/31.7.2/faaddb0258a839e6ab89fe2acbe20ce29b403b43/android-test-plugin-host-emulator-control-proto-31.7.2.jar because:
  Build cache is disabled
  Caching not enabled.
Caching disabled for MergeInstrumentationAnalysisTransform: /home/runner/.gradle/caches/8.9/transforms/37bb67dbade3ffca8bbde4bf3af0770b/transformed/analysis/instrumentation-hierarchy.bin because:
  Build cache is disabled
  Caching not enabled.
Caching disabled for MergeInstrumentationAnalysisTransform: /home/runner/.gradle/caches/8.9/transforms/37bb67dbade3ffca8bbde4bf3af0770b/transformed/analysis/instrumentation-dependencies.bin because:
  Build cache is disabled
  Caching not enabled.
Caching disabled for MergeInstrumentationAnalysisTransform: /home/runner/.gradle/caches/modules-2/files-2.1/com.android.tools.utp/android-test-plugin-host-logcat-proto/31.7.2/d8f873c14c5c65746b97801c2c6cae506d0b3d29/android-test-plugin-host-logcat-proto-31.7.2.jar because:
  Build cache is disabled
  Caching not enabled.
Transforming android-test-plugin-host-logcat-proto-31.7.2.jar (com.android.tools.utp:android-test-plugin-host-logcat-proto:31.7.2) with ExternalDependencyInstrumentingArtifactTransform
Caching disabled for ExternalDependencyInstrumentingArtifactTransform: /home/runner/.gradle/caches/8.9/transforms/8fcdf240fb0f8874c55a0b86eb402b56/transformed/merge/instrumentation-dependencies.bin because:
  Build cache is disabled
  Caching not enabled.
Caching disabled for ExternalDependencyInstrumentingArtifactTransform: /home/runner/.gradle/caches/modules-2/files-2.1/com.android.tools.utp/android-test-plugin-host-logcat-proto/31.7.2/d8f873c14c5c65746b97801c2c6cae506d0b3d29/android-test-plugin-host-logcat-proto-31.7.2.jar because:
  Build cache is disabled
  Caching not enabled.
Caching disabled for MergeInstrumentationAnalysisTransform: /home/runner/.gradle/caches/8.9/transforms/fe626e492a2d0c385adf2a2ee6531fe3/transformed/analysis/instrumentation-hierarchy.bin because:
  Build cache is disabled
  Caching not enabled.
Caching disabled for MergeInstrumentationAnalysisTransform: /home/runner/.gradle/caches/8.9/transforms/fe626e492a2d0c385adf2a2ee6531fe3/transformed/analysis/instrumentation-dependencies.bin because:
  Build cache is disabled
  Caching not enabled.
Caching disabled for MergeInstrumentationAnalysisTransform: /home/runner/.gradle/caches/modules-2/files-2.1/com.android.tools.utp/android-test-plugin-host-apk-installer-proto/31.7.2/695cf71232626eeca4d84f72314196b270ca1c11/android-test-plugin-host-apk-installer-proto-31.7.2.jar because:
  Build cache is disabled
  Caching not enabled.
Transforming android-test-plugin-host-apk-installer-proto-31.7.2.jar (com.android.tools.utp:android-test-plugin-host-apk-installer-proto:31.7.2) with ExternalDependencyInstrumentingArtifactTransform
Caching disabled for ExternalDependencyInstrumentingArtifactTransform: /home/runner/.gradle/caches/8.9/transforms/87d8155152ccf8c9c755ab6b258ca6da/transformed/merge/instrumentation-dependencies.bin because:
  Build cache is disabled
  Caching not enabled.
Caching disabled for ExternalDependencyInstrumentingArtifactTransform: /home/runner/.gradle/caches/modules-2/files-2.1/com.android.tools.utp/android-test-plugin-host-apk-installer-proto/31.7.2/695cf71232626eeca4d84f72314196b270ca1c11/android-test-plugin-host-apk-installer-proto-31.7.2.jar because:
  Build cache is disabled
  Caching not enabled.
Caching disabled for MergeInstrumentationAnalysisTransform: /home/runner/.gradle/caches/8.9/transforms/d8f4bdfe6f3203f208f9c749c5a2363d/transformed/analysis/instrumentation-hierarchy.bin because:
  Build cache is disabled
  Caching not enabled.
Caching disabled for MergeInstrumentationAnalysisTransform: /home/runner/.gradle/caches/8.9/transforms/d8f4bdfe6f3203f208f9c749c5a2363d/transformed/analysis/instrumentation-dependencies.bin because:
  Build cache is disabled
  Caching not enabled.
Caching disabled for MergeInstrumentationAnalysisTransform: /home/runner/.gradle/caches/modules-2/files-2.1/com.android.tools.utp/android-test-plugin-host-retention-proto/31.7.2/8ef946d4477f3b40b3bcb7d151131483b6d77d67/android-test-plugin-host-retention-proto-31.7.2.jar because:
  Build cache is disabled
  Caching not enabled.
Transforming android-test-plugin-host-retention-proto-31.7.2.jar (com.android.tools.utp:android-test-plugin-host-retention-proto:31.7.2) with ExternalDependencyInstrumentingArtifactTransform
Caching disabled for ExternalDependencyInstrumentingArtifactTransform: /home/runner/.gradle/caches/8.9/transforms/102ae3379d6ab6b2d30b45f383a9a825/transformed/merge/instrumentation-dependencies.bin because:
  Build cache is disabled
  Caching not enabled.
Caching disabled for ExternalDependencyInstrumentingArtifactTransform: /home/runner/.gradle/caches/modules-2/files-2.1/com.android.tools.utp/android-test-plugin-host-retention-proto/31.7.2/8ef946d4477f3b40b3bcb7d151131483b6d77d67/android-test-plugin-host-retention-proto-31.7.2.jar because:
  Build cache is disabled
  Caching not enabled.
Caching disabled for MergeInstrumentationAnalysisTransform: /home/runner/.gradle/caches/8.9/transforms/002557f523a89feeb92659fefd69d730/transformed/analysis/instrumentation-hierarchy.bin because:
  Build cache is disabled
  Caching not enabled.
Caching disabled for MergeInstrumentationAnalysisTransform: /home/runner/.gradle/caches/8.9/transforms/002557f523a89feeb92659fefd69d730/transformed/analysis/instrumentation-dependencies.bin because:
  Build cache is disabled
  Caching not enabled.
Caching disabled for ExternalDependencyInstrumentingArtifactTransform: /home/runner/.gradle/caches/modules-2/files-2.1/com.android.tools.build/builder/8.7.2/d7626a22f7ba2c6e28f4fe718c41f8af90c0a3f0/builder-8.7.2.jar because:
  Build cache is disabled
  Caching not enabled.
Caching disabled for MergeInstrumentationAnalysisTransform: /home/runner/.gradle/caches/8.9/transforms/b74b68eb907af58ed8350678df9d0706/transformed/analysis/instrumentation-hierarchy.bin because:
  Build cache is disabled
  Caching not enabled.
Caching disabled for MergeInstrumentationAnalysisTransform: /home/runner/.gradle/caches/8.9/transforms/b74b68eb907af58ed8350678df9d0706/transformed/analysis/instrumentation-dependencies.bin because:
  Build cache is disabled
  Caching not enabled.
Caching disabled for MergeInstrumentationAnalysisTransform: /home/runner/.gradle/caches/modules-2/files-2.1/com.android.tools.build/builder-model/8.7.2/a86c18bcf5792b2f6aa25c76063be32d77e992ca/builder-model-8.7.2.jar because:
  Build cache is disabled
  Caching not enabled.
Transforming builder-model-8.7.2.jar (com.android.tools.build:builder-model:8.7.2) with ExternalDependencyInstrumentingArtifactTransform
Caching disabled for ExternalDependencyInstrumentingArtifactTransform: /home/runner/.gradle/caches/8.9/transforms/95edfac89016a546fdd90757ad4b2369/transformed/merge/instrumentation-dependencies.bin because:
  Build cache is disabled
  Caching not enabled.
Caching disabled for ExternalDependencyInstrumentingArtifactTransform: /home/runner/.gradle/caches/modules-2/files-2.1/com.android.tools.build/builder-model/8.7.2/a86c18bcf5792b2f6aa25c76063be32d77e992ca/builder-model-8.7.2.jar because:
  Build cache is disabled
  Caching not enabled.
Caching disabled for MergeInstrumentationAnalysisTransform: /home/runner/.gradle/caches/8.9/transforms/2808e0af5a303a9e0386d1553d5d2929/transformed/analysis/instrumentation-hierarchy.bin because:
  Build cache is disabled
  Caching not enabled.
Caching disabled for MergeInstrumentationAnalysisTransform: /home/runner/.gradle/caches/8.9/transforms/2808e0af5a303a9e0386d1553d5d2929/transformed/analysis/instrumentation-dependencies.bin because:
  Build cache is disabled
  Caching not enabled.
Caching disabled for MergeInstrumentationAnalysisTransform: /home/runner/.gradle/caches/modules-2/files-2.1/com.android.tools/dvlib/31.7.2/2632b8524a1f8673e394f5e8477172884d90ed3f/dvlib-31.7.2.jar because:
  Build cache is disabled
  Caching not enabled.
Transforming dvlib-31.7.2.jar (com.android.tools:dvlib:31.7.2) with ExternalDependencyInstrumentingArtifactTransform
Caching disabled for ExternalDependencyInstrumentingArtifactTransform: /home/runner/.gradle/caches/8.9/transforms/525bbe4c6ded9723aca6c37985086551/transformed/merge/instrumentation-dependencies.bin because:
  Build cache is disabled
  Caching not enabled.
Caching disabled for ExternalDependencyInstrumentingArtifactTransform: /home/runner/.gradle/caches/modules-2/files-2.1/com.android.tools/dvlib/31.7.2/2632b8524a1f8673e394f5e8477172884d90ed3f/dvlib-31.7.2.jar because:
  Build cache is disabled
  Caching not enabled.
Caching disabled for MergeInstrumentationAnalysisTransform: /home/runner/.gradle/caches/8.9/transforms/5b62e0e6e49ab0533f7aac25e1c3db0d/transformed/analysis/instrumentation-hierarchy.bin because:
  Build cache is disabled
  Caching not enabled.
Caching disabled for MergeInstrumentationAnalysisTransform: /home/runner/.gradle/caches/8.9/transforms/5b62e0e6e49ab0533f7aac25e1c3db0d/transformed/analysis/instrumentation-dependencies.bin because:
  Build cache is disabled
  Caching not enabled.
Caching disabled for MergeInstrumentationAnalysisTransform: /home/runner/.gradle/caches/modules-2/files-2.1/com.android.tools/common/31.7.2/fd82b19a7d82802dde9e6dacd60638036bbb6d8c/common-31.7.2.jar because:
  Build cache is disabled
  Caching not enabled.
Transforming common-31.7.2.jar (com.android.tools:common:31.7.2) with ExternalDependencyInstrumentingArtifactTransform
Caching disabled for ExternalDependencyInstrumentingArtifactTransform: /home/runner/.gradle/caches/8.9/transforms/fb4653e1a2df3d98db3a749dc41f66e3/transformed/merge/instrumentation-dependencies.bin because:
  Build cache is disabled
  Caching not enabled.
Caching disabled for ExternalDependencyInstrumentingArtifactTransform: /home/runner/.gradle/caches/modules-2/files-2.1/com.android.tools/common/31.7.2/fd82b19a7d82802dde9e6dacd60638036bbb6d8c/common-31.7.2.jar because:
  Build cache is disabled
  Caching not enabled.
Caching disabled for MergeInstrumentationAnalysisTransform: /home/runner/.gradle/caches/8.9/transforms/d223969eb53ab8e82104fd70e9df0472/transformed/analysis/instrumentation-hierarchy.bin because:
  Build cache is disabled
  Caching not enabled.
Caching disabled for MergeInstrumentationAnalysisTransform: /home/runner/.gradle/caches/8.9/transforms/d223969eb53ab8e82104fd70e9df0472/transformed/analysis/instrumentation-dependencies.bin because:
  Build cache is disabled
  Caching not enabled.
Caching disabled for MergeInstrumentationAnalysisTransform: /home/runner/.gradle/caches/modules-2/files-2.1/com.android.tools.build.jetifier/jetifier-processor/1.0.0-beta10/946c39eb0c052ff4f60a8939648a8b99af20d604/jetifier-processor-1.0.0-beta10.jar because:
  Build cache is disabled
  Caching not enabled.
Transforming jetifier-processor-1.0.0-beta10.jar (com.android.tools.build.jetifier:jetifier-processor:1.0.0-beta10) with ExternalDependencyInstrumentingArtifactTransform
Caching disabled for ExternalDependencyInstrumentingArtifactTransform: /home/runner/.gradle/caches/8.9/transforms/a278dba5de0f3ac8e4c05d0e202ac068/transformed/merge/instrumentation-dependencies.bin because:
  Build cache is disabled
  Caching not enabled.
Caching disabled for ExternalDependencyInstrumentingArtifactTransform: /home/runner/.gradle/caches/modules-2/files-2.1/com.android.tools.build.jetifier/jetifier-processor/1.0.0-beta10/946c39eb0c052ff4f60a8939648a8b99af20d604/jetifier-processor-1.0.0-beta10.jar because:
  Build cache is disabled
  Caching not enabled.
Caching disabled for MergeInstrumentationAnalysisTransform: /home/runner/.gradle/caches/8.9/transforms/b8a938fd8f691dbc0a4b6128adc7cc6b/transformed/analysis/instrumentation-hierarchy.bin because:
  Build cache is disabled
  Caching not enabled.
Caching disabled for MergeInstrumentationAnalysisTransform: /home/runner/.gradle/caches/8.9/transforms/b8a938fd8f691dbc0a4b6128adc7cc6b/transformed/analysis/instrumentation-dependencies.bin because:
  Build cache is disabled
  Caching not enabled.
Caching disabled for MergeInstrumentationAnalysisTransform: /home/runner/.gradle/caches/modules-2/files-2.1/com.android.tools.build.jetifier/jetifier-core/1.0.0-beta10/6e621022a9c95af12a7004d6b55805bbd1126837/jetifier-core-1.0.0-beta10.jar because:
  Build cache is disabled
  Caching not enabled.
Transforming jetifier-core-1.0.0-beta10.jar (com.android.tools.build.jetifier:jetifier-core:1.0.0-beta10) with ExternalDependencyInstrumentingArtifactTransform
Caching disabled for ExternalDependencyInstrumentingArtifactTransform: /home/runner/.gradle/caches/8.9/transforms/7973e696cc1166080adb2ded3f080663/transformed/merge/instrumentation-dependencies.bin because:
  Build cache is disabled
  Caching not enabled.
Caching disabled for ExternalDependencyInstrumentingArtifactTransform: /home/runner/.gradle/caches/modules-2/files-2.1/com.android.tools.build.jetifier/jetifier-core/1.0.0-beta10/6e621022a9c95af12a7004d6b55805bbd1126837/jetifier-core-1.0.0-beta10.jar because:
  Build cache is disabled
  Caching not enabled.
Caching disabled for MergeInstrumentationAnalysisTransform: /home/runner/.gradle/caches/8.9/transforms/545d6bbaae88be1d3731520a3399cc17/transformed/analysis/instrumentation-hierarchy.bin because:
  Build cache is disabled
  Caching not enabled.
Caching disabled for MergeInstrumentationAnalysisTransform: /home/runner/.gradle/caches/8.9/transforms/545d6bbaae88be1d3731520a3399cc17/transformed/analysis/instrumentation-dependencies.bin because:
  Build cache is disabled
  Caching not enabled.
Caching disabled for MergeInstrumentationAnalysisTransform: /home/runner/.gradle/caches/modules-2/files-2.1/org.jetbrains.kotlin/kotlin-reflect/1.9.20/34eeb4eed5f493cdbb760ef50a5653ec414006bf/kotlin-reflect-1.9.20.jar because:
  Build cache is disabled
  Caching not enabled.
Transforming kotlin-reflect-1.9.20.jar (org.jetbrains.kotlin:kotlin-reflect:1.9.20) with ExternalDependencyInstrumentingArtifactTransform
Caching disabled for ExternalDependencyInstrumentingArtifactTransform: /home/runner/.gradle/caches/8.9/transforms/0bf3bea72ecd80a1ab9ac2470575a663/transformed/merge/instrumentation-dependencies.bin because:
  Build cache is disabled
  Caching not enabled.
Caching disabled for ExternalDependencyInstrumentingArtifactTransform: /home/runner/.gradle/caches/modules-2/files-2.1/com.android.tools.build/gradle/8.7.2/401eda5842a1dae1e662fb9dee1a2ae725bcc428/gradle-8.7.2.jar because:
  Build cache is disabled
  Caching not enabled.
Caching disabled for MergeInstrumentationAnalysisTransform: /home/runner/.gradle/caches/8.9/transforms/87fc52b505724757ded5d2d86951a340/transformed/analysis/instrumentation-hierarchy.bin because:
  Build cache is disabled
  Caching not enabled.
Caching disabled for MergeInstrumentationAnalysisTransform: /home/runner/.gradle/caches/8.9/transforms/87fc52b505724757ded5d2d86951a340/transformed/analysis/instrumentation-dependencies.bin because:
  Build cache is disabled
  Caching not enabled.
Caching disabled for MergeInstrumentationAnalysisTransform: /home/runner/.gradle/caches/modules-2/files-2.1/org.jetbrains.kotlin/kotlin-stdlib-jdk7/1.9.20/8b4b73f4e08efaae93fc01d8c6eaab58a72d2ab3/kotlin-stdlib-jdk7-1.9.20.jar because:
  Build cache is disabled
  Caching not enabled.
Transforming kotlin-stdlib-jdk7-1.9.20.jar (org.jetbrains.kotlin:kotlin-stdlib-jdk7:1.9.20) with ExternalDependencyInstrumentingArtifactTransform
Caching disabled for ExternalDependencyInstrumentingArtifactTransform: /home/runner/.gradle/caches/8.9/transforms/536be1a979b5f59aa2f22a934a372e78/transformed/merge/instrumentation-dependencies.bin because:
  Build cache is disabled
  Caching not enabled.
Caching disabled for ExternalDependencyInstrumentingArtifactTransform: /home/runner/.gradle/caches/modules-2/files-2.1/org.jetbrains.kotlin/kotlin-stdlib-jdk7/1.9.20/8b4b73f4e08efaae93fc01d8c6eaab58a72d2ab3/kotlin-stdlib-jdk7-1.9.20.jar because:
  Build cache is disabled
  Caching not enabled.
Caching disabled for MergeInstrumentationAnalysisTransform: /home/runner/.gradle/caches/8.9/transforms/77a2d9e7dbf428974d5614dc8a962b42/transformed/analysis/instrumentation-hierarchy.bin because:
  Build cache is disabled
  Caching not enabled.
Caching disabled for MergeInstrumentationAnalysisTransform: /home/runner/.gradle/caches/8.9/transforms/77a2d9e7dbf428974d5614dc8a962b42/transformed/analysis/instrumentation-dependencies.bin because:
  Build cache is disabled
  Caching not enabled.
Caching disabled for MergeInstrumentationAnalysisTransform: /home/runner/.gradle/caches/modules-2/files-2.1/org.jetbrains.kotlin/kotlin-stdlib/1.9.20/e58b4816ac517e9cc5df1db051120c63d4cde669/kotlin-stdlib-1.9.20.jar because:
  Build cache is disabled
  Caching not enabled.
Transforming kotlin-stdlib-1.9.20.jar (org.jetbrains.kotlin:kotlin-stdlib:1.9.20) with ExternalDependencyInstrumentingArtifactTransform
Caching disabled for ExternalDependencyInstrumentingArtifactTransform: /home/runner/.gradle/caches/8.9/transforms/3d45a0166ccd14eb49ba39c75d6c43c1/transformed/merge/instrumentation-dependencies.bin because:
  Build cache is disabled
  Caching not enabled.
Caching disabled for ExternalDependencyInstrumentingArtifactTransform: /home/runner/.gradle/caches/modules-2/files-2.1/org.jetbrains.kotlin/kotlin-reflect/1.9.20/34eeb4eed5f493cdbb760ef50a5653ec414006bf/kotlin-reflect-1.9.20.jar because:
  Build cache is disabled
  Caching not enabled.
Caching disabled for MergeInstrumentationAnalysisTransform: /home/runner/.gradle/caches/8.9/transforms/c8aebfa310216ebbdaec44b2f5cd998a/transformed/analysis/instrumentation-dependencies.bin because:
  Build cache is disabled
  Caching not enabled.
Caching disabled for MergeInstrumentationAnalysisTransform: /home/runner/.gradle/caches/modules-2/files-2.1/org.jetbrains.kotlin/kotlin-stdlib-jdk8/1.9.20/e2b4d1f475ae0606d063a84fce4dccdb45c7e12a/kotlin-stdlib-jdk8-1.9.20.jar because:
  Build cache is disabled
  Caching not enabled.
Transforming kotlin-stdlib-jdk8-1.9.20.jar (org.jetbrains.kotlin:kotlin-stdlib-jdk8:1.9.20) with ExternalDependencyInstrumentingArtifactTransform
Caching disabled for ExternalDependencyInstrumentingArtifactTransform: /home/runner/.gradle/caches/8.9/transforms/84fd7d01715e8343efab8c65f504a278/transformed/merge/instrumentation-dependencies.bin because:
  Build cache is disabled
  Caching not enabled.
Caching disabled for ExternalDependencyInstrumentingArtifactTransform: /home/runner/.gradle/caches/modules-2/files-2.1/org.jetbrains.kotlin/kotlin-stdlib-jdk8/1.9.20/e2b4d1f475ae0606d063a84fce4dccdb45c7e12a/kotlin-stdlib-jdk8-1.9.20.jar because:
  Build cache is disabled
  Caching not enabled.
Caching disabled for MergeInstrumentationAnalysisTransform: /home/runner/.gradle/caches/8.9/transforms/a7d4242aa20e3ffad02acb6ec76d1340/transformed/analysis/instrumentation-dependencies.bin because:
  Build cache is disabled
  Caching not enabled.
Caching disabled for MergeInstrumentationAnalysisTransform: /home/runner/.gradle/caches/modules-2/files-2.1/com.android.tools.build/transform-api/2.0.0-deprecated-use-gradle-api/47f6c56527c42425742fa9b56ffd3fd80763fe03/transform-api-2.0.0-deprecated-use-gradle-api.jar because:
  Build cache is disabled
  Caching not enabled.
Transforming transform-api-2.0.0-deprecated-use-gradle-api.jar (com.android.tools.build:transform-api:2.0.0-deprecated-use-gradle-api) with ExternalDependencyInstrumentingArtifactTransform
Caching disabled for ExternalDependencyInstrumentingArtifactTransform: /home/runner/.gradle/caches/8.9/transforms/67864402187e07e067de15a18f1a73f9/transformed/merge/instrumentation-dependencies.bin because:
  Build cache is disabled
  Caching not enabled.
Caching disabled for ExternalDependencyInstrumentingArtifactTransform: /home/runner/.gradle/caches/modules-2/files-2.1/com.android.tools.build/transform-api/2.0.0-deprecated-use-gradle-api/47f6c56527c42425742fa9b56ffd3fd80763fe03/transform-api-2.0.0-deprecated-use-gradle-api.jar because:
  Build cache is disabled
  Caching not enabled.
Caching disabled for MergeInstrumentationAnalysisTransform: /home/runner/.gradle/caches/8.9/transforms/8b4a1163120f94361801ae37f55083a5/transformed/analysis/instrumentation-hierarchy.bin because:
  Build cache is disabled
  Caching not enabled.
Caching disabled for MergeInstrumentationAnalysisTransform: /home/runner/.gradle/caches/8.9/transforms/8b4a1163120f94361801ae37f55083a5/transformed/analysis/instrumentation-dependencies.bin because:
  Build cache is disabled
  Caching not enabled.
Caching disabled for MergeInstrumentationAnalysisTransform: /home/runner/.gradle/caches/modules-2/files-2.1/org.apache.httpcomponents/httpmime/4.5.6/164343da11db817e81e24e0d9869527e069850c9/httpmime-4.5.6.jar because:
  Build cache is disabled
  Caching not enabled.
Transforming httpmime-4.5.6.jar (org.apache.httpcomponents:httpmime:4.5.6) with ExternalDependencyInstrumentingArtifactTransform
Caching disabled for ExternalDependencyInstrumentingArtifactTransform: /home/runner/.gradle/caches/8.9/transforms/233e6659e89c982039205161e89a1a49/transformed/merge/instrumentation-dependencies.bin because:
  Build cache is disabled
  Caching not enabled.
Caching disabled for ExternalDependencyInstrumentingArtifactTransform: /home/runner/.gradle/caches/modules-2/files-2.1/org.apache.httpcomponents/httpmime/4.5.6/164343da11db817e81e24e0d9869527e069850c9/httpmime-4.5.6.jar because:
  Build cache is disabled
  Caching not enabled.
Caching disabled for MergeInstrumentationAnalysisTransform: /home/runner/.gradle/caches/8.9/transforms/495289baacb155f59f6c6677daa1ac96/transformed/analysis/instrumentation-hierarchy.bin because:
  Build cache is disabled
  Caching not enabled.
Caching disabled for MergeInstrumentationAnalysisTransform: /home/runner/.gradle/caches/8.9/transforms/495289baacb155f59f6c6677daa1ac96/transformed/analysis/instrumentation-dependencies.bin because:
  Build cache is disabled
  Caching not enabled.
Caching disabled for MergeInstrumentationAnalysisTransform: /home/runner/.gradle/caches/modules-2/files-2.1/commons-io/commons-io/2.13.0/8bb2bc9b4df17e2411533a0708a69f983bf5e83b/commons-io-2.13.0.jar because:
  Build cache is disabled
  Caching not enabled.
Transforming commons-io-2.13.0.jar (commons-io:commons-io:2.13.0) with ExternalDependencyInstrumentingArtifactTransform
Caching disabled for ExternalDependencyInstrumentingArtifactTransform: /home/runner/.gradle/caches/8.9/transforms/ed840c405886f863b0fd6b9ea5f6da18/transformed/merge/instrumentation-dependencies.bin because:
  Build cache is disabled
  Caching not enabled.
Caching disabled for ExternalDependencyInstrumentingArtifactTransform: /home/runner/.gradle/caches/modules-2/files-2.1/commons-io/commons-io/2.13.0/8bb2bc9b4df17e2411533a0708a69f983bf5e83b/commons-io-2.13.0.jar because:
  Build cache is disabled
  Caching not enabled.
Caching disabled for MergeInstrumentationAnalysisTransform: /home/runner/.gradle/caches/8.9/transforms/7de611c7aef5f14720e057bf8f323b63/transformed/analysis/instrumentation-hierarchy.bin because:
  Build cache is disabled
  Caching not enabled.
Caching disabled for MergeInstrumentationAnalysisTransform: /home/runner/.gradle/caches/8.9/transforms/7de611c7aef5f14720e057bf8f323b63/transformed/analysis/instrumentation-dependencies.bin because:
  Build cache is disabled
  Caching not enabled.
Caching disabled for MergeInstrumentationAnalysisTransform: /home/runner/.gradle/caches/modules-2/files-2.1/org.ow2.asm/asm-commons/9.6/f1a9e5508eff490744144565c47326c8648be309/asm-commons-9.6.jar because:
  Build cache is disabled
  Caching not enabled.
Transforming asm-commons-9.6.jar (org.ow2.asm:asm-commons:9.6) with ExternalDependencyInstrumentingArtifactTransform
Caching disabled for ExternalDependencyInstrumentingArtifactTransform: /home/runner/.gradle/caches/8.9/transforms/553df52660535aec74b6f94b8cd1dff3/transformed/merge/instrumentation-dependencies.bin because:
  Build cache is disabled
  Caching not enabled.
Caching disabled for ExternalDependencyInstrumentingArtifactTransform: /home/runner/.gradle/caches/modules-2/files-2.1/org.ow2.asm/asm-commons/9.6/f1a9e5508eff490744144565c47326c8648be309/asm-commons-9.6.jar because:
  Build cache is disabled
  Caching not enabled.
Caching disabled for MergeInstrumentationAnalysisTransform: /home/runner/.gradle/caches/8.9/transforms/d4946ab997502ecb48feb2140ee9d9c8/transformed/analysis/instrumentation-hierarchy.bin because:
  Build cache is disabled
  Caching not enabled.
Caching disabled for MergeInstrumentationAnalysisTransform: /home/runner/.gradle/caches/8.9/transforms/d4946ab997502ecb48feb2140ee9d9c8/transformed/analysis/instrumentation-dependencies.bin because:
  Build cache is disabled
  Caching not enabled.
Caching disabled for MergeInstrumentationAnalysisTransform: /home/runner/.gradle/caches/modules-2/files-2.1/org.ow2.asm/asm-util/9.6/f77caf84eb93786a749b2baa40865b9613e3eaee/asm-util-9.6.jar because:
  Build cache is disabled
  Caching not enabled.
Transforming asm-util-9.6.jar (org.ow2.asm:asm-util:9.6) with ExternalDependencyInstrumentingArtifactTransform
Caching disabled for ExternalDependencyInstrumentingArtifactTransform: /home/runner/.gradle/caches/8.9/transforms/e6e31fd511cb2f5e7685d2a615f65265/transformed/merge/instrumentation-dependencies.bin because:
  Build cache is disabled
  Caching not enabled.
Caching disabled for ExternalDependencyInstrumentingArtifactTransform: /home/runner/.gradle/caches/modules-2/files-2.1/org.jetbrains.kotlin/kotlin-stdlib/1.9.20/e58b4816ac517e9cc5df1db051120c63d4cde669/kotlin-stdlib-1.9.20.jar because:
  Build cache is disabled
  Caching not enabled.
Caching disabled for MergeInstrumentationAnalysisTransform: /home/runner/.gradle/caches/8.9/transforms/af2c96bb9c89b5471bd10941dde5c0c0/transformed/analysis/instrumentation-hierarchy.bin because:
  Build cache is disabled
  Caching not enabled.
Caching disabled for MergeInstrumentationAnalysisTransform: /home/runner/.gradle/caches/8.9/transforms/af2c96bb9c89b5471bd10941dde5c0c0/transformed/analysis/instrumentation-dependencies.bin because:
  Build cache is disabled
  Caching not enabled.
Caching disabled for MergeInstrumentationAnalysisTransform: /home/runner/.gradle/caches/modules-2/files-2.1/org.ow2.asm/asm-analysis/9.6/9ce6c7b174bd997fc2552dff47964546bd7a5ec3/asm-analysis-9.6.jar because:
  Build cache is disabled
  Caching not enabled.
Caching disabled for ExternalDependencyInstrumentingArtifactTransform: /home/runner/.gradle/caches/modules-2/files-2.1/org.ow2.asm/asm-util/9.6/f77caf84eb93786a749b2baa40865b9613e3eaee/asm-util-9.6.jar because:
  Build cache is disabled
  Caching not enabled.
Transforming asm-analysis-9.6.jar (org.ow2.asm:asm-analysis:9.6) with ExternalDependencyInstrumentingArtifactTransform
Caching disabled for ExternalDependencyInstrumentingArtifactTransform: /home/runner/.gradle/caches/8.9/transforms/36c83b66b8a992e87918abe1d88ced74/transformed/merge/instrumentation-dependencies.bin because:
  Build cache is disabled
  Caching not enabled.
Caching disabled for MergeInstrumentationAnalysisTransform: /home/runner/.gradle/caches/8.9/transforms/192a0ba563655c98b8e103ebc05019c1/transformed/analysis/instrumentation-hierarchy.bin because:
  Build cache is disabled
  Caching not enabled.
Caching disabled for MergeInstrumentationAnalysisTransform: /home/runner/.gradle/caches/8.9/transforms/192a0ba563655c98b8e103ebc05019c1/transformed/analysis/instrumentation-dependencies.bin because:
  Build cache is disabled
  Caching not enabled.
Caching disabled for MergeInstrumentationAnalysisTransform: /home/runner/.gradle/caches/modules-2/files-2.1/org.ow2.asm/asm-tree/9.6/c0cdda9d211e965d2a4448aa3fd86110f2f8c2de/asm-tree-9.6.jar because:
  Build cache is disabled
  Caching not enabled.
Caching disabled for ExternalDependencyInstrumentingArtifactTransform: /home/runner/.gradle/caches/modules-2/files-2.1/org.ow2.asm/asm-analysis/9.6/9ce6c7b174bd997fc2552dff47964546bd7a5ec3/asm-analysis-9.6.jar because:
  Build cache is disabled
  Caching not enabled.
Transforming asm-tree-9.6.jar (org.ow2.asm:asm-tree:9.6) with ExternalDependencyInstrumentingArtifactTransform
Caching disabled for ExternalDependencyInstrumentingArtifactTransform: /home/runner/.gradle/caches/8.9/transforms/3cd79410b910ce2b76cc9130f96a5152/transformed/merge/instrumentation-dependencies.bin because:
  Build cache is disabled
  Caching not enabled.
Caching disabled for MergeInstrumentationAnalysisTransform: /home/runner/.gradle/caches/8.9/transforms/32064ece3d8c8e6339ee5ce1610eebdd/transformed/analysis/instrumentation-hierarchy.bin because:
  Build cache is disabled
  Caching not enabled.
Caching disabled for MergeInstrumentationAnalysisTransform: /home/runner/.gradle/caches/8.9/transforms/32064ece3d8c8e6339ee5ce1610eebdd/transformed/analysis/instrumentation-dependencies.bin because:
  Build cache is disabled
  Caching not enabled.
Caching disabled for MergeInstrumentationAnalysisTransform: /home/runner/.gradle/caches/modules-2/files-2.1/org.ow2.asm/asm/9.6/aa205cf0a06dbd8e04ece91c0b37c3f5d567546a/asm-9.6.jar because:
  Build cache is disabled
  Caching not enabled.
Transforming asm-9.6.jar (org.ow2.asm:asm:9.6) with ExternalDependencyInstrumentingArtifactTransform
Caching disabled for ExternalDependencyInstrumentingArtifactTransform: /home/runner/.gradle/caches/8.9/transforms/d6ecda398574933f571b0ae921c3899e/transformed/merge/instrumentation-dependencies.bin because:
  Build cache is disabled
  Caching not enabled.
Caching disabled for ExternalDependencyInstrumentingArtifactTransform: /home/runner/.gradle/caches/modules-2/files-2.1/org.ow2.asm/asm-tree/9.6/c0cdda9d211e965d2a4448aa3fd86110f2f8c2de/asm-tree-9.6.jar because:
  Build cache is disabled
  Caching not enabled.
Caching disabled for MergeInstrumentationAnalysisTransform: /home/runner/.gradle/caches/8.9/transforms/890bc970d34ec4251acbd18317a5070b/transformed/analysis/instrumentation-hierarchy.bin because:
  Build cache is disabled
  Caching not enabled.
Caching disabled for MergeInstrumentationAnalysisTransform: /home/runner/.gradle/caches/8.9/transforms/890bc970d34ec4251acbd18317a5070b/transformed/analysis/instrumentation-dependencies.bin because:
  Build cache is disabled
  Caching not enabled.
Caching disabled for MergeInstrumentationAnalysisTransform: /home/runner/.gradle/caches/modules-2/files-2.1/com.android.tools.build/apkzlib/8.7.2/d656b52facbb301b8bdc1e40a5ae008bcf335fe9/apkzlib-8.7.2.jar because:
  Build cache is disabled
  Caching not enabled.
Transforming apkzlib-8.7.2.jar (com.android.tools.build:apkzlib:8.7.2) with ExternalDependencyInstrumentingArtifactTransform
Caching disabled for ExternalDependencyInstrumentingArtifactTransform: /home/runner/.gradle/caches/8.9/transforms/6b8be23143bf4b1655a11142479f37c4/transformed/merge/instrumentation-dependencies.bin because:
  Build cache is disabled
  Caching not enabled.
Caching disabled for ExternalDependencyInstrumentingArtifactTransform: /home/runner/.gradle/caches/modules-2/files-2.1/org.ow2.asm/asm/9.6/aa205cf0a06dbd8e04ece91c0b37c3f5d567546a/asm-9.6.jar because:
  Build cache is disabled
  Caching not enabled.
Caching disabled for MergeInstrumentationAnalysisTransform: /home/runner/.gradle/caches/8.9/transforms/989bf7c2227a3e60f58987f839dbb9e4/transformed/analysis/instrumentation-hierarchy.bin because:
  Build cache is disabled
  Caching not enabled.
Caching disabled for MergeInstrumentationAnalysisTransform: /home/runner/.gradle/caches/8.9/transforms/989bf7c2227a3e60f58987f839dbb9e4/transformed/analysis/instrumentation-dependencies.bin because:
  Build cache is disabled
  Caching not enabled.
Caching disabled for MergeInstrumentationAnalysisTransform: /home/runner/.gradle/caches/modules-2/files-2.1/org.bouncycastle/bcpkix-jdk18on/1.77/ed953791ba0229747dd0fd9911e3d76a462acfd3/bcpkix-jdk18on-1.77.jar because:
  Build cache is disabled
  Caching not enabled.
Transforming bcpkix-jdk18on-1.77.jar (org.bouncycastle:bcpkix-jdk18on:1.77) with ExternalDependencyInstrumentingArtifactTransform
Caching disabled for ExternalDependencyInstrumentingArtifactTransform: /home/runner/.gradle/caches/8.9/transforms/21c409da360425d15c3c7a5d14278b32/transformed/merge/instrumentation-dependencies.bin because:
  Build cache is disabled
  Caching not enabled.
Caching disabled for ExternalDependencyInstrumentingArtifactTransform: /home/runner/.gradle/caches/modules-2/files-2.1/com.android.tools.build/apkzlib/8.7.2/d656b52facbb301b8bdc1e40a5ae008bcf335fe9/apkzlib-8.7.2.jar because:
  Build cache is disabled
  Caching not enabled.
Caching disabled for MergeInstrumentationAnalysisTransform: /home/runner/.gradle/caches/8.9/transforms/bca83af1ccf4d61c0dc05981f370d7e5/transformed/analysis/instrumentation-hierarchy.bin because:
  Build cache is disabled
  Caching not enabled.
Caching disabled for MergeInstrumentationAnalysisTransform: /home/runner/.gradle/caches/8.9/transforms/bca83af1ccf4d61c0dc05981f370d7e5/transformed/analysis/instrumentation-dependencies.bin because:
  Build cache is disabled
  Caching not enabled.
Caching disabled for MergeInstrumentationAnalysisTransform: /home/runner/.gradle/caches/modules-2/files-2.1/org.glassfish.jaxb/jaxb-runtime/2.3.2/5528bc882ea499a09d720b42af11785c4fc6be2a/jaxb-runtime-2.3.2.jar because:
  Build cache is disabled
  Caching not enabled.
Transforming jaxb-runtime-2.3.2.jar (org.glassfish.jaxb:jaxb-runtime:2.3.2) with ExternalDependencyInstrumentingArtifactTransform
Caching disabled for ExternalDependencyInstrumentingArtifactTransform: /home/runner/.gradle/caches/8.9/transforms/c0b483164d2dfd5965cd80a8b6424e45/transformed/merge/instrumentation-dependencies.bin because:
  Build cache is disabled
  Caching not enabled.
Caching disabled for ExternalDependencyInstrumentingArtifactTransform: /home/runner/.gradle/caches/modules-2/files-2.1/org.bouncycastle/bcpkix-jdk18on/1.77/ed953791ba0229747dd0fd9911e3d76a462acfd3/bcpkix-jdk18on-1.77.jar because:
  Build cache is disabled
  Caching not enabled.
Caching disabled for MergeInstrumentationAnalysisTransform: /home/runner/.gradle/caches/8.9/transforms/a83f104b29721c44fe0c61e09412ad99/transformed/analysis/instrumentation-hierarchy.bin because:
  Build cache is disabled
  Caching not enabled.
Caching disabled for MergeInstrumentationAnalysisTransform: /home/runner/.gradle/caches/8.9/transforms/a83f104b29721c44fe0c61e09412ad99/transformed/analysis/instrumentation-dependencies.bin because:
  Build cache is disabled
  Caching not enabled.
Caching disabled for MergeInstrumentationAnalysisTransform: /home/runner/.gradle/caches/modules-2/files-2.1/net.sf.jopt-simple/jopt-simple/4.9/ee9e9eaa0a35360dcfeac129ff4923215fd65904/jopt-simple-4.9.jar because:
  Build cache is disabled
  Caching not enabled.
Transforming jopt-simple-4.9.jar (net.sf.jopt-simple:jopt-simple:4.9) with ExternalDependencyInstrumentingArtifactTransform
Caching disabled for ExternalDependencyInstrumentingArtifactTransform: /home/runner/.gradle/caches/8.9/transforms/bcf0187681dffe477d5380d5c45440c7/transformed/merge/instrumentation-dependencies.bin because:
  Build cache is disabled
  Caching not enabled.
Caching disabled for ExternalDependencyInstrumentingArtifactTransform: /home/runner/.gradle/caches/modules-2/files-2.1/net.sf.jopt-simple/jopt-simple/4.9/ee9e9eaa0a35360dcfeac129ff4923215fd65904/jopt-simple-4.9.jar because:
  Build cache is disabled
  Caching not enabled.
Caching disabled for MergeInstrumentationAnalysisTransform: /home/runner/.gradle/caches/8.9/transforms/9ae3cd8984962bf095bdaa0c4ef9388b/transformed/analysis/instrumentation-hierarchy.bin because:
  Build cache is disabled
  Caching not enabled.
Caching disabled for MergeInstrumentationAnalysisTransform: /home/runner/.gradle/caches/8.9/transforms/9ae3cd8984962bf095bdaa0c4ef9388b/transformed/analysis/instrumentation-dependencies.bin because:
  Build cache is disabled
  Caching not enabled.
Caching disabled for MergeInstrumentationAnalysisTransform: /home/runner/.gradle/caches/modules-2/files-2.1/com.squareup/javapoet/1.10.0/712c178d35185d8261295913c9f2a7d6867a6007/javapoet-1.10.0.jar because:
  Build cache is disabled
  Caching not enabled.
Caching disabled for MergeInstrumentationAnalysisTransform: /home/runner/.gradle/caches/modules-2/files-2.1/com.android.tools.utp/android-test-plugin-result-listener-gradle-proto/31.7.2/f51d5e35aa252438265500d79fc2d314b7555b94/android-test-plugin-result-listener-gradle-proto-31.7.2.jar because:
  Build cache is disabled
  Caching not enabled.
Caching disabled for ExternalDependencyInstrumentingArtifactTransform: /home/runner/.gradle/caches/modules-2/files-2.1/com.android.tools.build/bundletool/1.17.1/267feb0f9bcff527cdf35a3544d77ad4d3e636dd/bundletool-1.17.1.jar because:
  Build cache is disabled
  Caching not enabled.
Caching disabled for ExternalDependencyInstrumentingArtifactTransform: /home/runner/.gradle/caches/modules-2/files-2.1/org.glassfish.jaxb/jaxb-runtime/2.3.2/5528bc882ea499a09d720b42af11785c4fc6be2a/jaxb-runtime-2.3.2.jar because:
  Build cache is disabled
  Caching not enabled.
Transforming android-test-plugin-result-listener-gradle-proto-31.7.2.jar (com.android.tools.utp:android-test-plugin-result-listener-gradle-proto:31.7.2) with ExternalDependencyInstrumentingArtifactTransform
Caching disabled for ExternalDependencyInstrumentingArtifactTransform: /home/runner/.gradle/caches/8.9/transforms/7a296ed06ec79ee63222e8b8c21a55bd/transformed/merge/instrumentation-dependencies.bin because:
  Build cache is disabled
  Caching not enabled.
Caching disabled for MergeInstrumentationAnalysisTransform: /home/runner/.gradle/caches/8.9/transforms/4969014ab055a54da5fd491dcb266a43/transformed/analysis/instrumentation-hierarchy.bin because:
  Build cache is disabled
  Caching not enabled.
Transforming javapoet-1.10.0.jar (com.squareup:javapoet:1.10.0) with ExternalDependencyInstrumentingArtifactTransform
Caching disabled for ExternalDependencyInstrumentingArtifactTransform: /home/runner/.gradle/caches/8.9/transforms/0ca07a1cca7b4483cd40672a7605d298/transformed/merge/instrumentation-dependencies.bin because:
  Build cache is disabled
  Caching not enabled.
Caching disabled for MergeInstrumentationAnalysisTransform: /home/runner/.gradle/caches/8.9/transforms/4969014ab055a54da5fd491dcb266a43/transformed/analysis/instrumentation-dependencies.bin because:
  Build cache is disabled
  Caching not enabled.
Caching disabled for MergeInstrumentationAnalysisTransform: /home/runner/.gradle/caches/8.9/transforms/f7eb8e35151d0f6721beab60f74fbc05/transformed/analysis/instrumentation-hierarchy.bin because:
  Build cache is disabled
  Caching not enabled.
Caching disabled for MergeInstrumentationAnalysisTransform: /home/runner/.gradle/caches/8.9/transforms/f7eb8e35151d0f6721beab60f74fbc05/transformed/analysis/instrumentation-dependencies.bin because:
  Build cache is disabled
  Caching not enabled.
Caching disabled for MergeInstrumentationAnalysisTransform: /home/runner/.gradle/caches/modules-2/files-2.1/com.google.protobuf/protobuf-java-util/3.22.3/749cd4fe8ab52f37bc186193802ba19f5b284647/protobuf-java-util-3.22.3.jar because:
  Build cache is disabled
  Caching not enabled.
Transforming protobuf-java-util-3.22.3.jar (com.google.protobuf:protobuf-java-util:3.22.3) with ExternalDependencyInstrumentingArtifactTransform
Caching disabled for ExternalDependencyInstrumentingArtifactTransform: /home/runner/.gradle/caches/8.9/transforms/dc7f91e10e4d2daa5844819f029c887d/transformed/merge/instrumentation-dependencies.bin because:
  Build cache is disabled
  Caching not enabled.
Caching disabled for MergeInstrumentationAnalysisTransform: /home/runner/.gradle/caches/modules-2/files-2.1/io.grpc/grpc-protobuf/1.57.0/49986e40de6cbd14ba26247639b18ab0bac921c1/grpc-protobuf-1.57.0.jar because:
  Build cache is disabled
  Caching not enabled.
Transforming grpc-protobuf-1.57.0.jar (io.grpc:grpc-protobuf:1.57.0) with ExternalDependencyInstrumentingArtifactTransform
Caching disabled for ExternalDependencyInstrumentingArtifactTransform: /home/runner/.gradle/caches/8.9/transforms/c275cbb505ecf9a05e3710c33c318658/transformed/merge/instrumentation-dependencies.bin because:
  Build cache is disabled
  Caching not enabled.
Caching disabled for ExternalDependencyInstrumentingArtifactTransform: /home/runner/.gradle/caches/modules-2/files-2.1/com.android.tools.utp/android-test-plugin-result-listener-gradle-proto/31.7.2/f51d5e35aa252438265500d79fc2d314b7555b94/android-test-plugin-result-listener-gradle-proto-31.7.2.jar because:
  Build cache is disabled
  Caching not enabled.
Caching disabled for ExternalDependencyInstrumentingArtifactTransform: /home/runner/.gradle/caches/modules-2/files-2.1/com.squareup/javapoet/1.10.0/712c178d35185d8261295913c9f2a7d6867a6007/javapoet-1.10.0.jar because:
  Build cache is disabled
  Caching not enabled.
Caching disabled for ExternalDependencyInstrumentingArtifactTransform: /home/runner/.gradle/caches/modules-2/files-2.1/io.grpc/grpc-protobuf/1.57.0/49986e40de6cbd14ba26247639b18ab0bac921c1/grpc-protobuf-1.57.0.jar because:
  Build cache is disabled
  Caching not enabled.
Caching disabled for MergeInstrumentationAnalysisTransform: /home/runner/.gradle/caches/8.9/transforms/0759993524352e9f975bf477ce4826d5/transformed/analysis/instrumentation-hierarchy.bin because:
  Build cache is disabled
  Caching not enabled.
Caching disabled for MergeInstrumentationAnalysisTransform: /home/runner/.gradle/caches/8.9/transforms/7aeb782dd6391f9cf891a363d27a2c13/transformed/analysis/instrumentation-hierarchy.bin because:
  Build cache is disabled
  Caching not enabled.
Caching disabled for ExternalDependencyInstrumentingArtifactTransform: /home/runner/.gradle/caches/modules-2/files-2.1/com.google.protobuf/protobuf-java-util/3.22.3/749cd4fe8ab52f37bc186193802ba19f5b284647/protobuf-java-util-3.22.3.jar because:
  Build cache is disabled
  Caching not enabled.
Caching disabled for MergeInstrumentationAnalysisTransform: /home/runner/.gradle/caches/8.9/transforms/237fac6d04e18e9db2ab2e3190053bab/transformed/analysis/instrumentation-hierarchy.bin because:
  Build cache is disabled
  Caching not enabled.
Caching disabled for MergeInstrumentationAnalysisTransform: /home/runner/.gradle/caches/8.9/transforms/7aeb782dd6391f9cf891a363d27a2c13/transformed/analysis/instrumentation-dependencies.bin because:
  Build cache is disabled
  Caching not enabled.
Caching disabled for MergeInstrumentationAnalysisTransform: /home/runner/.gradle/caches/8.9/transforms/0759993524352e9f975bf477ce4826d5/transformed/analysis/instrumentation-dependencies.bin because:
  Build cache is disabled
  Caching not enabled.
Caching disabled for MergeInstrumentationAnalysisTransform: /home/runner/.gradle/caches/8.9/transforms/237fac6d04e18e9db2ab2e3190053bab/transformed/analysis/instrumentation-dependencies.bin because:
  Build cache is disabled
  Caching not enabled.
Caching disabled for MergeInstrumentationAnalysisTransform: /home/runner/.gradle/caches/8.9/transforms/e88eea235314c3e3a42ba10660412526/transformed/analysis/instrumentation-hierarchy.bin because:
  Build cache is disabled
  Caching not enabled.
Caching disabled for MergeInstrumentationAnalysisTransform: /home/runner/.gradle/caches/8.9/transforms/e88eea235314c3e3a42ba10660412526/transformed/analysis/instrumentation-dependencies.bin because:
  Build cache is disabled
  Caching not enabled.
Caching disabled for MergeInstrumentationAnalysisTransform: /home/runner/.gradle/caches/modules-2/files-2.1/com.google.crypto.tink/tink/1.7.0/668b57f109d32349b2870448f06ae6f202713edc/tink-1.7.0.jar because:
  Build cache is disabled
  Caching not enabled.
Caching disabled for MergeInstrumentationAnalysisTransform: /home/runner/.gradle/caches/modules-2/files-2.1/com.google.api.grpc/proto-google-common-protos/2.17.0/7edf1e3aa96dc3861f7a8f24556c714e9c5b292/proto-google-common-protos-2.17.0.jar because:
  Build cache is disabled
  Caching not enabled.
Transforming tink-1.7.0.jar (com.google.crypto.tink:tink:1.7.0) with ExternalDependencyInstrumentingArtifactTransform
Caching disabled for ExternalDependencyInstrumentingArtifactTransform: /home/runner/.gradle/caches/8.9/transforms/148d3ccf5b1a9ffc99f9329666e534fc/transformed/merge/instrumentation-dependencies.bin because:
  Build cache is disabled
  Caching not enabled.
Caching disabled for MergeInstrumentationAnalysisTransform: /home/runner/.gradle/caches/modules-2/files-2.1/com.google.protobuf/protobuf-java/3.22.3/fdee98b8f6abab73f146a4edb4c09e56f8278d03/protobuf-java-3.22.3.jar because:
  Build cache is disabled
  Caching not enabled.
Transforming protobuf-java-3.22.3.jar (com.google.protobuf:protobuf-java:3.22.3) with ExternalDependencyInstrumentingArtifactTransform
Caching disabled for ExternalDependencyInstrumentingArtifactTransform: /home/runner/.gradle/caches/8.9/transforms/4a05fcc08d81800d1f996d95669275ae/transformed/merge/instrumentation-dependencies.bin because:
  Build cache is disabled
  Caching not enabled.
Transforming proto-google-common-protos-2.17.0.jar (com.google.api.grpc:proto-google-common-protos:2.17.0) with ExternalDependencyInstrumentingArtifactTransform
Caching disabled for ExternalDependencyInstrumentingArtifactTransform: /home/runner/.gradle/caches/8.9/transforms/a373ebc6ca08da68e8ee8aa13e17bf9d/transformed/merge/instrumentation-dependencies.bin because:
  Build cache is disabled
  Caching not enabled.
Caching disabled for MergeInstrumentationAnalysisTransform: /home/runner/.gradle/caches/modules-2/files-2.1/com.android.tools.analytics-library/protos/31.7.2/71afde62826a0dd766603edb6ff96d291c138083/protos-31.7.2.jar because:
  Build cache is disabled
  Caching not enabled.
Transforming protos-31.7.2.jar (com.android.tools.analytics-library:protos:31.7.2) with ExternalDependencyInstrumentingArtifactTransform
Caching disabled for ExternalDependencyInstrumentingArtifactTransform: /home/runner/.gradle/caches/8.9/transforms/3e667585daaf49d5ba4d5c5515cd1e32/transformed/merge/instrumentation-dependencies.bin because:
  Build cache is disabled
  Caching not enabled.
Caching disabled for ExternalDependencyInstrumentingArtifactTransform: /home/runner/.gradle/caches/modules-2/files-2.1/com.google.protobuf/protobuf-java/3.22.3/fdee98b8f6abab73f146a4edb4c09e56f8278d03/protobuf-java-3.22.3.jar because:
  Build cache is disabled
  Caching not enabled.
Caching disabled for MergeInstrumentationAnalysisTransform: /home/runner/.gradle/caches/8.9/transforms/26b7dc38abfd9a98453c19ec6ad16cc3/transformed/analysis/instrumentation-hierarchy.bin because:
  Build cache is disabled
  Caching not enabled.
Caching disabled for MergeInstrumentationAnalysisTransform: /home/runner/.gradle/caches/8.9/transforms/26b7dc38abfd9a98453c19ec6ad16cc3/transformed/analysis/instrumentation-dependencies.bin because:
  Build cache is disabled
  Caching not enabled.
Caching disabled for MergeInstrumentationAnalysisTransform: /home/runner/.gradle/caches/modules-2/files-2.1/io.grpc/grpc-netty/1.57.0/99cc01516c2fd1d134bf2585c2b38fa400804986/grpc-netty-1.57.0.jar because:
  Build cache is disabled
  Caching not enabled.
Transforming grpc-netty-1.57.0.jar (io.grpc:grpc-netty:1.57.0) with ExternalDependencyInstrumentingArtifactTransform
Caching disabled for ExternalDependencyInstrumentingArtifactTransform: /home/runner/.gradle/caches/8.9/transforms/5c80050e35b6c15222e9254efcab9063/transformed/merge/instrumentation-dependencies.bin because:
  Build cache is disabled
  Caching not enabled.
Caching disabled for ExternalDependencyInstrumentingArtifactTransform: /home/runner/.gradle/caches/modules-2/files-2.1/io.grpc/grpc-netty/1.57.0/99cc01516c2fd1d134bf2585c2b38fa400804986/grpc-netty-1.57.0.jar because:
  Build cache is disabled
  Caching not enabled.
Caching disabled for MergeInstrumentationAnalysisTransform: /home/runner/.gradle/caches/8.9/transforms/8f8c01e72e23b8eccd4f26c16c8162d2/transformed/analysis/instrumentation-hierarchy.bin because:
  Build cache is disabled
  Caching not enabled.
Caching disabled for MergeInstrumentationAnalysisTransform: /home/runner/.gradle/caches/8.9/transforms/8f8c01e72e23b8eccd4f26c16c8162d2/transformed/analysis/instrumentation-dependencies.bin because:
  Build cache is disabled
  Caching not enabled.
Caching disabled for MergeInstrumentationAnalysisTransform: /home/runner/.gradle/caches/modules-2/files-2.1/io.grpc/grpc-core/1.57.0/2b6ef5166f31315098fff9bb85f33ab5fed58f6b/grpc-core-1.57.0.jar because:
  Build cache is disabled
  Caching not enabled.
Transforming grpc-core-1.57.0.jar (io.grpc:grpc-core:1.57.0) with ExternalDependencyInstrumentingArtifactTransform
Caching disabled for ExternalDependencyInstrumentingArtifactTransform: /home/runner/.gradle/caches/8.9/transforms/88d78612fd7f9825b772c9e4a402128d/transformed/merge/instrumentation-dependencies.bin because:
  Build cache is disabled
  Caching not enabled.
Caching disabled for ExternalDependencyInstrumentingArtifactTransform: /home/runner/.gradle/caches/modules-2/files-2.1/io.grpc/grpc-core/1.57.0/2b6ef5166f31315098fff9bb85f33ab5fed58f6b/grpc-core-1.57.0.jar because:
  Build cache is disabled
  Caching not enabled.
Caching disabled for MergeInstrumentationAnalysisTransform: /home/runner/.gradle/caches/8.9/transforms/07d166442946ee7f2658c2320bda88da/transformed/analysis/instrumentation-hierarchy.bin because:
  Build cache is disabled
  Caching not enabled.
Caching disabled for MergeInstrumentationAnalysisTransform: /home/runner/.gradle/caches/8.9/transforms/07d166442946ee7f2658c2320bda88da/transformed/analysis/instrumentation-dependencies.bin because:
  Build cache is disabled
  Caching not enabled.
Caching disabled for MergeInstrumentationAnalysisTransform: /home/runner/.gradle/caches/modules-2/files-2.1/com.google.code.gson/gson/2.10.1/b3add478d4382b78ea20b1671390a858002feb6c/gson-2.10.1.jar because:
  Build cache is disabled
  Caching not enabled.
Transforming gson-2.10.1.jar (com.google.code.gson:gson:2.10.1) with ExternalDependencyInstrumentingArtifactTransform
Caching disabled for ExternalDependencyInstrumentingArtifactTransform: /home/runner/.gradle/caches/8.9/transforms/dd3436139102da85cf4c6059aae0202c/transformed/merge/instrumentation-dependencies.bin because:
  Build cache is disabled
  Caching not enabled.
Caching disabled for ExternalDependencyInstrumentingArtifactTransform: /home/runner/.gradle/caches/modules-2/files-2.1/com.google.code.gson/gson/2.10.1/b3add478d4382b78ea20b1671390a858002feb6c/gson-2.10.1.jar because:
  Build cache is disabled
  Caching not enabled.
Caching disabled for MergeInstrumentationAnalysisTransform: /home/runner/.gradle/caches/8.9/transforms/b9662a4592733429a7bbb62aeead1da1/transformed/analysis/instrumentation-hierarchy.bin because:
  Build cache is disabled
  Caching not enabled.
Caching disabled for MergeInstrumentationAnalysisTransform: /home/runner/.gradle/caches/8.9/transforms/b9662a4592733429a7bbb62aeead1da1/transformed/analysis/instrumentation-dependencies.bin because:
  Build cache is disabled
  Caching not enabled.
Caching disabled for MergeInstrumentationAnalysisTransform: /home/runner/.gradle/caches/modules-2/files-2.1/io.grpc/grpc-stub/1.57.0/262e1469c080164d5e2459f4908394d66f4e8828/grpc-stub-1.57.0.jar because:
  Build cache is disabled
  Caching not enabled.
Transforming grpc-stub-1.57.0.jar (io.grpc:grpc-stub:1.57.0) with ExternalDependencyInstrumentingArtifactTransform
Caching disabled for ExternalDependencyInstrumentingArtifactTransform: /home/runner/.gradle/caches/8.9/transforms/9927b7c66f556145b619c5895e979c0e/transformed/merge/instrumentation-dependencies.bin because:
  Build cache is disabled
  Caching not enabled.
Caching disabled for ExternalDependencyInstrumentingArtifactTransform: /home/runner/.gradle/caches/modules-2/files-2.1/io.grpc/grpc-stub/1.57.0/262e1469c080164d5e2459f4908394d66f4e8828/grpc-stub-1.57.0.jar because:
  Build cache is disabled
  Caching not enabled.
Caching disabled for MergeInstrumentationAnalysisTransform: /home/runner/.gradle/caches/8.9/transforms/31aa3b54e8e9db970bea322f1cecd63b/transformed/analysis/instrumentation-hierarchy.bin because:
  Build cache is disabled
  Caching not enabled.
Caching disabled for MergeInstrumentationAnalysisTransform: /home/runner/.gradle/caches/8.9/transforms/31aa3b54e8e9db970bea322f1cecd63b/transformed/analysis/instrumentation-dependencies.bin because:
  Build cache is disabled
  Caching not enabled.
Caching disabled for MergeInstrumentationAnalysisTransform: /home/runner/.gradle/caches/modules-2/files-2.1/com.google.testing.platform/core-proto/0.0.9-alpha02/ee54219cbb4a7fb83cdc528e9a85e0383f3ee726/core-proto-0.0.9-alpha02.jar because:
  Build cache is disabled
  Caching not enabled.
Transforming core-proto-0.0.9-alpha02.jar (com.google.testing.platform:core-proto:0.0.9-alpha02) with ExternalDependencyInstrumentingArtifactTransform
Caching disabled for ExternalDependencyInstrumentingArtifactTransform: /home/runner/.gradle/caches/8.9/transforms/231d59cdd4ae95968cd94317b824f4a6/transformed/merge/instrumentation-dependencies.bin because:
  Build cache is disabled
  Caching not enabled.
Caching disabled for ExternalDependencyInstrumentingArtifactTransform: /home/runner/.gradle/caches/modules-2/files-2.1/com.google.api.grpc/proto-google-common-protos/2.17.0/7edf1e3aa96dc3861f7a8f24556c714e9c5b292/proto-google-common-protos-2.17.0.jar because:
  Build cache is disabled
  Caching not enabled.
Caching disabled for ExternalDependencyInstrumentingArtifactTransform: /home/runner/.gradle/caches/modules-2/files-2.1/com.google.crypto.tink/tink/1.7.0/668b57f109d32349b2870448f06ae6f202713edc/tink-1.7.0.jar because:
  Build cache is disabled
  Caching not enabled.
Caching disabled for MergeInstrumentationAnalysisTransform: /home/runner/.gradle/caches/8.9/transforms/8e67500bb1fa5501e4bceb6290105f57/transformed/analysis/instrumentation-hierarchy.bin because:
  Build cache is disabled
  Caching not enabled.
Caching disabled for MergeInstrumentationAnalysisTransform: /home/runner/.gradle/caches/8.9/transforms/269ae377929b9f6114a794b2fb0b8e9b/transformed/analysis/instrumentation-hierarchy.bin because:
  Build cache is disabled
  Caching not enabled.
Caching disabled for MergeInstrumentationAnalysisTransform: /home/runner/.gradle/caches/8.9/transforms/8e67500bb1fa5501e4bceb6290105f57/transformed/analysis/instrumentation-dependencies.bin because:
  Build cache is disabled
  Caching not enabled.
Caching disabled for MergeInstrumentationAnalysisTransform: /home/runner/.gradle/caches/8.9/transforms/269ae377929b9f6114a794b2fb0b8e9b/transformed/analysis/instrumentation-dependencies.bin because:
  Build cache is disabled
  Caching not enabled.
Caching disabled for MergeInstrumentationAnalysisTransform: /home/runner/.gradle/caches/modules-2/files-2.1/com.google.flatbuffers/flatbuffers-java/1.12.0/8201cc7b511177a37071249e891f2f2fea4b32e9/flatbuffers-java-1.12.0.jar because:
  Build cache is disabled
  Caching not enabled.
Transforming flatbuffers-java-1.12.0.jar (com.google.flatbuffers:flatbuffers-java:1.12.0) with ExternalDependencyInstrumentingArtifactTransform
Caching disabled for MergeInstrumentationAnalysisTransform: /home/runner/.gradle/caches/modules-2/files-2.1/org.tensorflow/tensorflow-lite-metadata/0.1.0-rc2/7aa9b3e16d85c2aae5eff741265315a37c9f731a/tensorflow-lite-metadata-0.1.0-rc2.jar because:
  Build cache is disabled
  Caching not enabled.
Caching disabled for ExternalDependencyInstrumentingArtifactTransform: /home/runner/.gradle/caches/8.9/transforms/8ed874eeb869badf67fef87d7bd2b06f/transformed/merge/instrumentation-dependencies.bin because:
  Build cache is disabled
  Caching not enabled.
Transforming tensorflow-lite-metadata-0.1.0-rc2.jar (org.tensorflow:tensorflow-lite-metadata:0.1.0-rc2) with ExternalDependencyInstrumentingArtifactTransform
Caching disabled for ExternalDependencyInstrumentingArtifactTransform: /home/runner/.gradle/caches/8.9/transforms/701c9751fbc42dcbf08de66fdd9011af/transformed/merge/instrumentation-dependencies.bin because:
  Build cache is disabled
  Caching not enabled.
Caching disabled for ExternalDependencyInstrumentingArtifactTransform: /home/runner/.gradle/caches/modules-2/files-2.1/com.google.flatbuffers/flatbuffers-java/1.12.0/8201cc7b511177a37071249e891f2f2fea4b32e9/flatbuffers-java-1.12.0.jar because:
  Build cache is disabled
  Caching not enabled.
Caching disabled for MergeInstrumentationAnalysisTransform: /home/runner/.gradle/caches/8.9/transforms/8574ec98e8e87dbf20bbaabfa3435050/transformed/analysis/instrumentation-hierarchy.bin because:
  Build cache is disabled
  Caching not enabled.
Caching disabled for MergeInstrumentationAnalysisTransform: /home/runner/.gradle/caches/8.9/transforms/8574ec98e8e87dbf20bbaabfa3435050/transformed/analysis/instrumentation-dependencies.bin because:
  Build cache is disabled
  Caching not enabled.
Caching disabled for MergeInstrumentationAnalysisTransform: /home/runner/.gradle/caches/modules-2/files-2.1/com.google.jimfs/jimfs/1.1/8fbd0579dc68aba6186935cc1bee21d2f3e7ec1c/jimfs-1.1.jar because:
  Build cache is disabled
  Caching not enabled.
Transforming jimfs-1.1.jar (com.google.jimfs:jimfs:1.1) with ExternalDependencyInstrumentingArtifactTransform
Caching disabled for ExternalDependencyInstrumentingArtifactTransform: /home/runner/.gradle/caches/8.9/transforms/a5d8a5283be01545ca0664c82a6eb035/transformed/merge/instrumentation-dependencies.bin because:
  Build cache is disabled
  Caching not enabled.
Caching disabled for ExternalDependencyInstrumentingArtifactTransform: /home/runner/.gradle/caches/modules-2/files-2.1/com.google.testing.platform/core-proto/0.0.9-alpha02/ee54219cbb4a7fb83cdc528e9a85e0383f3ee726/core-proto-0.0.9-alpha02.jar because:
  Build cache is disabled
  Caching not enabled.
Caching disabled for MergeInstrumentationAnalysisTransform: /home/runner/.gradle/caches/8.9/transforms/6bf11fc827fe67b1fdfa041395c5ae83/transformed/analysis/instrumentation-dependencies.bin because:
  Build cache is disabled
  Caching not enabled.
Caching disabled for ExternalDependencyInstrumentingArtifactTransform: /home/runner/.gradle/caches/modules-2/files-2.1/com.google.jimfs/jimfs/1.1/8fbd0579dc68aba6186935cc1bee21d2f3e7ec1c/jimfs-1.1.jar because:
  Build cache is disabled
  Caching not enabled.
Caching disabled for ExternalDependencyInstrumentingArtifactTransform: /home/runner/.gradle/caches/modules-2/files-2.1/org.tensorflow/tensorflow-lite-metadata/0.1.0-rc2/7aa9b3e16d85c2aae5eff741265315a37c9f731a/tensorflow-lite-metadata-0.1.0-rc2.jar because:
  Build cache is disabled
  Caching not enabled.
Caching disabled for MergeInstrumentationAnalysisTransform: /home/runner/.gradle/caches/modules-2/files-2.1/io.grpc/grpc-context/1.57.0/8d8f26a9b0bed637ee4592e1df3ef134ed2c54fd/grpc-context-1.57.0.jar because:
  Build cache is disabled
  Caching not enabled.
Transforming grpc-context-1.57.0.jar (io.grpc:grpc-context:1.57.0) with ExternalDependencyInstrumentingArtifactTransform
Caching disabled for ExternalDependencyInstrumentingArtifactTransform: /home/runner/.gradle/caches/8.9/transforms/d3fa44a5fbd489ca81a8682fd3f1bffc/transformed/merge/instrumentation-dependencies.bin because:
  Build cache is disabled
  Caching not enabled.
Caching disabled for MergeInstrumentationAnalysisTransform: /home/runner/.gradle/caches/8.9/transforms/1eb2f16d3fd9706abcb57ea12b228ba9/transformed/analysis/instrumentation-hierarchy.bin because:
  Build cache is disabled
  Caching not enabled.
Caching disabled for MergeInstrumentationAnalysisTransform: /home/runner/.gradle/caches/8.9/transforms/d3539197ea2c0d67d04b5077aaa2b03e/transformed/analysis/instrumentation-hierarchy.bin because:
  Build cache is disabled
  Caching not enabled.
Caching disabled for MergeInstrumentationAnalysisTransform: /home/runner/.gradle/caches/8.9/transforms/1eb2f16d3fd9706abcb57ea12b228ba9/transformed/analysis/instrumentation-dependencies.bin because:
  Build cache is disabled
  Caching not enabled.
Caching disabled for ExternalDependencyInstrumentingArtifactTransform: /home/runner/.gradle/caches/modules-2/files-2.1/io.grpc/grpc-context/1.57.0/8d8f26a9b0bed637ee4592e1df3ef134ed2c54fd/grpc-context-1.57.0.jar because:
  Build cache is disabled
  Caching not enabled.
Caching disabled for MergeInstrumentationAnalysisTransform: /home/runner/.gradle/caches/8.9/transforms/d3539197ea2c0d67d04b5077aaa2b03e/transformed/analysis/instrumentation-dependencies.bin because:
  Build cache is disabled
  Caching not enabled.
Caching disabled for MergeInstrumentationAnalysisTransform: /home/runner/.gradle/caches/8.9/transforms/183df12c8f26258f181d83ebde1ea817/transformed/analysis/instrumentation-hierarchy.bin because:
  Build cache is disabled
  Caching not enabled.
Caching disabled for MergeInstrumentationAnalysisTransform: /home/runner/.gradle/caches/modules-2/files-2.1/io.grpc/grpc-protobuf-lite/1.57.0/ca0084219b71d29cd9bfc3b81780aca91a965753/grpc-protobuf-lite-1.57.0.jar because:
  Build cache is disabled
  Caching not enabled.
Caching disabled for MergeInstrumentationAnalysisTransform: /home/runner/.gradle/caches/8.9/transforms/183df12c8f26258f181d83ebde1ea817/transformed/analysis/instrumentation-dependencies.bin because:
  Build cache is disabled
  Caching not enabled.
Transforming grpc-protobuf-lite-1.57.0.jar (io.grpc:grpc-protobuf-lite:1.57.0) with ExternalDependencyInstrumentingArtifactTransform
Caching disabled for ExternalDependencyInstrumentingArtifactTransform: /home/runner/.gradle/caches/8.9/transforms/f415940db43c24942c06fd115f16240b/transformed/merge/instrumentation-dependencies.bin because:
  Build cache is disabled
  Caching not enabled.
Caching disabled for MergeInstrumentationAnalysisTransform: /home/runner/.gradle/caches/modules-2/files-2.1/io.grpc/grpc-api/1.57.0/768ab3e583b213a3672ec776e70765b594e8bbe5/grpc-api-1.57.0.jar because:
  Build cache is disabled
  Caching not enabled.
Caching disabled for ExternalDependencyInstrumentingArtifactTransform: /home/runner/.gradle/caches/modules-2/files-2.1/io.grpc/grpc-protobuf-lite/1.57.0/ca0084219b71d29cd9bfc3b81780aca91a965753/grpc-protobuf-lite-1.57.0.jar because:
  Build cache is disabled
  Caching not enabled.
Transforming grpc-api-1.57.0.jar (io.grpc:grpc-api:1.57.0) with ExternalDependencyInstrumentingArtifactTransform
Caching disabled for MergeInstrumentationAnalysisTransform: /home/runner/.gradle/caches/8.9/transforms/73267dedd117adcd288ba5f910cc50a1/transformed/analysis/instrumentation-hierarchy.bin because:
  Build cache is disabled
  Caching not enabled.
Caching disabled for ExternalDependencyInstrumentingArtifactTransform: /home/runner/.gradle/caches/8.9/transforms/afef80fae7a7c58a39f1e01db8e71981/transformed/merge/instrumentation-dependencies.bin because:
  Build cache is disabled
  Caching not enabled.
Caching disabled for MergeInstrumentationAnalysisTransform: /home/runner/.gradle/caches/8.9/transforms/73267dedd117adcd288ba5f910cc50a1/transformed/analysis/instrumentation-dependencies.bin because:
  Build cache is disabled
  Caching not enabled.
Caching disabled for MergeInstrumentationAnalysisTransform: /home/runner/.gradle/caches/modules-2/files-2.1/com.google.guava/guava/32.0.1-jre/6e5d51a72d142f2d40a57dfb897188b36a95b489/guava-32.0.1-jre.jar because:
  Build cache is disabled
  Caching not enabled.
Caching disabled for MergeInstrumentationAnalysisTransform: /home/runner/.gradle/caches/modules-2/files-2.1/com.google.dagger/dagger/2.28.3/10d83810ef9e19714116ed518896c90c6606d633/dagger-2.28.3.jar because:
  Build cache is disabled
  Caching not enabled.
Transforming guava-32.0.1-jre.jar (com.google.guava:guava:32.0.1-jre) with ExternalDependencyInstrumentingArtifactTransform
Caching disabled for ExternalDependencyInstrumentingArtifactTransform: /home/runner/.gradle/caches/8.9/transforms/e4f2bb8d135388e23f613f815b87311f/transformed/merge/instrumentation-dependencies.bin because:
  Build cache is disabled
  Caching not enabled.
Transforming dagger-2.28.3.jar (com.google.dagger:dagger:2.28.3) with ExternalDependencyInstrumentingArtifactTransform
Caching disabled for ExternalDependencyInstrumentingArtifactTransform: /home/runner/.gradle/caches/8.9/transforms/de5d31c199e2c18c999563bfd2238403/transformed/merge/instrumentation-dependencies.bin because:
  Build cache is disabled
  Caching not enabled.
Caching disabled for ExternalDependencyInstrumentingArtifactTransform: /home/runner/.gradle/caches/modules-2/files-2.1/com.google.dagger/dagger/2.28.3/10d83810ef9e19714116ed518896c90c6606d633/dagger-2.28.3.jar because:
  Build cache is disabled
  Caching not enabled.
Caching disabled for MergeInstrumentationAnalysisTransform: /home/runner/.gradle/caches/8.9/transforms/7a9db39a95d59b025b631ac9aaa929cd/transformed/analysis/instrumentation-dependencies.bin because:
  Build cache is disabled
  Caching not enabled.
Caching disabled for MergeInstrumentationAnalysisTransform: /home/runner/.gradle/caches/modules-2/files-2.1/javax.inject/javax.inject/1/6975da39a7040257bd51d21a231b76c915872d38/javax.inject-1.jar because:
  Build cache is disabled
  Caching not enabled.
Transforming javax.inject-1.jar (javax.inject:javax.inject:1) with ExternalDependencyInstrumentingArtifactTransform
Caching disabled for ExternalDependencyInstrumentingArtifactTransform: /home/runner/.gradle/caches/8.9/transforms/2f7fe6c1d69987c8c27597a2b6b527b3/transformed/merge/instrumentation-dependencies.bin because:
  Build cache is disabled
  Caching not enabled.
Caching disabled for ExternalDependencyInstrumentingArtifactTransform: /home/runner/.gradle/caches/modules-2/files-2.1/javax.inject/javax.inject/1/6975da39a7040257bd51d21a231b76c915872d38/javax.inject-1.jar because:
  Build cache is disabled
  Caching not enabled.
Caching disabled for MergeInstrumentationAnalysisTransform: /home/runner/.gradle/caches/8.9/transforms/ad322f99520f2c991ede5b154beda8c6/transformed/analysis/instrumentation-hierarchy.bin because:
  Build cache is disabled
  Caching not enabled.
Caching disabled for MergeInstrumentationAnalysisTransform: /home/runner/.gradle/caches/8.9/transforms/ad322f99520f2c991ede5b154beda8c6/transformed/analysis/instrumentation-dependencies.bin because:
  Build cache is disabled
  Caching not enabled.
Caching disabled for MergeInstrumentationAnalysisTransform: /home/runner/.gradle/caches/modules-2/files-2.1/net.sf.kxml/kxml2/2.3.0/ccbc77a5fd907ef863c29f3596c6f54ffa4e9442/kxml2-2.3.0.jar because:
  Build cache is disabled
  Caching not enabled.
Transforming kxml2-2.3.0.jar (net.sf.kxml:kxml2:2.3.0) with ExternalDependencyInstrumentingArtifactTransform
Caching disabled for ExternalDependencyInstrumentingArtifactTransform: /home/runner/.gradle/caches/8.9/transforms/ea1c5b784775bccf2195caba061b0a32/transformed/merge/instrumentation-dependencies.bin because:
  Build cache is disabled
  Caching not enabled.
Caching disabled for ExternalDependencyInstrumentingArtifactTransform: /home/runner/.gradle/caches/modules-2/files-2.1/net.sf.kxml/kxml2/2.3.0/ccbc77a5fd907ef863c29f3596c6f54ffa4e9442/kxml2-2.3.0.jar because:
  Build cache is disabled
  Caching not enabled.
Caching disabled for MergeInstrumentationAnalysisTransform: /home/runner/.gradle/caches/8.9/transforms/53c122a196dd8714b148d9b89a8ef36e/transformed/analysis/instrumentation-hierarchy.bin because:
  Build cache is disabled
  Caching not enabled.
Caching disabled for MergeInstrumentationAnalysisTransform: /home/runner/.gradle/caches/8.9/transforms/53c122a196dd8714b148d9b89a8ef36e/transformed/analysis/instrumentation-dependencies.bin because:
  Build cache is disabled
  Caching not enabled.
Caching disabled for MergeInstrumentationAnalysisTransform: /home/runner/.gradle/caches/modules-2/files-2.1/org.bouncycastle/bcutil-jdk18on/1.77/de3eaef351545fe8562cf29ddff4a403a45b49b7/bcutil-jdk18on-1.77.jar because:
  Build cache is disabled
  Caching not enabled.
Transforming bcutil-jdk18on-1.77.jar (org.bouncycastle:bcutil-jdk18on:1.77) with ExternalDependencyInstrumentingArtifactTransform
Caching disabled for ExternalDependencyInstrumentingArtifactTransform: /home/runner/.gradle/caches/8.9/transforms/54a525e4536e032e58764cc59a4474ed/transformed/merge/instrumentation-dependencies.bin because:
  Build cache is disabled
  Caching not enabled.
Caching disabled for ExternalDependencyInstrumentingArtifactTransform: /home/runner/.gradle/caches/modules-2/files-2.1/io.grpc/grpc-api/1.57.0/768ab3e583b213a3672ec776e70765b594e8bbe5/grpc-api-1.57.0.jar because:
  Build cache is disabled
  Caching not enabled.
Caching disabled for MergeInstrumentationAnalysisTransform: /home/runner/.gradle/caches/8.9/transforms/da429c864892eaa2acf9893ff567fe20/transformed/analysis/instrumentation-hierarchy.bin because:
  Build cache is disabled
  Caching not enabled.
Caching disabled for MergeInstrumentationAnalysisTransform: /home/runner/.gradle/caches/8.9/transforms/da429c864892eaa2acf9893ff567fe20/transformed/analysis/instrumentation-dependencies.bin because:
  Build cache is disabled
  Caching not enabled.
Caching disabled for MergeInstrumentationAnalysisTransform: /home/runner/.gradle/caches/modules-2/files-2.1/org.bouncycastle/bcprov-jdk18on/1.77/2cc971b6c20949c1ff98d1a4bc741ee848a09523/bcprov-jdk18on-1.77.jar because:
  Build cache is disabled
  Caching not enabled.
Transforming bcprov-jdk18on-1.77.jar (org.bouncycastle:bcprov-jdk18on:1.77) with ExternalDependencyInstrumentingArtifactTransform
Caching disabled for ExternalDependencyInstrumentingArtifactTransform: /home/runner/.gradle/caches/8.9/transforms/b8eb6fd861339bcbcb780667a357ed93/transformed/merge/instrumentation-dependencies.bin because:
  Build cache is disabled
  Caching not enabled.
Caching disabled for ExternalDependencyInstrumentingArtifactTransform: /home/runner/.gradle/caches/modules-2/files-2.1/org.bouncycastle/bcutil-jdk18on/1.77/de3eaef351545fe8562cf29ddff4a403a45b49b7/bcutil-jdk18on-1.77.jar because:
  Build cache is disabled
  Caching not enabled.
Caching disabled for MergeInstrumentationAnalysisTransform: /home/runner/.gradle/caches/8.9/transforms/ab1e8ba814d7accf6a4d293c5d8fcd5e/transformed/analysis/instrumentation-hierarchy.bin because:
  Build cache is disabled
  Caching not enabled.
Caching disabled for MergeInstrumentationAnalysisTransform: /home/runner/.gradle/caches/8.9/transforms/ab1e8ba814d7accf6a4d293c5d8fcd5e/transformed/analysis/instrumentation-dependencies.bin because:
  Build cache is disabled
  Caching not enabled.
Caching disabled for MergeInstrumentationAnalysisTransform: /home/runner/.gradle/caches/modules-2/files-2.1/org.jetbrains.intellij.deps/trove4j/1.0.20200330/3afb14d5f9ceb459d724e907a21145e8ff394f02/trove4j-1.0.20200330.jar because:
  Build cache is disabled
  Caching not enabled.
Transforming trove4j-1.0.20200330.jar (org.jetbrains.intellij.deps:trove4j:1.0.20200330) with ExternalDependencyInstrumentingArtifactTransform
Caching disabled for ExternalDependencyInstrumentingArtifactTransform: /home/runner/.gradle/caches/8.9/transforms/4a8775067176e80ebcfa8b0a96926a10/transformed/merge/instrumentation-dependencies.bin because:
  Build cache is disabled
  Caching not enabled.
Caching disabled for ExternalDependencyInstrumentingArtifactTransform: /home/runner/.gradle/caches/modules-2/files-2.1/org.jetbrains.intellij.deps/trove4j/1.0.20200330/3afb14d5f9ceb459d724e907a21145e8ff394f02/trove4j-1.0.20200330.jar because:
  Build cache is disabled
  Caching not enabled.
Caching disabled for MergeInstrumentationAnalysisTransform: /home/runner/.gradle/caches/8.9/transforms/9023ace4cc67da174522d99da9315060/transformed/analysis/instrumentation-hierarchy.bin because:
  Build cache is disabled
  Caching not enabled.
Caching disabled for MergeInstrumentationAnalysisTransform: /home/runner/.gradle/caches/8.9/transforms/9023ace4cc67da174522d99da9315060/transformed/analysis/instrumentation-dependencies.bin because:
  Build cache is disabled
  Caching not enabled.
Caching disabled for MergeInstrumentationAnalysisTransform: /home/runner/.gradle/caches/modules-2/files-2.1/org.apache.commons/commons-compress/1.21/4ec95b60d4e86b5c95a0e919cb172a0af98011ef/commons-compress-1.21.jar because:
  Build cache is disabled
  Caching not enabled.
Transforming commons-compress-1.21.jar (org.apache.commons:commons-compress:1.21) with ExternalDependencyInstrumentingArtifactTransform
Caching disabled for ExternalDependencyInstrumentingArtifactTransform: /home/runner/.gradle/caches/8.9/transforms/c4b5b5b80437aa7288f32675da3b565a/transformed/merge/instrumentation-dependencies.bin because:
  Build cache is disabled
  Caching not enabled.
Caching disabled for ExternalDependencyInstrumentingArtifactTransform: /home/runner/.gradle/caches/modules-2/files-2.1/org.apache.commons/commons-compress/1.21/4ec95b60d4e86b5c95a0e919cb172a0af98011ef/commons-compress-1.21.jar because:
  Build cache is disabled
  Caching not enabled.
Caching disabled for MergeInstrumentationAnalysisTransform: /home/runner/.gradle/caches/8.9/transforms/871aa245e8fe2ae8638831b4a8de0949/transformed/analysis/instrumentation-hierarchy.bin because:
  Build cache is disabled
  Caching not enabled.
Caching disabled for MergeInstrumentationAnalysisTransform: /home/runner/.gradle/caches/8.9/transforms/871aa245e8fe2ae8638831b4a8de0949/transformed/analysis/instrumentation-dependencies.bin because:
  Build cache is disabled
  Caching not enabled.
Caching disabled for MergeInstrumentationAnalysisTransform: /home/runner/.gradle/caches/modules-2/files-2.1/org.apache.httpcomponents/httpclient/4.5.14/1194890e6f56ec29177673f2f12d0b8e627dec98/httpclient-4.5.14.jar because:
  Build cache is disabled
  Caching not enabled.
Transforming httpclient-4.5.14.jar (org.apache.httpcomponents:httpclient:4.5.14) with ExternalDependencyInstrumentingArtifactTransform
Caching disabled for ExternalDependencyInstrumentingArtifactTransform: /home/runner/.gradle/caches/8.9/transforms/fe39ed547996b81a70f7b41eef2fe961/transformed/merge/instrumentation-dependencies.bin because:
  Build cache is disabled
  Caching not enabled.
Caching disabled for ExternalDependencyInstrumentingArtifactTransform: /home/runner/.gradle/caches/modules-2/files-2.1/org.apache.httpcomponents/httpclient/4.5.14/1194890e6f56ec29177673f2f12d0b8e627dec98/httpclient-4.5.14.jar because:
  Build cache is disabled
  Caching not enabled.
Caching disabled for ExternalDependencyInstrumentingArtifactTransform: /home/runner/.gradle/caches/modules-2/files-2.1/com.google.guava/guava/32.0.1-jre/6e5d51a72d142f2d40a57dfb897188b36a95b489/guava-32.0.1-jre.jar because:
  Build cache is disabled
  Caching not enabled.
Caching disabled for MergeInstrumentationAnalysisTransform: /home/runner/.gradle/caches/8.9/transforms/8569ccaeea0d4943dd00903f62686908/transformed/analysis/instrumentation-hierarchy.bin because:
  Build cache is disabled
  Caching not enabled.
Caching disabled for MergeInstrumentationAnalysisTransform: /home/runner/.gradle/caches/8.9/transforms/3805cfdfda5a8017a360ec428505a4b6/transformed/analysis/instrumentation-hierarchy.bin because:
  Build cache is disabled
  Caching not enabled.
Caching disabled for MergeInstrumentationAnalysisTransform: /home/runner/.gradle/caches/8.9/transforms/8569ccaeea0d4943dd00903f62686908/transformed/analysis/instrumentation-dependencies.bin because:
  Build cache is disabled
  Caching not enabled.
Caching disabled for MergeInstrumentationAnalysisTransform: /home/runner/.gradle/caches/8.9/transforms/3805cfdfda5a8017a360ec428505a4b6/transformed/analysis/instrumentation-dependencies.bin because:
  Build cache is disabled
  Caching not enabled.
Caching disabled for MergeInstrumentationAnalysisTransform: /home/runner/.gradle/caches/modules-2/files-2.1/com.sun.activation/javax.activation/1.2.0/bf744c1e2776ed1de3c55c8dac1057ec331ef744/javax.activation-1.2.0.jar because:
  Build cache is disabled
  Caching not enabled.
Transforming javax.activation-1.2.0.jar (com.sun.activation:javax.activation:1.2.0) with ExternalDependencyInstrumentingArtifactTransform
Caching disabled for ExternalDependencyInstrumentingArtifactTransform: /home/runner/.gradle/caches/8.9/transforms/8910bd24e505a24e92ef720cb857aecd/transformed/merge/instrumentation-dependencies.bin because:
  Build cache is disabled
  Caching not enabled.
Caching disabled for MergeInstrumentationAnalysisTransform: /home/runner/.gradle/caches/modules-2/files-2.1/org.apache.httpcomponents/httpcore/4.4.16/51cf043c87253c9f58b539c9f7e44c8894223850/httpcore-4.4.16.jar because:
  Build cache is disabled
  Caching not enabled.
Transforming httpcore-4.4.16.jar (org.apache.httpcomponents:httpcore:4.4.16) with ExternalDependencyInstrumentingArtifactTransform
Caching disabled for ExternalDependencyInstrumentingArtifactTransform: /home/runner/.gradle/caches/8.9/transforms/262bab226e5901f90e238dfe97892486/transformed/merge/instrumentation-dependencies.bin because:
  Build cache is disabled
  Caching not enabled.
Caching disabled for ExternalDependencyInstrumentingArtifactTransform: /home/runner/.gradle/caches/modules-2/files-2.1/com.sun.activation/javax.activation/1.2.0/bf744c1e2776ed1de3c55c8dac1057ec331ef744/javax.activation-1.2.0.jar because:
  Build cache is disabled
  Caching not enabled.
Caching disabled for ExternalDependencyInstrumentingArtifactTransform: /home/runner/.gradle/caches/modules-2/files-2.1/com.android.tools.analytics-library/protos/31.7.2/71afde62826a0dd766603edb6ff96d291c138083/protos-31.7.2.jar because:
  Build cache is disabled
  Caching not enabled.
Caching disabled for MergeInstrumentationAnalysisTransform: /home/runner/.gradle/caches/8.9/transforms/645a1bb9e67c54821cfd3a6b98beb236/transformed/analysis/instrumentation-dependencies.bin because:
  Build cache is disabled
  Caching not enabled.
Caching disabled for MergeInstrumentationAnalysisTransform: /home/runner/.gradle/caches/8.9/transforms/26a88dc788fcc45ee8338e12808f5299/transformed/analysis/instrumentation-hierarchy.bin because:
  Build cache is disabled
  Caching not enabled.
Caching disabled for MergeInstrumentationAnalysisTransform: /home/runner/.gradle/caches/modules-2/files-2.1/org.jetbrains/annotations/23.0.0/8cc20c07506ec18e0834947b84a864bfc094484e/annotations-23.0.0.jar because:
  Build cache is disabled
  Caching not enabled.
Transforming annotations-23.0.0.jar (org.jetbrains:annotations:23.0.0) with ExternalDependencyInstrumentingArtifactTransform
Caching disabled for ExternalDependencyInstrumentingArtifactTransform: /home/runner/.gradle/caches/8.9/transforms/a4b62e7c81814d3bc9455c651bd8cfa5/transformed/merge/instrumentation-dependencies.bin because:
  Build cache is disabled
  Caching not enabled.
Caching disabled for MergeInstrumentationAnalysisTransform: /home/runner/.gradle/caches/8.9/transforms/26a88dc788fcc45ee8338e12808f5299/transformed/analysis/instrumentation-dependencies.bin because:
  Build cache is disabled
  Caching not enabled.
Caching disabled for ExternalDependencyInstrumentingArtifactTransform: /home/runner/.gradle/caches/modules-2/files-2.1/org.jetbrains/annotations/23.0.0/8cc20c07506ec18e0834947b84a864bfc094484e/annotations-23.0.0.jar because:
  Build cache is disabled
  Caching not enabled.
Caching disabled for MergeInstrumentationAnalysisTransform: /home/runner/.gradle/caches/modules-2/files-2.1/com.android/signflinger/8.7.2/13f035dd8e7e470ff8f3216a0b46333187f26df5/signflinger-8.7.2.jar because:
  Build cache is disabled
  Caching not enabled.
Caching disabled for ExternalDependencyInstrumentingArtifactTransform: /home/runner/.gradle/caches/modules-2/files-2.1/org.apache.httpcomponents/httpcore/4.4.16/51cf043c87253c9f58b539c9f7e44c8894223850/httpcore-4.4.16.jar because:
  Build cache is disabled
  Caching not enabled.
Caching disabled for MergeInstrumentationAnalysisTransform: /home/runner/.gradle/caches/8.9/transforms/0381f72b2b683b23843abfd53c95a292/transformed/analysis/instrumentation-hierarchy.bin because:
  Build cache is disabled
  Caching not enabled.
Transforming signflinger-8.7.2.jar (com.android:signflinger:8.7.2) with ExternalDependencyInstrumentingArtifactTransform
Caching disabled for ExternalDependencyInstrumentingArtifactTransform: /home/runner/.gradle/caches/8.9/transforms/b095423ca6f8e2c02c78879ae4a63c2b/transformed/merge/instrumentation-dependencies.bin because:
  Build cache is disabled
  Caching not enabled.
Caching disabled for MergeInstrumentationAnalysisTransform: /home/runner/.gradle/caches/8.9/transforms/0381f72b2b683b23843abfd53c95a292/transformed/analysis/instrumentation-dependencies.bin because:
  Build cache is disabled
  Caching not enabled.
Caching disabled for MergeInstrumentationAnalysisTransform: /home/runner/.gradle/caches/8.9/transforms/ccb2036ee5562553d9e3e3fed81f2693/transformed/analysis/instrumentation-dependencies.bin because:
  Build cache is disabled
  Caching not enabled.
Caching disabled for MergeInstrumentationAnalysisTransform: /home/runner/.gradle/caches/modules-2/files-2.1/com.android/zipflinger/8.7.2/de8e3267995699af356740cf562cbedb485f5763/zipflinger-8.7.2.jar because:
  Build cache is disabled
  Caching not enabled.
Caching disabled for MergeInstrumentationAnalysisTransform: /home/runner/.gradle/caches/modules-2/files-2.1/com.android.tools/annotations/31.7.2/1946e7f75bc1615b4abfc0f83899934dfcbdf1fc/annotations-31.7.2.jar because:
  Build cache is disabled
  Caching not enabled.
Transforming annotations-31.7.2.jar (com.android.tools:annotations:31.7.2) with ExternalDependencyInstrumentingArtifactTransform
Transforming zipflinger-8.7.2.jar (com.android:zipflinger:8.7.2) with ExternalDependencyInstrumentingArtifactTransform
Caching disabled for ExternalDependencyInstrumentingArtifactTransform: /home/runner/.gradle/caches/modules-2/files-2.1/com.android/signflinger/8.7.2/13f035dd8e7e470ff8f3216a0b46333187f26df5/signflinger-8.7.2.jar because:
  Build cache is disabled
  Caching not enabled.
Caching disabled for ExternalDependencyInstrumentingArtifactTransform: /home/runner/.gradle/caches/8.9/transforms/7b9b980c873eaa95de920622892eeebe/transformed/merge/instrumentation-dependencies.bin because:
  Build cache is disabled
  Caching not enabled.
Caching disabled for ExternalDependencyInstrumentingArtifactTransform: /home/runner/.gradle/caches/8.9/transforms/079875b9d2969addb40f5f99150777b9/transformed/merge/instrumentation-dependencies.bin because:
  Build cache is disabled
  Caching not enabled.
Caching disabled for MergeInstrumentationAnalysisTransform: /home/runner/.gradle/caches/8.9/transforms/b5d92bc435e179342123e81c8ec5691e/transformed/analysis/instrumentation-hierarchy.bin because:
  Build cache is disabled
  Caching not enabled.
Caching disabled for ExternalDependencyInstrumentingArtifactTransform: /home/runner/.gradle/caches/modules-2/files-2.1/com.android.tools/annotations/31.7.2/1946e7f75bc1615b4abfc0f83899934dfcbdf1fc/annotations-31.7.2.jar because:
  Build cache is disabled
  Caching not enabled.
Caching disabled for MergeInstrumentationAnalysisTransform: /home/runner/.gradle/caches/8.9/transforms/b5d92bc435e179342123e81c8ec5691e/transformed/analysis/instrumentation-dependencies.bin because:
  Build cache is disabled
  Caching not enabled.
Caching disabled for MergeInstrumentationAnalysisTransform: /home/runner/.gradle/caches/8.9/transforms/8f1136d6413d7772d37652c7c5b6b680/transformed/analysis/instrumentation-hierarchy.bin because:
  Build cache is disabled
  Caching not enabled.
Caching disabled for MergeInstrumentationAnalysisTransform: /home/runner/.gradle/caches/8.9/transforms/8f1136d6413d7772d37652c7c5b6b680/transformed/analysis/instrumentation-dependencies.bin because:
  Build cache is disabled
  Caching not enabled.
Caching disabled for ExternalDependencyInstrumentingArtifactTransform: /home/runner/.gradle/caches/modules-2/files-2.1/com.android/zipflinger/8.7.2/de8e3267995699af356740cf562cbedb485f5763/zipflinger-8.7.2.jar because:
  Build cache is disabled
  Caching not enabled.
Caching disabled for MergeInstrumentationAnalysisTransform: /home/runner/.gradle/caches/modules-2/files-2.1/com.googlecode.juniversalchardet/juniversalchardet/1.0.3/cd49678784c46aa8789c060538e0154013bb421b/juniversalchardet-1.0.3.jar because:
  Build cache is disabled
  Caching not enabled.
Caching disabled for MergeInstrumentationAnalysisTransform: /home/runner/.gradle/caches/8.9/transforms/3a59a2fe69204c0cff8ecb38b50db3af/transformed/analysis/instrumentation-dependencies.bin because:
  Build cache is disabled
  Caching not enabled.
Transforming juniversalchardet-1.0.3.jar (com.googlecode.juniversalchardet:juniversalchardet:1.0.3) with ExternalDependencyInstrumentingArtifactTransform
Caching disabled for ExternalDependencyInstrumentingArtifactTransform: /home/runner/.gradle/caches/8.9/transforms/ba280e43ed55d28115ca1cae63d3df8e/transformed/merge/instrumentation-dependencies.bin because:
  Build cache is disabled
  Caching not enabled.
Caching disabled for MergeInstrumentationAnalysisTransform: /home/runner/.gradle/caches/modules-2/files-2.1/net.java.dev.jna/jna-platform/5.6.0/d18424ffb8bbfd036d71bcaab9b546858f2ef986/jna-platform-5.6.0.jar because:
  Build cache is disabled
  Caching not enabled.
Caching disabled for MergeInstrumentationAnalysisTransform: /home/runner/.gradle/caches/modules-2/files-2.1/javax.annotation/javax.annotation-api/1.3.2/934c04d3cfef185a8008e7bf34331b79730a9d43/javax.annotation-api-1.3.2.jar because:
  Build cache is disabled
  Caching not enabled.
Transforming jna-platform-5.6.0.jar (net.java.dev.jna:jna-platform:5.6.0) with ExternalDependencyInstrumentingArtifactTransform
Caching disabled for ExternalDependencyInstrumentingArtifactTransform: /home/runner/.gradle/caches/8.9/transforms/27742458e26af09eeca4bf5bc357b73c/transformed/merge/instrumentation-dependencies.bin because:
  Build cache is disabled
  Caching not enabled.
Transforming javax.annotation-api-1.3.2.jar (javax.annotation:javax.annotation-api:1.3.2) with ExternalDependencyInstrumentingArtifactTransform
Caching disabled for ExternalDependencyInstrumentingArtifactTransform: /home/runner/.gradle/caches/8.9/transforms/8b85456aaf59124f8b787835d4f4d096/transformed/merge/instrumentation-dependencies.bin because:
  Build cache is disabled
  Caching not enabled.
Caching disabled for ExternalDependencyInstrumentingArtifactTransform: /home/runner/.gradle/caches/modules-2/files-2.1/javax.annotation/javax.annotation-api/1.3.2/934c04d3cfef185a8008e7bf34331b79730a9d43/javax.annotation-api-1.3.2.jar because:
  Build cache is disabled
  Caching not enabled.
Caching disabled for MergeInstrumentationAnalysisTransform: /home/runner/.gradle/caches/8.9/transforms/f02594b541550f32b73aa1cfb504459c/transformed/analysis/instrumentation-hierarchy.bin because:
  Build cache is disabled
  Caching not enabled.
Caching disabled for MergeInstrumentationAnalysisTransform: /home/runner/.gradle/caches/8.9/transforms/f02594b541550f32b73aa1cfb504459c/transformed/analysis/instrumentation-dependencies.bin because:
  Build cache is disabled
  Caching not enabled.
Caching disabled for MergeInstrumentationAnalysisTransform: /home/runner/.gradle/caches/modules-2/files-2.1/org.jvnet.staxex/stax-ex/1.8.1/78011e483a21102fb4858f3e8f269a677e50aa23/stax-ex-1.8.1.jar because:
  Build cache is disabled
  Caching not enabled.
Transforming stax-ex-1.8.1.jar (org.jvnet.staxex:stax-ex:1.8.1) with ExternalDependencyInstrumentingArtifactTransform
Caching disabled for ExternalDependencyInstrumentingArtifactTransform: /home/runner/.gradle/caches/modules-2/files-2.1/com.googlecode.juniversalchardet/juniversalchardet/1.0.3/cd49678784c46aa8789c060538e0154013bb421b/juniversalchardet-1.0.3.jar because:
  Build cache is disabled
  Caching not enabled.
Caching disabled for ExternalDependencyInstrumentingArtifactTransform: /home/runner/.gradle/caches/8.9/transforms/bdc93a4da26e53bfecbe1d0ef6d1879d/transformed/merge/instrumentation-dependencies.bin because:
  Build cache is disabled
  Caching not enabled.
Caching disabled for MergeInstrumentationAnalysisTransform: /home/runner/.gradle/caches/8.9/transforms/13f7d7fbb105d339071a3ea1c8adb431/transformed/analysis/instrumentation-hierarchy.bin because:
  Build cache is disabled
  Caching not enabled.
Caching disabled for MergeInstrumentationAnalysisTransform: /home/runner/.gradle/caches/8.9/transforms/13f7d7fbb105d339071a3ea1c8adb431/transformed/analysis/instrumentation-dependencies.bin because:
  Build cache is disabled
  Caching not enabled.
Caching disabled for MergeInstrumentationAnalysisTransform: /home/runner/.gradle/caches/modules-2/files-2.1/jakarta.xml.bind/jakarta.xml.bind-api/2.3.2/8d49996a4338670764d7ca4b85a1c4ccf7fe665d/jakarta.xml.bind-api-2.3.2.jar because:
  Build cache is disabled
  Caching not enabled.
Caching disabled for ExternalDependencyInstrumentingArtifactTransform: /home/runner/.gradle/caches/modules-2/files-2.1/org.jvnet.staxex/stax-ex/1.8.1/78011e483a21102fb4858f3e8f269a677e50aa23/stax-ex-1.8.1.jar because:
  Build cache is disabled
  Caching not enabled.
Caching disabled for MergeInstrumentationAnalysisTransform: /home/runner/.gradle/caches/8.9/transforms/bf647071714cb32142982f8192fa7bbc/transformed/analysis/instrumentation-hierarchy.bin because:
  Build cache is disabled
  Caching not enabled.
Transforming jakarta.xml.bind-api-2.3.2.jar (jakarta.xml.bind:jakarta.xml.bind-api:2.3.2) with ExternalDependencyInstrumentingArtifactTransform
Caching disabled for ExternalDependencyInstrumentingArtifactTransform: /home/runner/.gradle/caches/8.9/transforms/382214ee899cfc8ace94c399d6e09794/transformed/merge/instrumentation-dependencies.bin because:
  Build cache is disabled
  Caching not enabled.
Caching disabled for MergeInstrumentationAnalysisTransform: /home/runner/.gradle/caches/8.9/transforms/bf647071714cb32142982f8192fa7bbc/transformed/analysis/instrumentation-dependencies.bin because:
  Build cache is disabled
  Caching not enabled.
Caching disabled for MergeInstrumentationAnalysisTransform: /home/runner/.gradle/caches/modules-2/files-2.1/org.glassfish.jaxb/txw2/2.3.2/ce5be7da2e442c25ec14c766cb60cb802741727b/txw2-2.3.2.jar because:
  Build cache is disabled
  Caching not enabled.
Transforming txw2-2.3.2.jar (org.glassfish.jaxb:txw2:2.3.2) with ExternalDependencyInstrumentingArtifactTransform
Caching disabled for ExternalDependencyInstrumentingArtifactTransform: /home/runner/.gradle/caches/8.9/transforms/095164e6d8638921dc74016d86a8c317/transformed/merge/instrumentation-dependencies.bin because:
  Build cache is disabled
  Caching not enabled.
Caching disabled for ExternalDependencyInstrumentingArtifactTransform: /home/runner/.gradle/caches/modules-2/files-2.1/org.glassfish.jaxb/txw2/2.3.2/ce5be7da2e442c25ec14c766cb60cb802741727b/txw2-2.3.2.jar because:
  Build cache is disabled
  Caching not enabled.
Caching disabled for MergeInstrumentationAnalysisTransform: /home/runner/.gradle/caches/8.9/transforms/048d5e7f2400e6b56116b09f38bfda53/transformed/analysis/instrumentation-hierarchy.bin because:
  Build cache is disabled
  Caching not enabled.
Caching disabled for ExternalDependencyInstrumentingArtifactTransform: /home/runner/.gradle/caches/modules-2/files-2.1/jakarta.xml.bind/jakarta.xml.bind-api/2.3.2/8d49996a4338670764d7ca4b85a1c4ccf7fe665d/jakarta.xml.bind-api-2.3.2.jar because:
  Build cache is disabled
  Caching not enabled.
Caching disabled for MergeInstrumentationAnalysisTransform: /home/runner/.gradle/caches/8.9/transforms/048d5e7f2400e6b56116b09f38bfda53/transformed/analysis/instrumentation-dependencies.bin because:
  Build cache is disabled
  Caching not enabled.
Caching disabled for MergeInstrumentationAnalysisTransform: /home/runner/.gradle/caches/8.9/transforms/b58b8d7fbd4ca443143afb3001c281aa/transformed/analysis/instrumentation-hierarchy.bin because:
  Build cache is disabled
  Caching not enabled.
Caching disabled for MergeInstrumentationAnalysisTransform: /home/runner/.gradle/caches/modules-2/files-2.1/com.sun.istack/istack-commons-runtime/3.0.8/d6a97364045aa6b99bf2d3c566a3f98599c2d296/istack-commons-runtime-3.0.8.jar because:
  Build cache is disabled
  Caching not enabled.
Caching disabled for MergeInstrumentationAnalysisTransform: /home/runner/.gradle/caches/8.9/transforms/b58b8d7fbd4ca443143afb3001c281aa/transformed/analysis/instrumentation-dependencies.bin because:
  Build cache is disabled
  Caching not enabled.
Transforming istack-commons-runtime-3.0.8.jar (com.sun.istack:istack-commons-runtime:3.0.8) with ExternalDependencyInstrumentingArtifactTransform
Caching disabled for ExternalDependencyInstrumentingArtifactTransform: /home/runner/.gradle/caches/8.9/transforms/4d74819505cf17961f3f77e7194f3acc/transformed/merge/instrumentation-dependencies.bin because:
  Build cache is disabled
  Caching not enabled.
Caching disabled for MergeInstrumentationAnalysisTransform: /home/runner/.gradle/caches/modules-2/files-2.1/com.sun.xml.fastinfoset/FastInfoset/1.2.16/4eb6a0adad553bf759ffe86927df6f3b848c8bea/FastInfoset-1.2.16.jar because:
  Build cache is disabled
  Caching not enabled.
Transforming FastInfoset-1.2.16.jar (com.sun.xml.fastinfoset:FastInfoset:1.2.16) with ExternalDependencyInstrumentingArtifactTransform
Caching disabled for ExternalDependencyInstrumentingArtifactTransform: /home/runner/.gradle/caches/8.9/transforms/9a90203e6e57079467b36e548a808c61/transformed/merge/instrumentation-dependencies.bin because:
  Build cache is disabled
  Caching not enabled.
Caching disabled for ExternalDependencyInstrumentingArtifactTransform: /home/runner/.gradle/caches/modules-2/files-2.1/com.sun.istack/istack-commons-runtime/3.0.8/d6a97364045aa6b99bf2d3c566a3f98599c2d296/istack-commons-runtime-3.0.8.jar because:
  Build cache is disabled
  Caching not enabled.
Caching disabled for MergeInstrumentationAnalysisTransform: /home/runner/.gradle/caches/8.9/transforms/721d72d7e7870160e01035f12bcc540f/transformed/analysis/instrumentation-hierarchy.bin because:
  Build cache is disabled
  Caching not enabled.
Caching disabled for MergeInstrumentationAnalysisTransform: /home/runner/.gradle/caches/8.9/transforms/721d72d7e7870160e01035f12bcc540f/transformed/analysis/instrumentation-dependencies.bin because:
  Build cache is disabled
  Caching not enabled.
Caching disabled for MergeInstrumentationAnalysisTransform: /home/runner/.gradle/caches/modules-2/files-2.1/jakarta.activation/jakarta.activation-api/1.2.1/562a587face36ec7eff2db7f2fc95425c6602bc1/jakarta.activation-api-1.2.1.jar because:
  Build cache is disabled
  Caching not enabled.
Transforming jakarta.activation-api-1.2.1.jar (jakarta.activation:jakarta.activation-api:1.2.1) with ExternalDependencyInstrumentingArtifactTransform
Caching disabled for ExternalDependencyInstrumentingArtifactTransform: /home/runner/.gradle/caches/8.9/transforms/79b8276211cc6749e366600fb126f9e2/transformed/merge/instrumentation-dependencies.bin because:
  Build cache is disabled
  Caching not enabled.
Caching disabled for ExternalDependencyInstrumentingArtifactTransform: /home/runner/.gradle/caches/modules-2/files-2.1/jakarta.activation/jakarta.activation-api/1.2.1/562a587face36ec7eff2db7f2fc95425c6602bc1/jakarta.activation-api-1.2.1.jar because:
  Build cache is disabled
  Caching not enabled.
Caching disabled for MergeInstrumentationAnalysisTransform: /home/runner/.gradle/caches/8.9/transforms/b924270aee55a93dfbde6f49f03622ad/transformed/analysis/instrumentation-dependencies.bin because:
  Build cache is disabled
  Caching not enabled.
Caching disabled for MergeInstrumentationAnalysisTransform: /home/runner/.gradle/caches/modules-2/files-2.1/com.google.auto.value/auto-value-annotations/1.6.2/ed193d86e0af90cc2342aedbe73c5d86b03fa09b/auto-value-annotations-1.6.2.jar because:
  Build cache is disabled
  Caching not enabled.
Transforming auto-value-annotations-1.6.2.jar (com.google.auto.value:auto-value-annotations:1.6.2) with ExternalDependencyInstrumentingArtifactTransform
Caching disabled for ExternalDependencyInstrumentingArtifactTransform: /home/runner/.gradle/caches/8.9/transforms/59b50bfa649ea3b36301997b675648a0/transformed/merge/instrumentation-dependencies.bin because:
  Build cache is disabled
  Caching not enabled.
Caching disabled for ExternalDependencyInstrumentingArtifactTransform: /home/runner/.gradle/caches/modules-2/files-2.1/com.google.auto.value/auto-value-annotations/1.6.2/ed193d86e0af90cc2342aedbe73c5d86b03fa09b/auto-value-annotations-1.6.2.jar because:
  Build cache is disabled
  Caching not enabled.
Caching disabled for MergeInstrumentationAnalysisTransform: /home/runner/.gradle/caches/8.9/transforms/d57882f0dd2f3e743ff6b205b8637f59/transformed/analysis/instrumentation-dependencies.bin because:
  Build cache is disabled
  Caching not enabled.
Caching disabled for MergeInstrumentationAnalysisTransform: /home/runner/.gradle/caches/modules-2/files-2.1/com.google.errorprone/error_prone_annotations/2.18.0/89b684257096f548fa39a7df9fdaa409d4d4df91/error_prone_annotations-2.18.0.jar because:
  Build cache is disabled
  Caching not enabled.
Transforming error_prone_annotations-2.18.0.jar (com.google.errorprone:error_prone_annotations:2.18.0) with ExternalDependencyInstrumentingArtifactTransform
Caching disabled for ExternalDependencyInstrumentingArtifactTransform: /home/runner/.gradle/caches/8.9/transforms/0c708354b26e072e9cd2b327676d1f6d/transformed/merge/instrumentation-dependencies.bin because:
  Build cache is disabled
  Caching not enabled.
Caching disabled for ExternalDependencyInstrumentingArtifactTransform: /home/runner/.gradle/caches/modules-2/files-2.1/com.google.errorprone/error_prone_annotations/2.18.0/89b684257096f548fa39a7df9fdaa409d4d4df91/error_prone_annotations-2.18.0.jar because:
  Build cache is disabled
  Caching not enabled.
Caching disabled for MergeInstrumentationAnalysisTransform: /home/runner/.gradle/caches/8.9/transforms/ec08ff1995b93600090c4f547af3e923/transformed/analysis/instrumentation-hierarchy.bin because:
  Build cache is disabled
  Caching not enabled.
Caching disabled for MergeInstrumentationAnalysisTransform: /home/runner/.gradle/caches/8.9/transforms/ec08ff1995b93600090c4f547af3e923/transformed/analysis/instrumentation-dependencies.bin because:
  Build cache is disabled
  Caching not enabled.
Caching disabled for ExternalDependencyInstrumentingArtifactTransform: /home/runner/.gradle/caches/modules-2/files-2.1/com.sun.xml.fastinfoset/FastInfoset/1.2.16/4eb6a0adad553bf759ffe86927df6f3b848c8bea/FastInfoset-1.2.16.jar because:
  Build cache is disabled
  Caching not enabled.
Caching disabled for MergeInstrumentationAnalysisTransform: /home/runner/.gradle/caches/modules-2/files-2.1/org.bitbucket.b_c/jose4j/0.9.5/e4ca26802488e6f16e24558d74ac8775a955fdd3/jose4j-0.9.5.jar because:
  Build cache is disabled
  Caching not enabled.
Caching disabled for MergeInstrumentationAnalysisTransform: /home/runner/.gradle/caches/8.9/transforms/ae3da73e90491a1ac1c0bab30459b025/transformed/analysis/instrumentation-hierarchy.bin because:
  Build cache is disabled
  Caching not enabled.
Transforming jose4j-0.9.5.jar (org.bitbucket.b_c:jose4j:0.9.5) with ExternalDependencyInstrumentingArtifactTransform
Caching disabled for ExternalDependencyInstrumentingArtifactTransform: /home/runner/.gradle/caches/8.9/transforms/0620af0587fc997cbb3d342ea9cd7849/transformed/merge/instrumentation-dependencies.bin because:
  Build cache is disabled
  Caching not enabled.
Caching disabled for MergeInstrumentationAnalysisTransform: /home/runner/.gradle/caches/8.9/transforms/ae3da73e90491a1ac1c0bab30459b025/transformed/analysis/instrumentation-dependencies.bin because:
  Build cache is disabled
  Caching not enabled.
Caching disabled for MergeInstrumentationAnalysisTransform: /home/runner/.gradle/caches/modules-2/files-2.1/org.slf4j/slf4j-api/1.7.30/b5a4b6d16ab13e34a88fae84c35cd5d68cac922c/slf4j-api-1.7.30.jar because:
  Build cache is disabled
  Caching not enabled.
Caching disabled for ExternalDependencyInstrumentingArtifactTransform: /home/runner/.gradle/caches/modules-2/files-2.1/net.java.dev.jna/jna-platform/5.6.0/d18424ffb8bbfd036d71bcaab9b546858f2ef986/jna-platform-5.6.0.jar because:
  Build cache is disabled
  Caching not enabled.
Transforming slf4j-api-1.7.30.jar (org.slf4j:slf4j-api:1.7.30) with ExternalDependencyInstrumentingArtifactTransform
Caching disabled for ExternalDependencyInstrumentingArtifactTransform: /home/runner/.gradle/caches/8.9/transforms/e4a0d6692b227762d53677f79cece952/transformed/merge/instrumentation-dependencies.bin because:
  Build cache is disabled
  Caching not enabled.
Caching disabled for MergeInstrumentationAnalysisTransform: /home/runner/.gradle/caches/8.9/transforms/0458582e8ea3416b8981f11f271a29ae/transformed/analysis/instrumentation-hierarchy.bin because:
  Build cache is disabled
  Caching not enabled.
Caching disabled for MergeInstrumentationAnalysisTransform: /home/runner/.gradle/caches/8.9/transforms/0458582e8ea3416b8981f11f271a29ae/transformed/analysis/instrumentation-dependencies.bin because:
  Build cache is disabled
  Caching not enabled.
Caching disabled for MergeInstrumentationAnalysisTransform: /home/runner/.gradle/caches/modules-2/files-2.1/org.jdom/jdom2/2.0.6/6f14738ec2e9dd0011e343717fa624a10f8aab64/jdom2-2.0.6.jar because:
  Build cache is disabled
  Caching not enabled.
Caching disabled for ExternalDependencyInstrumentingArtifactTransform: /home/runner/.gradle/caches/modules-2/files-2.1/org.slf4j/slf4j-api/1.7.30/b5a4b6d16ab13e34a88fae84c35cd5d68cac922c/slf4j-api-1.7.30.jar because:
  Build cache is disabled
  Caching not enabled.
Caching disabled for ExternalDependencyInstrumentingArtifactTransform: /home/runner/.gradle/caches/modules-2/files-2.1/org.bouncycastle/bcprov-jdk18on/1.77/2cc971b6c20949c1ff98d1a4bc741ee848a09523/bcprov-jdk18on-1.77.jar because:
  Build cache is disabled
  Caching not enabled.
Transforming jdom2-2.0.6.jar (org.jdom:jdom2:2.0.6) with ExternalDependencyInstrumentingArtifactTransform
Caching disabled for MergeInstrumentationAnalysisTransform: /home/runner/.gradle/caches/8.9/transforms/6433edcd6fbe497bff7a1e943eddc33f/transformed/analysis/instrumentation-hierarchy.bin because:
  Build cache is disabled
  Caching not enabled.
Caching disabled for MergeInstrumentationAnalysisTransform: /home/runner/.gradle/caches/8.9/transforms/c65577fc6e04e094a7e9cddfaabc9062/transformed/analysis/instrumentation-dependencies.bin because:
  Build cache is disabled
  Caching not enabled.
Caching disabled for ExternalDependencyInstrumentingArtifactTransform: /home/runner/.gradle/caches/8.9/transforms/6a6efe6926fb46ba806bfd6fead557d9/transformed/merge/instrumentation-dependencies.bin because:
  Build cache is disabled
  Caching not enabled.
Caching disabled for MergeInstrumentationAnalysisTransform: /home/runner/.gradle/caches/modules-2/files-2.1/com.google.j2objc/j2objc-annotations/2.8/c85270e307e7b822f1086b93689124b89768e273/j2objc-annotations-2.8.jar because:
  Build cache is disabled
  Caching not enabled.
Transforming j2objc-annotations-2.8.jar (com.google.j2objc:j2objc-annotations:2.8) with ExternalDependencyInstrumentingArtifactTransform
Caching disabled for ExternalDependencyInstrumentingArtifactTransform: /home/runner/.gradle/caches/8.9/transforms/d924070124ec1fab399ea23d20f7279a/transformed/merge/instrumentation-dependencies.bin because:
  Build cache is disabled
  Caching not enabled.
Caching disabled for MergeInstrumentationAnalysisTransform: /home/runner/.gradle/caches/8.9/transforms/6433edcd6fbe497bff7a1e943eddc33f/transformed/analysis/instrumentation-dependencies.bin because:
  Build cache is disabled
  Caching not enabled.
Caching disabled for ExternalDependencyInstrumentingArtifactTransform: /home/runner/.gradle/caches/modules-2/files-2.1/com.google.j2objc/j2objc-annotations/2.8/c85270e307e7b822f1086b93689124b89768e273/j2objc-annotations-2.8.jar because:
  Build cache is disabled
  Caching not enabled.
Caching disabled for MergeInstrumentationAnalysisTransform: /home/runner/.gradle/caches/8.9/transforms/bf41f01db07e2237699ff4423e2194e6/transformed/analysis/instrumentation-dependencies.bin because:
  Build cache is disabled
  Caching not enabled.
Caching disabled for MergeInstrumentationAnalysisTransform: /home/runner/.gradle/caches/modules-2/files-2.1/com.google.code.findbugs/jsr305/3.0.2/25ea2e8b0c338a877313bd4672d3fe056ea78f0d/jsr305-3.0.2.jar because:
  Build cache is disabled
  Caching not enabled.
Caching disabled for MergeInstrumentationAnalysisTransform: /home/runner/.gradle/caches/modules-2/files-2.1/com.google.android/annotations/4.1.1.4/a1678ba907bf92691d879fef34e1a187038f9259/annotations-4.1.1.4.jar because:
  Build cache is disabled
  Caching not enabled.
Transforming jsr305-3.0.2.jar (com.google.code.findbugs:jsr305:3.0.2) with ExternalDependencyInstrumentingArtifactTransform
Caching disabled for ExternalDependencyInstrumentingArtifactTransform: /home/runner/.gradle/caches/8.9/transforms/cec225c77dc0f67654b3be7e4c76bcff/transformed/merge/instrumentation-dependencies.bin because:
  Build cache is disabled
  Caching not enabled.
Transforming annotations-4.1.1.4.jar (com.google.android:annotations:4.1.1.4) with ExternalDependencyInstrumentingArtifactTransform
Caching disabled for ExternalDependencyInstrumentingArtifactTransform: /home/runner/.gradle/caches/8.9/transforms/437cca8bf3ca5956fffd1f196febd493/transformed/merge/instrumentation-dependencies.bin because:
  Build cache is disabled
  Caching not enabled.
Caching disabled for ExternalDependencyInstrumentingArtifactTransform: /home/runner/.gradle/caches/modules-2/files-2.1/com.google.android/annotations/4.1.1.4/a1678ba907bf92691d879fef34e1a187038f9259/annotations-4.1.1.4.jar because:
  Build cache is disabled
  Caching not enabled.
Caching disabled for ExternalDependencyInstrumentingArtifactTransform: /home/runner/.gradle/caches/modules-2/files-2.1/com.google.code.findbugs/jsr305/3.0.2/25ea2e8b0c338a877313bd4672d3fe056ea78f0d/jsr305-3.0.2.jar because:
  Build cache is disabled
  Caching not enabled.
Caching disabled for MergeInstrumentationAnalysisTransform: /home/runner/.gradle/caches/8.9/transforms/2b4910480f6f4939d36ac67af712af9c/transformed/analysis/instrumentation-dependencies.bin because:
  Build cache is disabled
  Caching not enabled.
Caching disabled for ExternalDependencyInstrumentingArtifactTransform: /home/runner/.gradle/caches/modules-2/files-2.1/org.bitbucket.b_c/jose4j/0.9.5/e4ca26802488e6f16e24558d74ac8775a955fdd3/jose4j-0.9.5.jar because:
  Build cache is disabled
  Caching not enabled.
Caching disabled for MergeInstrumentationAnalysisTransform: /home/runner/.gradle/caches/8.9/transforms/08652da9c5fc6033938779d4e4db5f11/transformed/analysis/instrumentation-hierarchy.bin because:
  Build cache is disabled
  Caching not enabled.
Caching disabled for MergeInstrumentationAnalysisTransform: /home/runner/.gradle/caches/modules-2/files-2.1/org.codehaus.mojo/animal-sniffer-annotations/1.23/3c0daebd5f0e1ce72cc50c818321ac957aeb5d70/animal-sniffer-annotations-1.23.jar because:
  Build cache is disabled
  Caching not enabled.
Caching disabled for MergeInstrumentationAnalysisTransform: /home/runner/.gradle/caches/8.9/transforms/08652da9c5fc6033938779d4e4db5f11/transformed/analysis/instrumentation-dependencies.bin because:
  Build cache is disabled
  Caching not enabled.
Transforming animal-sniffer-annotations-1.23.jar (org.codehaus.mojo:animal-sniffer-annotations:1.23) with ExternalDependencyInstrumentingArtifactTransform
Caching disabled for ExternalDependencyInstrumentingArtifactTransform: /home/runner/.gradle/caches/8.9/transforms/3deb431c6e2525c6cd6bac66597c8b92/transformed/merge/instrumentation-dependencies.bin because:
  Build cache is disabled
  Caching not enabled.
Caching disabled for MergeInstrumentationAnalysisTransform: /home/runner/.gradle/caches/8.9/transforms/8af4df9feab5d585aceb3083a57c63e5/transformed/analysis/instrumentation-hierarchy.bin because:
  Build cache is disabled
  Caching not enabled.
Caching disabled for MergeInstrumentationAnalysisTransform: /home/runner/.gradle/caches/8.9/transforms/8af4df9feab5d585aceb3083a57c63e5/transformed/analysis/instrumentation-dependencies.bin because:
  Build cache is disabled
  Caching not enabled.
Caching disabled for MergeInstrumentationAnalysisTransform: /home/runner/.gradle/caches/modules-2/files-2.1/io.perfmark/perfmark-api/0.26.0/ef65452adaf20bf7d12ef55913aba24037b82738/perfmark-api-0.26.0.jar because:
  Build cache is disabled
  Caching not enabled.
Transforming perfmark-api-0.26.0.jar (io.perfmark:perfmark-api:0.26.0) with ExternalDependencyInstrumentingArtifactTransform
Caching disabled for ExternalDependencyInstrumentingArtifactTransform: /home/runner/.gradle/caches/modules-2/files-2.1/org.codehaus.mojo/animal-sniffer-annotations/1.23/3c0daebd5f0e1ce72cc50c818321ac957aeb5d70/animal-sniffer-annotations-1.23.jar because:
  Build cache is disabled
  Caching not enabled.
Caching disabled for ExternalDependencyInstrumentingArtifactTransform: /home/runner/.gradle/caches/8.9/transforms/d14977ea2d4525b5b478639456bde8bb/transformed/merge/instrumentation-dependencies.bin because:
  Build cache is disabled
  Caching not enabled.
Caching disabled for MergeInstrumentationAnalysisTransform: /home/runner/.gradle/caches/8.9/transforms/84b3785d3ace9128a149b3327d08e2a2/transformed/analysis/instrumentation-hierarchy.bin because:
  Build cache is disabled
  Caching not enabled.
Caching disabled for MergeInstrumentationAnalysisTransform: /home/runner/.gradle/caches/modules-2/files-2.1/io.netty/netty-codec-http2/4.1.93.Final/f1625b43bde13ec057da0d2fe381ded2547a70e/netty-codec-http2-4.1.93.Final.jar because:
  Build cache is disabled
  Caching not enabled.
Caching disabled for ExternalDependencyInstrumentingArtifactTransform: /home/runner/.gradle/caches/modules-2/files-2.1/io.perfmark/perfmark-api/0.26.0/ef65452adaf20bf7d12ef55913aba24037b82738/perfmark-api-0.26.0.jar because:
  Build cache is disabled
  Caching not enabled.
Caching disabled for ExternalDependencyInstrumentingArtifactTransform: /home/runner/.gradle/caches/modules-2/files-2.1/org.jdom/jdom2/2.0.6/6f14738ec2e9dd0011e343717fa624a10f8aab64/jdom2-2.0.6.jar because:
  Build cache is disabled
  Caching not enabled.
Transforming netty-codec-http2-4.1.93.Final.jar (io.netty:netty-codec-http2:4.1.93.Final) with ExternalDependencyInstrumentingArtifactTransform
Caching disabled for MergeInstrumentationAnalysisTransform: /home/runner/.gradle/caches/8.9/transforms/84b3785d3ace9128a149b3327d08e2a2/transformed/analysis/instrumentation-dependencies.bin because:
  Build cache is disabled
  Caching not enabled.
Caching disabled for ExternalDependencyInstrumentingArtifactTransform: /home/runner/.gradle/caches/8.9/transforms/8e51271d77d88ec953100990bd834653/transformed/merge/instrumentation-dependencies.bin because:
  Build cache is disabled
  Caching not enabled.
Caching disabled for MergeInstrumentationAnalysisTransform: /home/runner/.gradle/caches/8.9/transforms/054c58bab0538f933da059baf3078d06/transformed/analysis/instrumentation-hierarchy.bin because:
  Build cache is disabled
  Caching not enabled.
Caching disabled for MergeInstrumentationAnalysisTransform: /home/runner/.gradle/caches/8.9/transforms/054c58bab0538f933da059baf3078d06/transformed/analysis/instrumentation-dependencies.bin because:
  Build cache is disabled
  Caching not enabled.
Caching disabled for MergeInstrumentationAnalysisTransform: /home/runner/.gradle/caches/8.9/transforms/8236f9146983391a7a242938ae6f1444/transformed/analysis/instrumentation-hierarchy.bin because:
  Build cache is disabled
  Caching not enabled.
Caching disabled for MergeInstrumentationAnalysisTransform: /home/runner/.gradle/caches/modules-2/files-2.1/io.netty/netty-handler-proxy/4.1.93.Final/c165c1efe1b9c0cc22546a057b530611a088768b/netty-handler-proxy-4.1.93.Final.jar because:
  Build cache is disabled
  Caching not enabled.
Caching disabled for MergeInstrumentationAnalysisTransform: /home/runner/.gradle/caches/modules-2/files-2.1/io.netty/netty-codec-http/4.1.93.Final/36acf0c94d03eb6ecef78a749a32cbb7dc0c57b4/netty-codec-http-4.1.93.Final.jar because:
  Build cache is disabled
  Caching not enabled.
Caching disabled for MergeInstrumentationAnalysisTransform: /home/runner/.gradle/caches/8.9/transforms/8236f9146983391a7a242938ae6f1444/transformed/analysis/instrumentation-dependencies.bin because:
  Build cache is disabled
  Caching not enabled.
Transforming netty-handler-proxy-4.1.93.Final.jar (io.netty:netty-handler-proxy:4.1.93.Final) with ExternalDependencyInstrumentingArtifactTransform
Caching disabled for ExternalDependencyInstrumentingArtifactTransform: /home/runner/.gradle/caches/8.9/transforms/8df9da78b879ab10ebfdaa8b03390039/transformed/merge/instrumentation-dependencies.bin because:
  Build cache is disabled
  Caching not enabled.
Transforming netty-codec-http-4.1.93.Final.jar (io.netty:netty-codec-http:4.1.93.Final) with ExternalDependencyInstrumentingArtifactTransform
Caching disabled for ExternalDependencyInstrumentingArtifactTransform: /home/runner/.gradle/caches/8.9/transforms/ccf069c53361ada2f2fd042e47c409c3/transformed/merge/instrumentation-dependencies.bin because:
  Build cache is disabled
  Caching not enabled.
Caching disabled for ExternalDependencyInstrumentingArtifactTransform: /home/runner/.gradle/caches/modules-2/files-2.1/io.netty/netty-handler-proxy/4.1.93.Final/c165c1efe1b9c0cc22546a057b530611a088768b/netty-handler-proxy-4.1.93.Final.jar because:
  Build cache is disabled
  Caching not enabled.
Caching disabled for MergeInstrumentationAnalysisTransform: /home/runner/.gradle/caches/modules-2/files-2.1/io.netty/netty-handler/4.1.93.Final/10f7ed9d8e1bfcba416074c70e5388be96116bfc/netty-handler-4.1.93.Final.jar because:
  Build cache is disabled
  Caching not enabled.
Transforming netty-handler-4.1.93.Final.jar (io.netty:netty-handler:4.1.93.Final) with ExternalDependencyInstrumentingArtifactTransform
Caching disabled for ExternalDependencyInstrumentingArtifactTransform: /home/runner/.gradle/caches/8.9/transforms/368f49d047f57c29e00aff096d97c52d/transformed/merge/instrumentation-dependencies.bin because:
  Build cache is disabled
  Caching not enabled.
Caching disabled for MergeInstrumentationAnalysisTransform: /home/runner/.gradle/caches/8.9/transforms/942477cb07eb61e0a0dfb6199bbb3557/transformed/analysis/instrumentation-hierarchy.bin because:
  Build cache is disabled
  Caching not enabled.
Caching disabled for MergeInstrumentationAnalysisTransform: /home/runner/.gradle/caches/8.9/transforms/942477cb07eb61e0a0dfb6199bbb3557/transformed/analysis/instrumentation-dependencies.bin because:
  Build cache is disabled
  Caching not enabled.
Caching disabled for MergeInstrumentationAnalysisTransform: /home/runner/.gradle/caches/modules-2/files-2.1/io.netty/netty-transport-native-unix-common/4.1.93.Final/f4fb8b4c8da539091f43abcbb9f0389e48807eea/netty-transport-native-unix-common-4.1.93.Final.jar because:
  Build cache is disabled
  Caching not enabled.
Transforming netty-transport-native-unix-common-4.1.93.Final.jar (io.netty:netty-transport-native-unix-common:4.1.93.Final) with ExternalDependencyInstrumentingArtifactTransform
Caching disabled for ExternalDependencyInstrumentingArtifactTransform: /home/runner/.gradle/caches/8.9/transforms/a0b895664085a37533203c589ab83f3f/transformed/merge/instrumentation-dependencies.bin because:
  Build cache is disabled
  Caching not enabled.
Caching disabled for ExternalDependencyInstrumentingArtifactTransform: /home/runner/.gradle/caches/modules-2/files-2.1/io.netty/netty-codec-http2/4.1.93.Final/f1625b43bde13ec057da0d2fe381ded2547a70e/netty-codec-http2-4.1.93.Final.jar because:
  Build cache is disabled
  Caching not enabled.
Caching disabled for MergeInstrumentationAnalysisTransform: /home/runner/.gradle/caches/8.9/transforms/9d1de03bc6dca374838b63c4f33c9cef/transformed/analysis/instrumentation-dependencies.bin because:
  Build cache is disabled
  Caching not enabled.
Caching disabled for MergeInstrumentationAnalysisTransform: /home/runner/.gradle/caches/modules-2/files-2.1/org.checkerframework/checker-qual/3.33.0/de2b60b62da487644fc11f734e73c8b0b431238f/checker-qual-3.33.0.jar because:
  Build cache is disabled
  Caching not enabled.
Caching disabled for ExternalDependencyInstrumentingArtifactTransform: /home/runner/.gradle/caches/modules-2/files-2.1/io.netty/netty-transport-native-unix-common/4.1.93.Final/f4fb8b4c8da539091f43abcbb9f0389e48807eea/netty-transport-native-unix-common-4.1.93.Final.jar because:
  Build cache is disabled
  Caching not enabled.
Transforming checker-qual-3.33.0.jar (org.checkerframework:checker-qual:3.33.0) with ExternalDependencyInstrumentingArtifactTransform
Caching disabled for ExternalDependencyInstrumentingArtifactTransform: /home/runner/.gradle/caches/8.9/transforms/64afabbea2c3095be45b1557e30b69cd/transformed/merge/instrumentation-dependencies.bin because:
  Build cache is disabled
  Caching not enabled.
Caching disabled for MergeInstrumentationAnalysisTransform: /home/runner/.gradle/caches/8.9/transforms/037665d51127e62640bfce75da89db7e/transformed/analysis/instrumentation-hierarchy.bin because:
  Build cache is disabled
  Caching not enabled.
Caching disabled for MergeInstrumentationAnalysisTransform: /home/runner/.gradle/caches/8.9/transforms/037665d51127e62640bfce75da89db7e/transformed/analysis/instrumentation-dependencies.bin because:
  Build cache is disabled
  Caching not enabled.
Caching disabled for MergeInstrumentationAnalysisTransform: /home/runner/.gradle/caches/modules-2/files-2.1/commons-codec/commons-codec/1.11/3acb4705652e16236558f0f4f2192cc33c3bd189/commons-codec-1.11.jar because:
  Build cache is disabled
  Caching not enabled.
Transforming commons-codec-1.11.jar (commons-codec:commons-codec:1.11) with ExternalDependencyInstrumentingArtifactTransform
Caching disabled for ExternalDependencyInstrumentingArtifactTransform: /home/runner/.gradle/caches/8.9/transforms/997d514865817ad412208206760723dc/transformed/merge/instrumentation-dependencies.bin because:
  Build cache is disabled
  Caching not enabled.
Caching disabled for ExternalDependencyInstrumentingArtifactTransform: /home/runner/.gradle/caches/modules-2/files-2.1/org.checkerframework/checker-qual/3.33.0/de2b60b62da487644fc11f734e73c8b0b431238f/checker-qual-3.33.0.jar because:
  Build cache is disabled
  Caching not enabled.
Caching disabled for MergeInstrumentationAnalysisTransform: /home/runner/.gradle/caches/8.9/transforms/f4804c332e2525ac7cdddbfd657e25ca/transformed/analysis/instrumentation-hierarchy.bin because:
  Build cache is disabled
  Caching not enabled.
Caching disabled for MergeInstrumentationAnalysisTransform: /home/runner/.gradle/caches/8.9/transforms/f4804c332e2525ac7cdddbfd657e25ca/transformed/analysis/instrumentation-dependencies.bin because:
  Build cache is disabled
  Caching not enabled.
Caching disabled for MergeInstrumentationAnalysisTransform: /home/runner/.gradle/caches/modules-2/files-2.1/com.android.tools.build/apksig/8.7.2/f005788487574c7d6ba23dea63bf8cb3a4f164a6/apksig-8.7.2.jar because:
  Build cache is disabled
  Caching not enabled.
Transforming apksig-8.7.2.jar (com.android.tools.build:apksig:8.7.2) with ExternalDependencyInstrumentingArtifactTransform
Caching disabled for ExternalDependencyInstrumentingArtifactTransform: /home/runner/.gradle/caches/8.9/transforms/d8e365b1998656b29e0ce73c264dae1c/transformed/merge/instrumentation-dependencies.bin because:
  Build cache is disabled
  Caching not enabled.
Caching disabled for ExternalDependencyInstrumentingArtifactTransform: /home/runner/.gradle/caches/modules-2/files-2.1/commons-codec/commons-codec/1.11/3acb4705652e16236558f0f4f2192cc33c3bd189/commons-codec-1.11.jar because:
  Build cache is disabled
  Caching not enabled.
Caching disabled for MergeInstrumentationAnalysisTransform: /home/runner/.gradle/caches/8.9/transforms/bf37be03e5d8fcdd04310d21fabb2080/transformed/analysis/instrumentation-hierarchy.bin because:
  Build cache is disabled
  Caching not enabled.
Caching disabled for MergeInstrumentationAnalysisTransform: /home/runner/.gradle/caches/8.9/transforms/bf37be03e5d8fcdd04310d21fabb2080/transformed/analysis/instrumentation-dependencies.bin because:
  Build cache is disabled
  Caching not enabled.
Caching disabled for ExternalDependencyInstrumentingArtifactTransform: /home/runner/.gradle/caches/modules-2/files-2.1/io.netty/netty-handler/4.1.93.Final/10f7ed9d8e1bfcba416074c70e5388be96116bfc/netty-handler-4.1.93.Final.jar because:
  Build cache is disabled
  Caching not enabled.
Caching disabled for MergeInstrumentationAnalysisTransform: /home/runner/.gradle/caches/8.9/transforms/85dc3583c466bf12d4ee93865246a757/transformed/analysis/instrumentation-dependencies.bin because:
  Build cache is disabled
  Caching not enabled.
Caching disabled for ExternalDependencyInstrumentingArtifactTransform: /home/runner/.gradle/caches/modules-2/files-2.1/com.android.tools.build/apksig/8.7.2/f005788487574c7d6ba23dea63bf8cb3a4f164a6/apksig-8.7.2.jar because:
  Build cache is disabled
  Caching not enabled.
Caching disabled for MergeInstrumentationAnalysisTransform: /home/runner/.gradle/caches/modules-2/files-2.1/com.squareup/javawriter/2.5.0/81241ff7078ef14f42ea2a8995fa09c096256e6b/javawriter-2.5.0.jar because:
  Build cache is disabled
  Caching not enabled.
Caching disabled for MergeInstrumentationAnalysisTransform: /home/runner/.gradle/caches/modules-2/files-2.1/com.google.guava/failureaccess/1.0.1/1dcf1de382a0bf95a3d8b0849546c88bac1292c9/failureaccess-1.0.1.jar because:
  Build cache is disabled
  Caching not enabled.
Caching disabled for MergeInstrumentationAnalysisTransform: /home/runner/.gradle/caches/8.9/transforms/f784c2c7b3cd803c9af13b4cde40d779/transformed/analysis/instrumentation-dependencies.bin because:
  Build cache is disabled
  Caching not enabled.
Transforming javawriter-2.5.0.jar (com.squareup:javawriter:2.5.0) with ExternalDependencyInstrumentingArtifactTransform
Transforming failureaccess-1.0.1.jar (com.google.guava:failureaccess:1.0.1) with ExternalDependencyInstrumentingArtifactTransform
Caching disabled for ExternalDependencyInstrumentingArtifactTransform: /home/runner/.gradle/caches/8.9/transforms/4ea10ba5b524e9c72064a7c69e75b3d0/transformed/merge/instrumentation-dependencies.bin because:
  Build cache is disabled
  Caching not enabled.
Caching disabled for ExternalDependencyInstrumentingArtifactTransform: /home/runner/.gradle/caches/8.9/transforms/029394a9e2ec68bda3acc777ff60e11c/transformed/merge/instrumentation-dependencies.bin because:
  Build cache is disabled
  Caching not enabled.
Caching disabled for MergeInstrumentationAnalysisTransform: /home/runner/.gradle/caches/modules-2/files-2.1/com.google.guava/listenablefuture/9999.0-empty-to-avoid-conflict-with-guava/b421526c5f297295adef1c886e5246c39d4ac629/listenablefuture-9999.0-empty-to-avoid-conflict-with-guava.jar because:
  Build cache is disabled
  Caching not enabled.
Transforming listenablefuture-9999.0-empty-to-avoid-conflict-with-guava.jar (com.google.guava:listenablefuture:9999.0-empty-to-avoid-conflict-with-guava) with ExternalDependencyInstrumentingArtifactTransform
Caching disabled for ExternalDependencyInstrumentingArtifactTransform: /home/runner/.gradle/caches/8.9/transforms/91ad420870868622fd506e6fcf1ced54/transformed/merge/instrumentation-dependencies.bin because:
  Build cache is disabled
  Caching not enabled.
Caching disabled for ExternalDependencyInstrumentingArtifactTransform: /home/runner/.gradle/caches/modules-2/files-2.1/com.google.guava/failureaccess/1.0.1/1dcf1de382a0bf95a3d8b0849546c88bac1292c9/failureaccess-1.0.1.jar because:
  Build cache is disabled
  Caching not enabled.
Caching disabled for ExternalDependencyInstrumentingArtifactTransform: /home/runner/.gradle/caches/modules-2/files-2.1/io.netty/netty-codec-http/4.1.93.Final/36acf0c94d03eb6ecef78a749a32cbb7dc0c57b4/netty-codec-http-4.1.93.Final.jar because:
  Build cache is disabled
  Caching not enabled.
Caching disabled for ExternalDependencyInstrumentingArtifactTransform: /home/runner/.gradle/caches/modules-2/files-2.1/com.squareup/javawriter/2.5.0/81241ff7078ef14f42ea2a8995fa09c096256e6b/javawriter-2.5.0.jar because:
  Build cache is disabled
  Caching not enabled.
Caching disabled for ExternalDependencyInstrumentingArtifactTransform: /home/runner/.gradle/caches/modules-2/files-2.1/com.google.guava/listenablefuture/9999.0-empty-to-avoid-conflict-with-guava/b421526c5f297295adef1c886e5246c39d4ac629/listenablefuture-9999.0-empty-to-avoid-conflict-with-guava.jar because:
  Build cache is disabled
  Caching not enabled.
Caching disabled for MergeInstrumentationAnalysisTransform: /home/runner/.gradle/caches/8.9/transforms/fbcd0c19f0d14e5919f17e84224dc983/transformed/analysis/instrumentation-hierarchy.bin because:
  Build cache is disabled
  Caching not enabled.
Caching disabled for MergeInstrumentationAnalysisTransform: /home/runner/.gradle/caches/8.9/transforms/0626408f18e50194cf0e8ae4646f0fc5/transformed/analysis/instrumentation-hierarchy.bin because:
  Build cache is disabled
  Caching not enabled.
Caching disabled for MergeInstrumentationAnalysisTransform: /home/runner/.gradle/caches/8.9/transforms/c24ee4fcbc9283d739d6a2de544c54b4/transformed/analysis/instrumentation-hierarchy.bin because:
  Build cache is disabled
  Caching not enabled.
Caching disabled for MergeInstrumentationAnalysisTransform: /home/runner/.gradle/caches/8.9/transforms/fbcd0c19f0d14e5919f17e84224dc983/transformed/analysis/instrumentation-dependencies.bin because:
  Build cache is disabled
  Caching not enabled.
Caching disabled for MergeInstrumentationAnalysisTransform: /home/runner/.gradle/caches/8.9/transforms/0626408f18e50194cf0e8ae4646f0fc5/transformed/analysis/instrumentation-dependencies.bin because:
  Build cache is disabled
  Caching not enabled.
Caching disabled for MergeInstrumentationAnalysisTransform: /home/runner/.gradle/caches/8.9/transforms/c24ee4fcbc9283d739d6a2de544c54b4/transformed/analysis/instrumentation-dependencies.bin because:
  Build cache is disabled
  Caching not enabled.
Caching disabled for MergeInstrumentationAnalysisTransform: /home/runner/.gradle/caches/modules-2/files-2.1/net.java.dev.jna/jna/5.6.0/330f2244e9030119ab3030fc3fededc86713d9cc/jna-5.6.0.jar because:
  Build cache is disabled
  Caching not enabled.
Caching disabled for MergeInstrumentationAnalysisTransform: /home/runner/.gradle/caches/8.9/transforms/7c844efdd3dd5b9ffc791a9ffee5c7ef/transformed/analysis/instrumentation-hierarchy.bin because:
  Build cache is disabled
  Caching not enabled.
Caching disabled for MergeInstrumentationAnalysisTransform: /home/runner/.gradle/caches/modules-2/files-2.1/commons-logging/commons-logging/1.2/4bfc12adfe4842bf07b657f0369c4cb522955686/commons-logging-1.2.jar because:
  Build cache is disabled
  Caching not enabled.
Transforming jna-5.6.0.jar (net.java.dev.jna:jna:5.6.0) with ExternalDependencyInstrumentingArtifactTransform
Caching disabled for ExternalDependencyInstrumentingArtifactTransform: /home/runner/.gradle/caches/8.9/transforms/42b53120cd5d59f0b936b7b1ae3d3414/transformed/merge/instrumentation-dependencies.bin because:
  Build cache is disabled
  Caching not enabled.
Caching disabled for MergeInstrumentationAnalysisTransform: /home/runner/.gradle/caches/modules-2/files-2.1/io.netty/netty-codec-socks/4.1.93.Final/81ca78969afc60073e47c3b7b361cc3839392c73/netty-codec-socks-4.1.93.Final.jar because:
  Build cache is disabled
  Caching not enabled.
Caching disabled for MergeInstrumentationAnalysisTransform: /home/runner/.gradle/caches/8.9/transforms/7c844efdd3dd5b9ffc791a9ffee5c7ef/transformed/analysis/instrumentation-dependencies.bin because:
  Build cache is disabled
  Caching not enabled.
Transforming commons-logging-1.2.jar (commons-logging:commons-logging:1.2) with ExternalDependencyInstrumentingArtifactTransform
Transforming netty-codec-socks-4.1.93.Final.jar (io.netty:netty-codec-socks:4.1.93.Final) with ExternalDependencyInstrumentingArtifactTransform
Caching disabled for ExternalDependencyInstrumentingArtifactTransform: /home/runner/.gradle/caches/8.9/transforms/d140331c917389c489e9a51ab44e78b0/transformed/merge/instrumentation-dependencies.bin because:
  Build cache is disabled
  Caching not enabled.
Caching disabled for ExternalDependencyInstrumentingArtifactTransform: /home/runner/.gradle/caches/8.9/transforms/4116f0b05c123f8b8e0474e024cef7dd/transformed/merge/instrumentation-dependencies.bin because:
  Build cache is disabled
  Caching not enabled.
Caching disabled for MergeInstrumentationAnalysisTransform: /home/runner/.gradle/caches/modules-2/files-2.1/io.netty/netty-codec/4.1.93.Final/503badb458b6586632be8d1f81aa4e5ab99a80fc/netty-codec-4.1.93.Final.jar because:
  Build cache is disabled
  Caching not enabled.
Transforming netty-codec-4.1.93.Final.jar (io.netty:netty-codec:4.1.93.Final) with ExternalDependencyInstrumentingArtifactTransform
Caching disabled for ExternalDependencyInstrumentingArtifactTransform: /home/runner/.gradle/caches/8.9/transforms/476fdd4f07f4c9ee4391e5f4162dadd8/transformed/merge/instrumentation-dependencies.bin because:
  Build cache is disabled
  Caching not enabled.
Caching disabled for ExternalDependencyInstrumentingArtifactTransform: /home/runner/.gradle/caches/modules-2/files-2.1/io.netty/netty-codec-socks/4.1.93.Final/81ca78969afc60073e47c3b7b361cc3839392c73/netty-codec-socks-4.1.93.Final.jar because:
  Build cache is disabled
  Caching not enabled.
Caching disabled for MergeInstrumentationAnalysisTransform: /home/runner/.gradle/caches/8.9/transforms/87e5f04c366afa61720de404ef708daf/transformed/analysis/instrumentation-hierarchy.bin because:
  Build cache is disabled
  Caching not enabled.
Caching disabled for MergeInstrumentationAnalysisTransform: /home/runner/.gradle/caches/8.9/transforms/87e5f04c366afa61720de404ef708daf/transformed/analysis/instrumentation-dependencies.bin because:
  Build cache is disabled
  Caching not enabled.
Caching disabled for MergeInstrumentationAnalysisTransform: /home/runner/.gradle/caches/modules-2/files-2.1/io.netty/netty-transport/4.1.93.Final/1a0894915c8027ce83b4d6a811c4e765955efd15/netty-transport-4.1.93.Final.jar because:
  Build cache is disabled
  Caching not enabled.
Transforming netty-transport-4.1.93.Final.jar (io.netty:netty-transport:4.1.93.Final) with ExternalDependencyInstrumentingArtifactTransform
Caching disabled for ExternalDependencyInstrumentingArtifactTransform: /home/runner/.gradle/caches/8.9/transforms/ed74ed9cf20db871b54b2275d01d3bec/transformed/merge/instrumentation-dependencies.bin because:
  Build cache is disabled
  Caching not enabled.
Caching disabled for ExternalDependencyInstrumentingArtifactTransform: /home/runner/.gradle/caches/modules-2/files-2.1/commons-logging/commons-logging/1.2/4bfc12adfe4842bf07b657f0369c4cb522955686/commons-logging-1.2.jar because:
  Build cache is disabled
  Caching not enabled.
Caching disabled for MergeInstrumentationAnalysisTransform: /home/runner/.gradle/caches/8.9/transforms/c8545e7f6fc7d5757573a08236fb6bab/transformed/analysis/instrumentation-hierarchy.bin because:
  Build cache is disabled
  Caching not enabled.
Caching disabled for MergeInstrumentationAnalysisTransform: /home/runner/.gradle/caches/8.9/transforms/c8545e7f6fc7d5757573a08236fb6bab/transformed/analysis/instrumentation-dependencies.bin because:
  Build cache is disabled
  Caching not enabled.
Caching disabled for MergeInstrumentationAnalysisTransform: /home/runner/.gradle/caches/modules-2/files-2.1/io.netty/netty-buffer/4.1.93.Final/87fac21f4ef95157866b07b48e3c707a2f13c581/netty-buffer-4.1.93.Final.jar because:
  Build cache is disabled
  Caching not enabled.
Caching disabled for ExternalDependencyInstrumentingArtifactTransform: /home/runner/.gradle/caches/modules-2/files-2.1/net.java.dev.jna/jna/5.6.0/330f2244e9030119ab3030fc3fededc86713d9cc/jna-5.6.0.jar because:
  Build cache is disabled
  Caching not enabled.
Transforming netty-buffer-4.1.93.Final.jar (io.netty:netty-buffer:4.1.93.Final) with ExternalDependencyInstrumentingArtifactTransform
Caching disabled for ExternalDependencyInstrumentingArtifactTransform: /home/runner/.gradle/caches/8.9/transforms/fd6990e6331f4e820039c2f0a36c0e03/transformed/merge/instrumentation-dependencies.bin because:
  Build cache is disabled
  Caching not enabled.
Caching disabled for MergeInstrumentationAnalysisTransform: /home/runner/.gradle/caches/8.9/transforms/5e1fa85f39b2f6911e356f33359acbd4/transformed/analysis/instrumentation-hierarchy.bin because:
  Build cache is disabled
  Caching not enabled.
Caching disabled for MergeInstrumentationAnalysisTransform: /home/runner/.gradle/caches/8.9/transforms/5e1fa85f39b2f6911e356f33359acbd4/transformed/analysis/instrumentation-dependencies.bin because:
  Build cache is disabled
  Caching not enabled.
Caching disabled for MergeInstrumentationAnalysisTransform: /home/runner/.gradle/caches/modules-2/files-2.1/io.netty/netty-resolver/4.1.93.Final/3860e99075f9e078364ed38f6d6fc8825b7a168a/netty-resolver-4.1.93.Final.jar because:
  Build cache is disabled
  Caching not enabled.
Transforming netty-resolver-4.1.93.Final.jar (io.netty:netty-resolver:4.1.93.Final) with ExternalDependencyInstrumentingArtifactTransform
Caching disabled for ExternalDependencyInstrumentingArtifactTransform: /home/runner/.gradle/caches/8.9/transforms/7ad05051a173add580037520e62cf888/transformed/merge/instrumentation-dependencies.bin because:
  Build cache is disabled
  Caching not enabled.
Caching disabled for ExternalDependencyInstrumentingArtifactTransform: /home/runner/.gradle/caches/modules-2/files-2.1/io.netty/netty-resolver/4.1.93.Final/3860e99075f9e078364ed38f6d6fc8825b7a168a/netty-resolver-4.1.93.Final.jar because:
  Build cache is disabled
  Caching not enabled.
Caching disabled for MergeInstrumentationAnalysisTransform: /home/runner/.gradle/caches/8.9/transforms/cb508a5eb40a63d42d0fbec5fab367c0/transformed/analysis/instrumentation-hierarchy.bin because:
  Build cache is disabled
  Caching not enabled.
Caching disabled for MergeInstrumentationAnalysisTransform: /home/runner/.gradle/caches/8.9/transforms/cb508a5eb40a63d42d0fbec5fab367c0/transformed/analysis/instrumentation-dependencies.bin because:
  Build cache is disabled
  Caching not enabled.
Caching disabled for ExternalDependencyInstrumentingArtifactTransform: /home/runner/.gradle/caches/modules-2/files-2.1/io.netty/netty-transport/4.1.93.Final/1a0894915c8027ce83b4d6a811c4e765955efd15/netty-transport-4.1.93.Final.jar because:
  Build cache is disabled
  Caching not enabled.
Caching disabled for MergeInstrumentationAnalysisTransform: /home/runner/.gradle/caches/modules-2/files-2.1/io.netty/netty-common/4.1.93.Final/1cfc49b91b0d3ddb30c9f7d8467e5d02ae8babdf/netty-common-4.1.93.Final.jar because:
  Build cache is disabled
  Caching not enabled.
Transforming netty-common-4.1.93.Final.jar (io.netty:netty-common:4.1.93.Final) with ExternalDependencyInstrumentingArtifactTransform
Caching disabled for ExternalDependencyInstrumentingArtifactTransform: /home/runner/.gradle/caches/8.9/transforms/7dd5d2310b31bcbc247c00a58fca413d/transformed/merge/instrumentation-dependencies.bin because:
  Build cache is disabled
  Caching not enabled.
Caching disabled for ExternalDependencyInstrumentingArtifactTransform: /home/runner/.gradle/caches/modules-2/files-2.1/io.netty/netty-codec/4.1.93.Final/503badb458b6586632be8d1f81aa4e5ab99a80fc/netty-codec-4.1.93.Final.jar because:
  Build cache is disabled
  Caching not enabled.
Caching disabled for ExternalDependencyInstrumentingArtifactTransform: /home/runner/.gradle/caches/modules-2/files-2.1/io.netty/netty-buffer/4.1.93.Final/87fac21f4ef95157866b07b48e3c707a2f13c581/netty-buffer-4.1.93.Final.jar because:
  Build cache is disabled
  Caching not enabled.
Caching disabled for ExternalDependencyInstrumentingArtifactTransform: /home/runner/.gradle/caches/modules-2/files-2.1/io.netty/netty-common/4.1.93.Final/1cfc49b91b0d3ddb30c9f7d8467e5d02ae8babdf/netty-common-4.1.93.Final.jar because:
  Build cache is disabled
  Caching not enabled.
Caching disabled for Groovy DSL script compilation (proj) because:
  Build cache is disabled
  Not worth caching.
Compiling build file '/home/runner/work/smoker-browser/smoker-browser/build.gradle' using BuildScriptTransformer.

> Configure project :app
Evaluating project ':app' using build file '/home/runner/work/smoker-browser/smoker-browser/app/build.gradle'.
Caching disabled for Groovy DSL script compilation (cp_proj) because:
  Build cache is disabled
  Not worth caching.
Compiling build file '/home/runner/work/smoker-browser/smoker-browser/app/build.gradle' using SubsetScriptTransformer.
WARNING: The option setting 'android.defaults.buildfeatures.buildconfig=true' is deprecated.
The current default is 'false'.
It will be removed in version 9.0 of the Android Gradle plugin.
To keep using this feature, add the following to your module-level build.gradle files:
    android.buildFeatures.buildConfig = true
or from Android Studio, click: `Refactor` > `Migrate BuildConfig to Gradle Build Files`.
Using default execution profile
Caching disabled for Groovy DSL script compilation (proj) because:
  Build cache is disabled
  Not worth caching.
Compiling build file '/home/runner/work/smoker-browser/smoker-browser/app/build.gradle' using BuildScriptTransformer.
All projects evaluated.
Task name matched 'assembleDebug'
Selected primary task 'assembleDebug' from project :
Tasks to be executed: [task ':app:preBuild', task ':app:preDebugBuild', task ':app:mergeDebugNativeDebugMetadata', task ':app:dataBindingMergeDependencyArtifactsDebug', task ':app:generateDebugResValues', task ':app:generateDebugResources', task ':app:mergeDebugResources', task ':app:dataBindingGenBaseClassesDebug', task ':app:generateDebugBuildConfig', task ':app:javaPreCompileDebug', task ':app:checkDebugAarMetadata', task ':app:mapDebugSourceSetPaths', task ':app:createDebugCompatibleScreenManifests', task ':app:extractDeepLinksDebug', task ':app:processDebugMainManifest', task ':app:processDebugManifest', task ':app:processDebugManifestForPackage', task ':app:processDebugResources', task ':app:compileDebugJavaWithJavac', task ':app:mergeDebugShaders', task ':app:compileDebugShaders', task ':app:generateDebugAssets', task ':app:mergeDebugAssets', task ':app:compressDebugAssets', task ':app:desugarDebugFileDependencies', task ':app:dexBuilderDebug', task ':app:mergeDebugGlobalSynthetics', task ':app:processDebugJavaRes', task ':app:mergeDebugJavaResource', task ':app:checkDebugDuplicateClasses', task ':app:mergeExtDexDebug', task ':app:mergeLibDexDebug', task ':app:mergeProjectDexDebug', task ':app:mergeDebugJniLibFolders', task ':app:mergeDebugNativeLibs', task ':app:stripDebugDebugSymbols', task ':app:validateSigningDebug', task ':app:writeDebugAppMetadata', task ':app:writeDebugSigningConfigVersions', task ':app:packageDebug', task ':app:createDebugApkListingFileRedirect', task ':app:assembleDebug']
Tasks that were excluded: []
Resolve mutations for :app:preBuild (Thread[Execution worker,5,main]) started.
:app:preBuild (Thread[Execution worker,5,main]) started.

> Task :app:preBuild UP-TO-DATE
Skipping task ':app:preBuild' as it has no actions.
Resolve mutations for :app:preDebugBuild (Thread[Execution worker,5,main]) started.
:app:preDebugBuild (Thread[Execution worker,5,main]) started.

> Task :app:preDebugBuild UP-TO-DATE
Skipping task ':app:preDebugBuild' as it has no actions.
Resolve mutations for :app:mergeDebugNativeDebugMetadata (Thread[Execution worker,5,main]) started.
:app:mergeDebugNativeDebugMetadata (Thread[Execution worker,5,main]) started.

> Task :app:mergeDebugNativeDebugMetadata NO-SOURCE
Skipping task ':app:mergeDebugNativeDebugMetadata' as it has no source files and no previous output files.
Resolve mutations for :app:dataBindingMergeDependencyArtifactsDebug (Thread[Execution worker,5,main]) started.
:app:dataBindingMergeDependencyArtifactsDebug (Thread[Execution worker,5,main]) started.

> Task :app:dataBindingMergeDependencyArtifactsDebug
Downloading https://dl.google.com/dl/android/maven2/androidx/databinding/viewbinding/8.7.2/viewbinding-8.7.2.pom to /home/runner/.gradle/.tmp/gradle_download352058034179199304bin
Found locally available resource with matching checksum: [https://dl.google.com/dl/android/maven2/androidx/appcompat/appcompat/1.7.1/appcompat-1.7.1.pom, /home/runner/.gradle/caches/modules-2/files-2.1/androidx.appcompat/appcompat/1.7.1/b03a9adbcce3c54f15e0d0be60c7afe4d0060870/appcompat-1.7.1.pom]
Found locally available resource with matching checksum: [https://dl.google.com/dl/android/maven2/com/google/android/material/material/1.12.0/material-1.12.0.pom, /home/runner/.gradle/caches/modules-2/files-2.1/com.google.android.material/material/1.12.0/523481484750a0e3b0aedf28ad61a5fadc06855/material-1.12.0.pom]
Downloading https://dl.google.com/dl/android/maven2/androidx/databinding/viewbinding/8.7.2/viewbinding-8.7.2.module to /home/runner/.gradle/.tmp/gradle_download12350229701831276076bin
Resource missing. [HTTP HEAD: https://dl.google.com/dl/android/maven2/org/jetbrains/kotlin/kotlin-bom/1.8.22/kotlin-bom-1.8.22.pom]
Found locally available resource with matching checksum: [https://repo.maven.apache.org/maven2/org/jetbrains/kotlin/kotlin-bom/1.8.22/kotlin-bom-1.8.22.pom, /home/runner/.gradle/caches/modules-2/files-2.1/org.jetbrains.kotlin/kotlin-bom/1.8.22/1deaaf2de5250be177cf048a78b6fd7ee1458b60/kotlin-bom-1.8.22.pom]
Found locally available resource with matching checksum: [https://dl.google.com/dl/android/maven2/androidx/swiperefreshlayout/swiperefreshlayout/1.1.0/swiperefreshlayout-1.1.0.pom, /home/runner/.gradle/caches/modules-2/files-2.1/androidx.swiperefreshlayout/swiperefreshlayout/1.1.0/73f3b16b59f1a72ad4a71424490e2340d6acce19/swiperefreshlayout-1.1.0.pom]
Found locally available resource with matching checksum: [https://dl.google.com/dl/android/maven2/androidx/cardview/cardview/1.0.0/cardview-1.0.0.pom, /home/runner/.gradle/caches/modules-2/files-2.1/androidx.cardview/cardview/1.0.0/93a261514381247a8a6bebe171338f9f2f883f27/cardview-1.0.0.pom]
Found locally available resource with matching checksum: [https://dl.google.com/dl/android/maven2/androidx/appcompat/appcompat/1.7.1/appcompat-1.7.1.module, /home/runner/.gradle/caches/modules-2/files-2.1/androidx.appcompat/appcompat/1.7.1/c5de9eddf64bc915ca48ddee47dd505fb977d46/appcompat-1.7.1.module]
Found locally available resource with matching checksum: [https://dl.google.com/dl/android/maven2/com/google/android/material/material/1.12.0/material-1.12.0.module, /home/runner/.gradle/caches/modules-2/files-2.1/com.google.android.material/material/1.12.0/c1e436a3d9e9868d4c9380d7e80203da046909c4/material-1.12.0.module]
Found locally available resource with matching checksum: [https://dl.google.com/dl/android/maven2/androidx/annotation/annotation/1.0.0/annotation-1.0.0.pom, /home/runner/.gradle/caches/modules-2/files-2.1/androidx.annotation/annotation/1.0.0/1ec1fd6918db230c4b2e8ffa78f724267fb6328c/annotation-1.0.0.pom]
Found locally available resource with matching checksum: [https://dl.google.com/dl/android/maven2/androidx/annotation/annotation/1.3.0/annotation-1.3.0.pom, /home/runner/.gradle/caches/modules-2/files-2.1/androidx.annotation/annotation/1.3.0/8e41994f7c27b40c14f53bf3fa40c84d5d00b13d/annotation-1.3.0.pom]
Found locally available resource with matching checksum: [https://dl.google.com/dl/android/maven2/androidx/annotation/annotation/1.3.0/annotation-1.3.0.module, /home/runner/.gradle/caches/modules-2/files-2.1/androidx.annotation/annotation/1.3.0/6adc685f78686901844153d9d7f41774e649eb4b/annotation-1.3.0.module]
Found locally available resource with matching checksum: [https://dl.google.com/dl/android/maven2/androidx/appcompat/appcompat-resources/1.7.1/appcompat-resources-1.7.1.pom, /home/runner/.gradle/caches/modules-2/files-2.1/androidx.appcompat/appcompat-resources/1.7.1/31130db4e028b10fed8dd2c38eb0a3785348b730/appcompat-resources-1.7.1.pom]
Found locally available resource with matching checksum: [https://dl.google.com/dl/android/maven2/androidx/collection/collection/1.0.0/collection-1.0.0.pom, /home/runner/.gradle/caches/modules-2/files-2.1/androidx.collection/collection/1.0.0/6b6d5f96527a79bce10e9e9e8c4704f661b2cdc8/collection-1.0.0.pom]
Found locally available resource with matching checksum: [https://dl.google.com/dl/android/maven2/androidx/activity/activity/1.8.0/activity-1.8.0.pom, /home/runner/.gradle/caches/modules-2/files-2.1/androidx.activity/activity/1.8.0/85aa88a821094996ba7fea05a9ca92a88cf11378/activity-1.8.0.pom]
Found locally available resource with matching checksum: [https://dl.google.com/dl/android/maven2/androidx/appcompat/appcompat-resources/1.7.1/appcompat-resources-1.7.1.module, /home/runner/.gradle/caches/modules-2/files-2.1/androidx.appcompat/appcompat-resources/1.7.1/cdd29d028a8ee64cbd9f9ca9cf0f83a5516e1dca/appcompat-resources-1.7.1.module]
Found locally available resource with matching checksum: [https://dl.google.com/dl/android/maven2/androidx/activity/activity/1.8.0/activity-1.8.0.module, /home/runner/.gradle/caches/modules-2/files-2.1/androidx.activity/activity/1.8.0/ac12f92d6f344811eb167777af62fb12a574ac05/activity-1.8.0.module]
Found locally available resource with matching checksum: [https://dl.google.com/dl/android/maven2/androidx/core/core-ktx/1.13.0/core-ktx-1.13.0.pom, /home/runner/.gradle/caches/modules-2/files-2.1/androidx.core/core-ktx/1.13.0/3074397d6755d90de2276d475d28d60f5b130f5/core-ktx-1.13.0.pom]
Found locally available resource with matching checksum: [https://dl.google.com/dl/android/maven2/androidx/core/core/1.13.0/core-1.13.0.pom, /home/runner/.gradle/caches/modules-2/files-2.1/androidx.core/core/1.13.0/7b742dda446eead067c6c68d1d5aa93bc3c0f3a6/core-1.13.0.pom]
Found locally available resource with matching checksum: [https://dl.google.com/dl/android/maven2/androidx/drawerlayout/drawerlayout/1.0.0/drawerlayout-1.0.0.pom, /home/runner/.gradle/caches/modules-2/files-2.1/androidx.drawerlayout/drawerlayout/1.0.0/436d14f0b503b411431a0c38e5368ba4ec4b1e62/drawerlayout-1.0.0.pom]
Found locally available resource with matching checksum: [https://dl.google.com/dl/android/maven2/androidx/cursoradapter/cursoradapter/1.0.0/cursoradapter-1.0.0.pom, /home/runner/.gradle/caches/modules-2/files-2.1/androidx.cursoradapter/cursoradapter/1.0.0/b1d8c36333871395c98e157e903881d44a509899/cursoradapter-1.0.0.pom]
Found locally available resource with matching checksum: [https://dl.google.com/dl/android/maven2/androidx/core/core-ktx/1.13.0/core-ktx-1.13.0.module, /home/runner/.gradle/caches/modules-2/files-2.1/androidx.core/core-ktx/1.13.0/94b2f0e858272f911ec0743876d8a94d1a3750ab/core-ktx-1.13.0.module]
Found locally available resource with matching checksum: [https://dl.google.com/dl/android/maven2/androidx/emoji2/emoji2/1.3.0/emoji2-1.3.0.pom, /home/runner/.gradle/caches/modules-2/files-2.1/androidx.emoji2/emoji2/1.3.0/ed727398c81d0c60b769905a0264cee48b319914/emoji2-1.3.0.pom]
Found locally available resource with matching checksum: [https://dl.google.com/dl/android/maven2/androidx/emoji2/emoji2-views-helper/1.2.0/emoji2-views-helper-1.2.0.pom, /home/runner/.gradle/caches/modules-2/files-2.1/androidx.emoji2/emoji2-views-helper/1.2.0/3fc7535bd4d186fd2c447a711217e5a9fa03e491/emoji2-views-helper-1.2.0.pom]
Found locally available resource with matching checksum: [https://dl.google.com/dl/android/maven2/androidx/core/core/1.13.0/core-1.13.0.module, /home/runner/.gradle/caches/modules-2/files-2.1/androidx.core/core/1.13.0/56fb512c3cf32fbf46d7d120bdbe9e578a4de820/core-1.13.0.module]
Found locally available resource with matching checksum: [https://dl.google.com/dl/android/maven2/androidx/fragment/fragment/1.5.4/fragment-1.5.4.pom, /home/runner/.gradle/caches/modules-2/files-2.1/androidx.fragment/fragment/1.5.4/50ee5281b562562787a176972ceda6a27972ed56/fragment-1.5.4.pom]
Found locally available resource with matching checksum: [https://dl.google.com/dl/android/maven2/androidx/emoji2/emoji2/1.3.0/emoji2-1.3.0.module, /home/runner/.gradle/caches/modules-2/files-2.1/androidx.emoji2/emoji2/1.3.0/8cdfe375ace24ac8f2cdec35a21396006712bb71/emoji2-1.3.0.module]
Found locally available resource with matching checksum: [https://dl.google.com/dl/android/maven2/androidx/fragment/fragment/1.5.4/fragment-1.5.4.module, /home/runner/.gradle/caches/modules-2/files-2.1/androidx.fragment/fragment/1.5.4/18b1bb726ca6683e9db51e520613e728af9e04d/fragment-1.5.4.module]
Found locally available resource with matching checksum: [https://dl.google.com/dl/android/maven2/androidx/lifecycle/lifecycle-runtime/2.6.1/lifecycle-runtime-2.6.1.pom, /home/runner/.gradle/caches/modules-2/files-2.1/androidx.lifecycle/lifecycle-runtime/2.6.1/5338524487b05ade507de71dd343d223cd563c4e/lifecycle-runtime-2.6.1.pom]
Found locally available resource with matching checksum: [https://dl.google.com/dl/android/maven2/androidx/lifecycle/lifecycle-viewmodel/2.6.1/lifecycle-viewmodel-2.6.1.pom, /home/runner/.gradle/caches/modules-2/files-2.1/androidx.lifecycle/lifecycle-viewmodel/2.6.1/81fcd8d274131792a8310c0ca70236ddf71c80a7/lifecycle-viewmodel-2.6.1.pom]
Found locally available resource with matching checksum: [https://dl.google.com/dl/android/maven2/androidx/emoji2/emoji2-views-helper/1.2.0/emoji2-views-helper-1.2.0.module, /home/runner/.gradle/caches/modules-2/files-2.1/androidx.emoji2/emoji2-views-helper/1.2.0/73b187d55e6322910dbcb9d3f6f8e4353a7a2035/emoji2-views-helper-1.2.0.module]
Found locally available resource with matching checksum: [https://dl.google.com/dl/android/maven2/androidx/lifecycle/lifecycle-runtime/2.6.1/lifecycle-runtime-2.6.1.module, /home/runner/.gradle/caches/modules-2/files-2.1/androidx.lifecycle/lifecycle-runtime/2.6.1/9d926dd1d0334a0edcd59eac644f8d6f153b13cf/lifecycle-runtime-2.6.1.module]
Found locally available resource with matching checksum: [https://dl.google.com/dl/android/maven2/androidx/lifecycle/lifecycle-viewmodel/2.6.1/lifecycle-viewmodel-2.6.1.module, /home/runner/.gradle/caches/modules-2/files-2.1/androidx.lifecycle/lifecycle-viewmodel/2.6.1/d99440898b1d9b559fc6a879055d1a4fb7bfee60/lifecycle-viewmodel-2.6.1.module]
Found locally available resource with matching checksum: [https://dl.google.com/dl/android/maven2/androidx/profileinstaller/profileinstaller/1.3.1/profileinstaller-1.3.1.pom, /home/runner/.gradle/caches/modules-2/files-2.1/androidx.profileinstaller/profileinstaller/1.3.1/6aaefcd3d77d7f35303fbd9d8a951a2fedcb2a27/profileinstaller-1.3.1.pom]
Resource missing. [HTTP HEAD: https://dl.google.com/dl/android/maven2/org/jetbrains/kotlin/kotlin-stdlib/1.8.22/kotlin-stdlib-1.8.22.pom]
Found locally available resource with matching checksum: [https://repo.maven.apache.org/maven2/org/jetbrains/kotlin/kotlin-stdlib/1.8.22/kotlin-stdlib-1.8.22.pom, /home/runner/.gradle/caches/modules-2/files-2.1/org.jetbrains.kotlin/kotlin-stdlib/1.8.22/1c9f1e169c4cfd1fb570709867e0a5a4e87a3cca/kotlin-stdlib-1.8.22.pom]
Found locally available resource with matching checksum: [https://dl.google.com/dl/android/maven2/androidx/savedstate/savedstate/1.2.1/savedstate-1.2.1.pom, /home/runner/.gradle/caches/modules-2/files-2.1/androidx.savedstate/savedstate/1.2.1/5e0129ba74cc5915d14be13f07790b4a2470d7ea/savedstate-1.2.1.pom]
Found locally available resource with matching checksum: [https://dl.google.com/dl/android/maven2/androidx/resourceinspection/resourceinspection-annotation/1.0.1/resourceinspection-annotation-1.0.1.pom, /home/runner/.gradle/caches/modules-2/files-2.1/androidx.resourceinspection/resourceinspection-annotation/1.0.1/2c264bd97530601a68f3952fe040e2f7786ebc60/resourceinspection-annotation-1.0.1.pom]
Found locally available resource with matching checksum: [https://dl.google.com/dl/android/maven2/androidx/profileinstaller/profileinstaller/1.3.1/profileinstaller-1.3.1.module, /home/runner/.gradle/caches/modules-2/files-2.1/androidx.profileinstaller/profileinstaller/1.3.1/5f5f6c96cb637e11cb3660d854d0597103186f42/profileinstaller-1.3.1.module]
Found locally available resource with matching checksum: [https://dl.google.com/dl/android/maven2/androidx/savedstate/savedstate/1.2.1/savedstate-1.2.1.module, /home/runner/.gradle/caches/modules-2/files-2.1/androidx.savedstate/savedstate/1.2.1/2f0814ad593487407c5bc5400555f4bac85df2dd/savedstate-1.2.1.module]
Found locally available resource with matching checksum: [https://dl.google.com/dl/android/maven2/androidx/resourceinspection/resourceinspection-annotation/1.0.1/resourceinspection-annotation-1.0.1.module, /home/runner/.gradle/caches/modules-2/files-2.1/androidx.resourceinspection/resourceinspection-annotation/1.0.1/75fe8bc237ef8047b526ba5ec28dff7d755b9b82/resourceinspection-annotation-1.0.1.module]
Found locally available resource with matching checksum: [https://dl.google.com/dl/android/maven2/androidx/drawerlayout/drawerlayout/1.1.1/drawerlayout-1.1.1.pom, /home/runner/.gradle/caches/modules-2/files-2.1/androidx.drawerlayout/drawerlayout/1.1.1/b6860ca4ed2b0c154fcb9e8aa8213445359a85a6/drawerlayout-1.1.1.pom]
Resource missing. [HTTP HEAD: https://dl.google.com/dl/android/maven2/com/google/errorprone/error_prone_annotations/2.15.0/error_prone_annotations-2.15.0.pom]
Found locally available resource with matching checksum: [https://repo.maven.apache.org/maven2/com/google/errorprone/error_prone_annotations/2.15.0/error_prone_annotations-2.15.0.pom, /home/runner/.gradle/caches/modules-2/files-2.1/com.google.errorprone/error_prone_annotations/2.15.0/dd12a10c4b267375dc32938dcec2c986793af9dc/error_prone_annotations-2.15.0.pom]
Found locally available resource with matching checksum: [https://dl.google.com/dl/android/maven2/androidx/dynamicanimation/dynamicanimation/1.0.0/dynamicanimation-1.0.0.pom, /home/runner/.gradle/caches/modules-2/files-2.1/androidx.dynamicanimation/dynamicanimation/1.0.0/a905e6e39d6fc8daba0e2e22c726a2b981932ca2/dynamicanimation-1.0.0.pom]
Found locally available resource with matching checksum: [https://dl.google.com/dl/android/maven2/androidx/coordinatorlayout/coordinatorlayout/1.1.0/coordinatorlayout-1.1.0.pom, /home/runner/.gradle/caches/modules-2/files-2.1/androidx.coordinatorlayout/coordinatorlayout/1.1.0/2ccdc41c50a15a5cbf1bf0e40e46a63241b1c4ea/coordinatorlayout-1.1.0.pom]
Resource missing. [HTTP HEAD: https://dl.google.com/dl/android/maven2/com/google/errorprone/error_prone_parent/2.15.0/error_prone_parent-2.15.0.pom]
Found locally available resource with matching checksum: [https://repo.maven.apache.org/maven2/com/google/errorprone/error_prone_parent/2.15.0/error_prone_parent-2.15.0.pom, /home/runner/.gradle/caches/modules-2/files-2.1/com.google.errorprone/error_prone_parent/2.15.0/1b5a27fd2ae711b10befa9e182583b455ec043ea/error_prone_parent-2.15.0.pom]
Found locally available resource with matching checksum: [https://dl.google.com/dl/android/maven2/androidx/constraintlayout/constraintlayout/2.0.1/constraintlayout-2.0.1.pom, /home/runner/.gradle/caches/modules-2/files-2.1/androidx.constraintlayout/constraintlayout/2.0.1/6f258b3e1075ffde24ce7e84381c8048849a2165/constraintlayout-2.0.1.pom]
Found locally available resource with matching checksum: [https://dl.google.com/dl/android/maven2/androidx/recyclerview/recyclerview/1.0.0/recyclerview-1.0.0.pom, /home/runner/.gradle/caches/modules-2/files-2.1/androidx.recyclerview/recyclerview/1.0.0/f703fc85e864a92fb72e4bd5996b8024a824e20a/recyclerview-1.0.0.pom]
Found locally available resource with matching checksum: [https://dl.google.com/dl/android/maven2/androidx/annotation/annotation-experimental/1.0.0/annotation-experimental-1.0.0.pom, /home/runner/.gradle/caches/modules-2/files-2.1/androidx.annotation/annotation-experimental/1.0.0/ebc8cc79af3841ffa6a44ab02f31df2973c9b916/annotation-experimental-1.0.0.pom]
Found locally available resource with matching checksum: [https://dl.google.com/dl/android/maven2/androidx/transition/transition/1.5.0/transition-1.5.0.pom, /home/runner/.gradle/caches/modules-2/files-2.1/androidx.transition/transition/1.5.0/7eb05e0eb1219131fb8f43aa2c7e118734852e4f/transition-1.5.0.pom]
Found locally available resource with matching checksum: [https://dl.google.com/dl/android/maven2/androidx/vectordrawable/vectordrawable/1.1.0/vectordrawable-1.1.0.pom, /home/runner/.gradle/caches/modules-2/files-2.1/androidx.vectordrawable/vectordrawable/1.1.0/8b15e03d94f7d9a07cbea653ad7f524315d1d507/vectordrawable-1.1.0.pom]
Found locally available resource with matching checksum: [https://dl.google.com/dl/android/maven2/androidx/viewpager2/viewpager2/1.0.0/viewpager2-1.0.0.pom, /home/runner/.gradle/caches/modules-2/files-2.1/androidx.viewpager2/viewpager2/1.0.0/6c206c3aa4ba7917be9ccf200e11aa83caf01c50/viewpager2-1.0.0.pom]
Found locally available resource with matching checksum: [https://dl.google.com/dl/android/maven2/androidx/transition/transition/1.5.0/transition-1.5.0.module, /home/runner/.gradle/caches/modules-2/files-2.1/androidx.transition/transition/1.5.0/4899ab4b2fdbec281342f7641969c694aade6ac9/transition-1.5.0.module]
Found locally available resource with matching checksum: [https://dl.google.com/dl/android/maven2/androidx/interpolator/interpolator/1.0.0/interpolator-1.0.0.pom, /home/runner/.gradle/caches/modules-2/files-2.1/androidx.interpolator/interpolator/1.0.0/dfa9c6b5826fbf2f910e1720ce2b0421d7aafec3/interpolator-1.0.0.pom]
Found locally available resource with matching checksum: [https://dl.google.com/dl/android/maven2/androidx/tracing/tracing/1.0.0/tracing-1.0.0.pom, /home/runner/.gradle/caches/modules-2/files-2.1/androidx.tracing/tracing/1.0.0/8699319903509b20b3ffa718d36b742fd11493c0/tracing-1.0.0.pom]
Found locally available resource with matching checksum: [https://dl.google.com/dl/android/maven2/androidx/lifecycle/lifecycle-viewmodel-savedstate/2.6.1/lifecycle-viewmodel-savedstate-2.6.1.pom, /home/runner/.gradle/caches/modules-2/files-2.1/androidx.lifecycle/lifecycle-viewmodel-savedstate/2.6.1/63d24310960b78aae07899ca6cec62fa0e120750/lifecycle-viewmodel-savedstate-2.6.1.pom]
Found locally available resource with matching checksum: [https://dl.google.com/dl/android/maven2/androidx/tracing/tracing/1.0.0/tracing-1.0.0.module, /home/runner/.gradle/caches/modules-2/files-2.1/androidx.tracing/tracing/1.0.0/a43d7ec71f20cf31d11f9aa264dc46d75a7ed450/tracing-1.0.0.module]
Found locally available resource with matching checksum: [https://dl.google.com/dl/android/maven2/androidx/lifecycle/lifecycle-viewmodel-savedstate/2.6.1/lifecycle-viewmodel-savedstate-2.6.1.module, /home/runner/.gradle/caches/modules-2/files-2.1/androidx.lifecycle/lifecycle-viewmodel-savedstate/2.6.1/828e1aa47806d3a114294daa611df6d25d278cf9/lifecycle-viewmodel-savedstate-2.6.1.module]
Found locally available resource with matching checksum: [https://dl.google.com/dl/android/maven2/androidx/vectordrawable/vectordrawable-animated/1.1.0/vectordrawable-animated-1.1.0.pom, /home/runner/.gradle/caches/modules-2/files-2.1/androidx.vectordrawable/vectordrawable-animated/1.1.0/2c40e16427f4e94ea471526868ba5ac4bd13de6d/vectordrawable-animated-1.1.0.pom]
Found locally available resource with matching checksum: [https://dl.google.com/dl/android/maven2/androidx/annotation/annotation/1.6.0/annotation-1.6.0.pom, /home/runner/.gradle/caches/modules-2/files-2.1/androidx.annotation/annotation/1.6.0/fb1e233a6072d024c05fd2802aadd9146575e4ef/annotation-1.6.0.pom]
Found locally available resource with matching checksum: [https://dl.google.com/dl/android/maven2/androidx/annotation/annotation/1.6.0/annotation-1.6.0.module, /home/runner/.gradle/caches/modules-2/files-2.1/androidx.annotation/annotation/1.6.0/cf3899ddc31f0a48c7189b1a0c943e917ec927d4/annotation-1.6.0.module]
Found locally available resource with matching checksum: [https://dl.google.com/dl/android/maven2/androidx/annotation/annotation-experimental/1.4.0/annotation-experimental-1.4.0.pom, /home/runner/.gradle/caches/modules-2/files-2.1/androidx.annotation/annotation-experimental/1.4.0/1a5ce9ef723971a4e81ffe3764af3d55089b614/annotation-experimental-1.4.0.pom]
Found locally available resource with matching checksum: [https://dl.google.com/dl/android/maven2/androidx/annotation/annotation-experimental/1.4.0/annotation-experimental-1.4.0.module, /home/runner/.gradle/caches/modules-2/files-2.1/androidx.annotation/annotation-experimental/1.4.0/990bc7d706871464e9771309d4824f34a8154b12/annotation-experimental-1.4.0.module]
Found locally available resource with matching checksum: [https://dl.google.com/dl/android/maven2/androidx/lifecycle/lifecycle-runtime/2.6.2/lifecycle-runtime-2.6.2.pom, /home/runner/.gradle/caches/modules-2/files-2.1/androidx.lifecycle/lifecycle-runtime/2.6.2/215a04540686cebedbcc96d6ba95cf413f2ab9dd/lifecycle-runtime-2.6.2.pom]
Found locally available resource with matching checksum: [https://dl.google.com/dl/android/maven2/androidx/lifecycle/lifecycle-runtime/2.6.2/lifecycle-runtime-2.6.2.module, /home/runner/.gradle/caches/modules-2/files-2.1/androidx.lifecycle/lifecycle-runtime/2.6.2/4e86db053944a2f2fd8db35a24c81284a39e496e/lifecycle-runtime-2.6.2.module]
Found locally available resource with matching checksum: [https://dl.google.com/dl/android/maven2/androidx/concurrent/concurrent-futures/1.0.0/concurrent-futures-1.0.0.pom, /home/runner/.gradle/caches/modules-2/files-2.1/androidx.concurrent/concurrent-futures/1.0.0/83560cc5e7d6146245a05a4837ac6ba6474de92e/concurrent-futures-1.0.0.pom]
Found locally available resource with matching checksum: [https://dl.google.com/dl/android/maven2/androidx/versionedparcelable/versionedparcelable/1.1.1/versionedparcelable-1.1.1.pom, /home/runner/.gradle/caches/modules-2/files-2.1/androidx.versionedparcelable/versionedparcelable/1.1.1/301263729256e9f19b144ce00f83d600ba14c38b/versionedparcelable-1.1.1.pom]
Found locally available resource with matching checksum: [https://dl.google.com/dl/android/maven2/androidx/collection/collection/1.1.0/collection-1.1.0.pom, /home/runner/.gradle/caches/modules-2/files-2.1/androidx.collection/collection/1.1.0/e1eba7bcd8a98744b7850e5c474edebaafba6fbb/collection-1.1.0.pom]
Found locally available resource with matching checksum: [https://dl.google.com/dl/android/maven2/androidx/emoji2/emoji2-views-helper/1.3.0/emoji2-views-helper-1.3.0.pom, /home/runner/.gradle/caches/modules-2/files-2.1/androidx.emoji2/emoji2-views-helper/1.3.0/ec7e94eb1e8f4a33d0fe0b092d52b654494987fe/emoji2-views-helper-1.3.0.pom]
Found locally available resource with matching checksum: [https://dl.google.com/dl/android/maven2/androidx/emoji2/emoji2-views-helper/1.3.0/emoji2-views-helper-1.3.0.module, /home/runner/.gradle/caches/modules-2/files-2.1/androidx.emoji2/emoji2-views-helper/1.3.0/a0119561bc7039bd8b8376448804639f205ece21/emoji2-views-helper-1.3.0.module]
Found locally available resource with matching checksum: [https://dl.google.com/dl/android/maven2/androidx/lifecycle/lifecycle-process/2.4.1/lifecycle-process-2.4.1.pom, /home/runner/.gradle/caches/modules-2/files-2.1/androidx.lifecycle/lifecycle-process/2.4.1/c7664ba7375aa54116d482246563c4a5a21f23d2/lifecycle-process-2.4.1.pom]
Found locally available resource with matching checksum: [https://dl.google.com/dl/android/maven2/androidx/startup/startup-runtime/1.0.0/startup-runtime-1.0.0.pom, /home/runner/.gradle/caches/modules-2/files-2.1/androidx.startup/startup-runtime/1.0.0/c11c09082438d9d77d62299a73da939f95a4d02b/startup-runtime-1.0.0.pom]
Found locally available resource with matching checksum: [https://dl.google.com/dl/android/maven2/androidx/lifecycle/lifecycle-process/2.4.1/lifecycle-process-2.4.1.module, /home/runner/.gradle/caches/modules-2/files-2.1/androidx.lifecycle/lifecycle-process/2.4.1/1fb9c6e7014d52a8bdb18efd96b1b0acb8324857/lifecycle-process-2.4.1.module]
Found locally available resource with matching checksum: [https://dl.google.com/dl/android/maven2/androidx/startup/startup-runtime/1.0.0/startup-runtime-1.0.0.module, /home/runner/.gradle/caches/modules-2/files-2.1/androidx.startup/startup-runtime/1.0.0/3c21be3ca39b8fa8a9f9c26b4502fc7f4b1c0744/startup-runtime-1.0.0.module]
Found locally available resource with matching checksum: [https://dl.google.com/dl/android/maven2/androidx/loader/loader/1.0.0/loader-1.0.0.pom, /home/runner/.gradle/caches/modules-2/files-2.1/androidx.loader/loader/1.0.0/4b1418669a3392afe77045f85ba870f0c3148f67/loader-1.0.0.pom]
Found locally available resource with matching checksum: [https://dl.google.com/dl/android/maven2/androidx/viewpager/viewpager/1.0.0/viewpager-1.0.0.pom, /home/runner/.gradle/caches/modules-2/files-2.1/androidx.viewpager/viewpager/1.0.0/42452223b3d46c0e3bf2c67f226144ce64551be9/viewpager-1.0.0.pom]
Found locally available resource with matching checksum: [https://dl.google.com/dl/android/maven2/androidx/lifecycle/lifecycle-livedata-core/2.5.1/lifecycle-livedata-core-2.5.1.pom, /home/runner/.gradle/caches/modules-2/files-2.1/androidx.lifecycle/lifecycle-livedata-core/2.5.1/43192e508a07c50f8faf06768576002ff82c9d93/lifecycle-livedata-core-2.5.1.pom]
Found locally available resource with matching checksum: [https://dl.google.com/dl/android/maven2/androidx/lifecycle/lifecycle-livedata-core/2.5.1/lifecycle-livedata-core-2.5.1.module, /home/runner/.gradle/caches/modules-2/files-2.1/androidx.lifecycle/lifecycle-livedata-core/2.5.1/5b28be9eee128e14c41b82d552a208def9badd3a/lifecycle-livedata-core-2.5.1.module]
Found locally available resource with matching checksum: [https://dl.google.com/dl/android/maven2/androidx/lifecycle/lifecycle-livedata-core/2.6.1/lifecycle-livedata-core-2.6.1.pom, /home/runner/.gradle/caches/modules-2/files-2.1/androidx.lifecycle/lifecycle-livedata-core/2.6.1/39f576ede3a8d0d100c3d024c611c918db041b14/lifecycle-livedata-core-2.6.1.pom]
Found locally available resource with matching checksum: [https://dl.google.com/dl/android/maven2/androidx/lifecycle/lifecycle-livedata-core/2.6.1/lifecycle-livedata-core-2.6.1.module, /home/runner/.gradle/caches/modules-2/files-2.1/androidx.lifecycle/lifecycle-livedata-core/2.6.1/aae483b7a4878edb2b44af0414a1163d4162b34c/lifecycle-livedata-core-2.6.1.module]
Found locally available resource with matching checksum: [https://dl.google.com/dl/android/maven2/androidx/lifecycle/lifecycle-process/2.6.1/lifecycle-process-2.6.1.pom, /home/runner/.gradle/caches/modules-2/files-2.1/androidx.lifecycle/lifecycle-process/2.6.1/5dc89f2b40e221a82987a4270051eea1b71cf0aa/lifecycle-process-2.6.1.pom]
Found locally available resource with matching checksum: [https://dl.google.com/dl/android/maven2/androidx/lifecycle/lifecycle-process/2.6.1/lifecycle-process-2.6.1.module, /home/runner/.gradle/caches/modules-2/files-2.1/androidx.lifecycle/lifecycle-process/2.6.1/a11629df95cd55a4003549f1f2546524354a7d86/lifecycle-process-2.6.1.module]
Found locally available resource with matching checksum: [https://dl.google.com/dl/android/maven2/androidx/concurrent/concurrent-futures/1.1.0/concurrent-futures-1.1.0.pom, /home/runner/.gradle/caches/modules-2/files-2.1/androidx.concurrent/concurrent-futures/1.1.0/1a2c7df73a77c58e30bd0b20cbc23e9854515438/concurrent-futures-1.1.0.pom]
Found locally available resource with matching checksum: [https://dl.google.com/dl/android/maven2/androidx/concurrent/concurrent-futures/1.1.0/concurrent-futures-1.1.0.module, /home/runner/.gradle/caches/modules-2/files-2.1/androidx.concurrent/concurrent-futures/1.1.0/3f5fb4ebdb2b2b4bc5d6c2de76d90d27efa9b963/concurrent-futures-1.1.0.module]
Found locally available resource with matching checksum: [https://dl.google.com/dl/android/maven2/androidx/startup/startup-runtime/1.1.1/startup-runtime-1.1.1.pom, /home/runner/.gradle/caches/modules-2/files-2.1/androidx.startup/startup-runtime/1.1.1/1ee5722679a9f73d27bb12d0ed4711745d4345b9/startup-runtime-1.1.1.pom]
Found locally available resource with matching checksum: [https://dl.google.com/dl/android/maven2/androidx/startup/startup-runtime/1.1.1/startup-runtime-1.1.1.module, /home/runner/.gradle/caches/modules-2/files-2.1/androidx.startup/startup-runtime/1.1.1/748e65734e8d257ca6c4ff7b57a97682dea6786b/startup-runtime-1.1.1.module]
Resource missing. [HTTP HEAD: https://dl.google.com/dl/android/maven2/com/google/guava/listenablefuture/1.0/listenablefuture-1.0.pom]
Found locally available resource with matching checksum: [https://repo.maven.apache.org/maven2/com/google/guava/listenablefuture/1.0/listenablefuture-1.0.pom, /home/runner/.gradle/caches/modules-2/files-2.1/com.google.guava/listenablefuture/1.0/3e71124fc28b44e29eaa31abbc267faef7ee7d40/listenablefuture-1.0.pom]
Found locally available resource with matching checksum: [https://dl.google.com/dl/android/maven2/androidx/arch/core/core-common/2.1.0/core-common-2.1.0.pom, /home/runner/.gradle/caches/modules-2/files-2.1/androidx.arch.core/core-common/2.1.0/2b3b788454b0aa77266f2ce191eba3a7768678ca/core-common-2.1.0.pom]
Found locally available resource with matching checksum: [https://dl.google.com/dl/android/maven2/androidx/lifecycle/lifecycle-common/2.6.1/lifecycle-common-2.6.1.pom, /home/runner/.gradle/caches/modules-2/files-2.1/androidx.lifecycle/lifecycle-common/2.6.1/5a731c86890c1cbe8d84d5f752221e315fb7ac28/lifecycle-common-2.6.1.pom]
Found locally available resource with matching checksum: [https://dl.google.com/dl/android/maven2/androidx/lifecycle/lifecycle-common/2.6.1/lifecycle-common-2.6.1.module, /home/runner/.gradle/caches/modules-2/files-2.1/androidx.lifecycle/lifecycle-common/2.6.1/4addcb4fe7d7c4b78a3e3900f614ea7b3fae22e6/lifecycle-common-2.6.1.module]
Resource missing. [HTTP HEAD: https://dl.google.com/dl/android/maven2/org/jetbrains/kotlin/kotlin-stdlib-common/1.8.22/kotlin-stdlib-common-1.8.22.pom]
Resource missing. [HTTP HEAD: https://dl.google.com/dl/android/maven2/org/jetbrains/annotations/13.0/annotations-13.0.pom]
Found locally available resource with matching checksum: [https://repo.maven.apache.org/maven2/org/jetbrains/kotlin/kotlin-stdlib-common/1.8.22/kotlin-stdlib-common-1.8.22.pom, /home/runner/.gradle/caches/modules-2/files-2.1/org.jetbrains.kotlin/kotlin-stdlib-common/1.8.22/60260374e015ab548cfbd0dbfb90a0bff6316982/kotlin-stdlib-common-1.8.22.pom]
Found locally available resource with matching checksum: [https://repo.maven.apache.org/maven2/org/jetbrains/annotations/13.0/annotations-13.0.pom, /home/runner/.gradle/caches/modules-2/files-2.1/org.jetbrains/annotations/13.0/fa7d3d07cc80547e2d15bf4839d3267c637c642f/annotations-13.0.pom]
Found locally available resource with matching checksum: [https://dl.google.com/dl/android/maven2/androidx/customview/customview/1.1.0/customview-1.1.0.pom, /home/runner/.gradle/caches/modules-2/files-2.1/androidx.customview/customview/1.1.0/2b33b98e3c4f981405f39fbbbf65645722ebd0c1/customview-1.1.0.pom]
Found locally available resource with matching checksum: [https://dl.google.com/dl/android/maven2/androidx/constraintlayout/constraintlayout-solver/2.0.1/constraintlayout-solver-2.0.1.pom, /home/runner/.gradle/caches/modules-2/files-2.1/androidx.constraintlayout/constraintlayout-solver/2.0.1/3a8549c150dad2b0b248cd589c72bc0020dd8b5f/constraintlayout-solver-2.0.1.pom]
Found locally available resource with matching checksum: [https://dl.google.com/dl/android/maven2/androidx/legacy/legacy-support-core-utils/1.0.0/legacy-support-core-utils-1.0.0.pom, /home/runner/.gradle/caches/modules-2/files-2.1/androidx.legacy/legacy-support-core-utils/1.0.0/838c7839cc6df6d56f594ddc2050bd36f7f0c1f3/legacy-support-core-utils-1.0.0.pom]
Found locally available resource with matching checksum: [https://dl.google.com/dl/android/maven2/androidx/legacy/legacy-support-core-ui/1.0.0/legacy-support-core-ui-1.0.0.pom, /home/runner/.gradle/caches/modules-2/files-2.1/androidx.legacy/legacy-support-core-ui/1.0.0/6bda132303af80266ef7f6d8e86b0712f76f8d28/legacy-support-core-ui-1.0.0.pom]
Found locally available resource with matching checksum: [https://dl.google.com/dl/android/maven2/androidx/recyclerview/recyclerview/1.1.0/recyclerview-1.1.0.pom, /home/runner/.gradle/caches/modules-2/files-2.1/androidx.recyclerview/recyclerview/1.1.0/a058fa06eb843f4ef55d18eea26c0afb7b39213e/recyclerview-1.1.0.pom]
Resource missing. [HTTP HEAD: https://dl.google.com/dl/android/maven2/org/jetbrains/kotlinx/kotlinx-coroutines-android/1.6.4/kotlinx-coroutines-android-1.6.4.pom]
Found locally available resource with matching checksum: [https://repo.maven.apache.org/maven2/org/jetbrains/kotlinx/kotlinx-coroutines-android/1.6.4/kotlinx-coroutines-android-1.6.4.pom, /home/runner/.gradle/caches/modules-2/files-2.1/org.jetbrains.kotlinx/kotlinx-coroutines-android/1.6.4/ee0113f64713ff95a3487c4fcffa063cffc0af5f/kotlinx-coroutines-android-1.6.4.pom]
Resource missing. [HTTP HEAD: https://dl.google.com/dl/android/maven2/org/jetbrains/kotlinx/kotlinx-coroutines-bom/1.6.4/kotlinx-coroutines-bom-1.6.4.pom]
Found locally available resource with matching checksum: [https://repo.maven.apache.org/maven2/org/jetbrains/kotlinx/kotlinx-coroutines-bom/1.6.4/kotlinx-coroutines-bom-1.6.4.pom, /home/runner/.gradle/caches/modules-2/files-2.1/org.jetbrains.kotlinx/kotlinx-coroutines-bom/1.6.4/88f782b09538e0bda7fa5ee6926f102564009bb6/kotlinx-coroutines-bom-1.6.4.pom]
Found locally available resource with matching checksum: [https://repo.maven.apache.org/maven2/org/jetbrains/kotlinx/kotlinx-coroutines-android/1.6.4/kotlinx-coroutines-android-1.6.4.module, /home/runner/.gradle/caches/modules-2/files-2.1/org.jetbrains.kotlinx/kotlinx-coroutines-android/1.6.4/2d4f1251441c613fe829c2d8f360c3023ce2513b/kotlinx-coroutines-android-1.6.4.module]
Found locally available resource with matching checksum: [https://dl.google.com/dl/android/maven2/androidx/annotation/annotation-jvm/1.6.0/annotation-jvm-1.6.0.pom, /home/runner/.gradle/caches/modules-2/files-2.1/androidx.annotation/annotation-jvm/1.6.0/4f2f0d097957ae582b2e67e5ba2aa04af79fc2f4/annotation-jvm-1.6.0.pom]
Found locally available resource with matching checksum: [https://dl.google.com/dl/android/maven2/androidx/annotation/annotation-jvm/1.6.0/annotation-jvm-1.6.0.module, /home/runner/.gradle/caches/modules-2/files-2.1/androidx.annotation/annotation-jvm/1.6.0/2461465166ff8ca842e725bbbfd06d7e551a514e/annotation-jvm-1.6.0.module]
Found locally available resource with matching checksum: [https://dl.google.com/dl/android/maven2/androidx/arch/core/core-common/2.2.0/core-common-2.2.0.pom, /home/runner/.gradle/caches/modules-2/files-2.1/androidx.arch.core/core-common/2.2.0/9627f64db0ba64e3c2432a274b83d23e1c0c627e/core-common-2.2.0.pom]
Found locally available resource with matching checksum: [https://dl.google.com/dl/android/maven2/androidx/arch/core/core-common/2.2.0/core-common-2.2.0.module, /home/runner/.gradle/caches/modules-2/files-2.1/androidx.arch.core/core-common/2.2.0/554b1b2e517c41edccd8caa4cc125f96f8ba4901/core-common-2.2.0.module]
Found locally available resource with matching checksum: [https://dl.google.com/dl/android/maven2/androidx/lifecycle/lifecycle-common/2.6.2/lifecycle-common-2.6.2.pom, /home/runner/.gradle/caches/modules-2/files-2.1/androidx.lifecycle/lifecycle-common/2.6.2/d7d9a39defa00b6c6d3f9a83734a025840b58640/lifecycle-common-2.6.2.pom]
Found locally available resource with matching checksum: [https://dl.google.com/dl/android/maven2/androidx/lifecycle/lifecycle-common/2.6.2/lifecycle-common-2.6.2.module, /home/runner/.gradle/caches/modules-2/files-2.1/androidx.lifecycle/lifecycle-common/2.6.2/47b3e10c38b461d9869d05b3d8b188f2ee088fbe/lifecycle-common-2.6.2.module]
Found locally available resource with matching checksum: [https://dl.google.com/dl/android/maven2/androidx/lifecycle/lifecycle-livedata-core/2.6.2/lifecycle-livedata-core-2.6.2.pom, /home/runner/.gradle/caches/modules-2/files-2.1/androidx.lifecycle/lifecycle-livedata-core/2.6.2/c4e92a29b4a97220adea00883a7956846383bd56/lifecycle-livedata-core-2.6.2.pom]
Found locally available resource with matching checksum: [https://dl.google.com/dl/android/maven2/androidx/lifecycle/lifecycle-livedata-core/2.6.2/lifecycle-livedata-core-2.6.2.module, /home/runner/.gradle/caches/modules-2/files-2.1/androidx.lifecycle/lifecycle-livedata-core/2.6.2/48f0e62f4949aaafbb00356439ef0870e8775fdd/lifecycle-livedata-core-2.6.2.module]
Found locally available resource with matching checksum: [https://dl.google.com/dl/android/maven2/androidx/lifecycle/lifecycle-process/2.6.2/lifecycle-process-2.6.2.pom, /home/runner/.gradle/caches/modules-2/files-2.1/androidx.lifecycle/lifecycle-process/2.6.2/7cb73deb70afa64b2c03c10820689c575219127c/lifecycle-process-2.6.2.pom]
Found locally available resource with matching checksum: [https://dl.google.com/dl/android/maven2/androidx/lifecycle/lifecycle-process/2.6.2/lifecycle-process-2.6.2.module, /home/runner/.gradle/caches/modules-2/files-2.1/androidx.lifecycle/lifecycle-process/2.6.2/7ac00bbd51ec20af55bf84b244828fad878f044d/lifecycle-process-2.6.2.module]
Found locally available resource with matching checksum: [https://dl.google.com/dl/android/maven2/androidx/lifecycle/lifecycle-viewmodel/2.6.2/lifecycle-viewmodel-2.6.2.pom, /home/runner/.gradle/caches/modules-2/files-2.1/androidx.lifecycle/lifecycle-viewmodel/2.6.2/d94e5e6915788e7be05cf1aeb05d588625afea8e/lifecycle-viewmodel-2.6.2.pom]
Found locally available resource with matching checksum: [https://dl.google.com/dl/android/maven2/androidx/lifecycle/lifecycle-viewmodel/2.6.2/lifecycle-viewmodel-2.6.2.module, /home/runner/.gradle/caches/modules-2/files-2.1/androidx.lifecycle/lifecycle-viewmodel/2.6.2/9b673bf89757815a3a03ba7564c393de5b951e5/lifecycle-viewmodel-2.6.2.module]
Found locally available resource with matching checksum: [https://dl.google.com/dl/android/maven2/androidx/lifecycle/lifecycle-viewmodel-savedstate/2.6.2/lifecycle-viewmodel-savedstate-2.6.2.pom, /home/runner/.gradle/caches/modules-2/files-2.1/androidx.lifecycle/lifecycle-viewmodel-savedstate/2.6.2/ccfa104fed1b486a1c3228b9fef199cfe51bd2e6/lifecycle-viewmodel-savedstate-2.6.2.pom]
Found locally available resource with matching checksum: [https://dl.google.com/dl/android/maven2/androidx/lifecycle/lifecycle-viewmodel-savedstate/2.6.2/lifecycle-viewmodel-savedstate-2.6.2.module, /home/runner/.gradle/caches/modules-2/files-2.1/androidx.lifecycle/lifecycle-viewmodel-savedstate/2.6.2/2b62f094dc105003e09b40f159f2d2499d112d85/lifecycle-viewmodel-savedstate-2.6.2.module]
Found locally available resource with matching checksum: [https://dl.google.com/dl/android/maven2/androidx/arch/core/core-runtime/2.2.0/core-runtime-2.2.0.pom, /home/runner/.gradle/caches/modules-2/files-2.1/androidx.arch.core/core-runtime/2.2.0/d9cb0beb2de910cd9922535b6028054786fea928/core-runtime-2.2.0.pom]
Found locally available resource with matching checksum: [https://dl.google.com/dl/android/maven2/androidx/arch/core/core-runtime/2.2.0/core-runtime-2.2.0.module, /home/runner/.gradle/caches/modules-2/files-2.1/androidx.arch.core/core-runtime/2.2.0/d52d6b8999224af5209c9a79d3c7d0e81e32276b/core-runtime-2.2.0.module]
Found locally available resource with matching checksum: [https://dl.google.com/dl/android/maven2/androidx/lifecycle/lifecycle-livedata/2.6.2/lifecycle-livedata-2.6.2.pom, /home/runner/.gradle/caches/modules-2/files-2.1/androidx.lifecycle/lifecycle-livedata/2.6.2/f580539c364992999aa142f4638e37f32059d475/lifecycle-livedata-2.6.2.pom]
Found locally available resource with matching checksum: [https://dl.google.com/dl/android/maven2/androidx/lifecycle/lifecycle-livedata/2.6.2/lifecycle-livedata-2.6.2.module, /home/runner/.gradle/caches/modules-2/files-2.1/androidx.lifecycle/lifecycle-livedata/2.6.2/4eaeeb1433f46a368c228ba58d95fc9c2d23b9b9/lifecycle-livedata-2.6.2.module]
Found locally available resource with matching checksum: [https://dl.google.com/dl/android/maven2/androidx/documentfile/documentfile/1.0.0/documentfile-1.0.0.pom, /home/runner/.gradle/caches/modules-2/files-2.1/androidx.documentfile/documentfile/1.0.0/8cb912559da493946f05d1b5aa17a4b409a3e6eb/documentfile-1.0.0.pom]
Found locally available resource with matching checksum: [https://dl.google.com/dl/android/maven2/androidx/print/print/1.0.0/print-1.0.0.pom, /home/runner/.gradle/caches/modules-2/files-2.1/androidx.print/print/1.0.0/f0031001c95427f3e6a85661f5c3560131ef8145/print-1.0.0.pom]
Found locally available resource with matching checksum: [https://dl.google.com/dl/android/maven2/androidx/localbroadcastmanager/localbroadcastmanager/1.0.0/localbroadcastmanager-1.0.0.pom, /home/runner/.gradle/caches/modules-2/files-2.1/androidx.localbroadcastmanager/localbroadcastmanager/1.0.0/afb1a15f5669db4cc43e19ec2e67e6fb77500234/localbroadcastmanager-1.0.0.pom]
Resource missing. [HTTP HEAD: https://dl.google.com/dl/android/maven2/org/jetbrains/kotlinx/kotlinx-coroutines-core/1.6.4/kotlinx-coroutines-core-1.6.4.pom]
Found locally available resource with matching checksum: [https://repo.maven.apache.org/maven2/org/jetbrains/kotlinx/kotlinx-coroutines-core/1.6.4/kotlinx-coroutines-core-1.6.4.pom, /home/runner/.gradle/caches/modules-2/files-2.1/org.jetbrains.kotlinx/kotlinx-coroutines-core/1.6.4/6aa0f9ae49097dbd15e07cf73994e722528d2ce4/kotlinx-coroutines-core-1.6.4.pom]
Found locally available resource with matching checksum: [https://repo.maven.apache.org/maven2/org/jetbrains/kotlinx/kotlinx-coroutines-core/1.6.4/kotlinx-coroutines-core-1.6.4.module, /home/runner/.gradle/caches/modules-2/files-2.1/org.jetbrains.kotlinx/kotlinx-coroutines-core/1.6.4/b5cc1f448b9f9b916aaaad400c06dc349b76ed1b/kotlinx-coroutines-core-1.6.4.module]
Resource missing. [HTTP HEAD: https://dl.google.com/dl/android/maven2/org/jetbrains/kotlin/kotlin-stdlib-jdk8/1.8.22/kotlin-stdlib-jdk8-1.8.22.pom]
Found locally available resource with matching checksum: [https://repo.maven.apache.org/maven2/org/jetbrains/kotlin/kotlin-stdlib-jdk8/1.8.22/kotlin-stdlib-jdk8-1.8.22.pom, /home/runner/.gradle/caches/modules-2/files-2.1/org.jetbrains.kotlin/kotlin-stdlib-jdk8/1.8.22/3431bd564edf876c06707fda77705c0d70c2eab5/kotlin-stdlib-jdk8-1.8.22.pom]
Resource missing. [HTTP HEAD: https://dl.google.com/dl/android/maven2/org/jetbrains/kotlinx/kotlinx-coroutines-core-jvm/1.6.4/kotlinx-coroutines-core-jvm-1.6.4.pom]
Found locally available resource with matching checksum: [https://repo.maven.apache.org/maven2/org/jetbrains/kotlinx/kotlinx-coroutines-core-jvm/1.6.4/kotlinx-coroutines-core-jvm-1.6.4.pom, /home/runner/.gradle/caches/modules-2/files-2.1/org.jetbrains.kotlinx/kotlinx-coroutines-core-jvm/1.6.4/b7c09a7e50e8d075a6f93bd0ef876cee77f5b158/kotlinx-coroutines-core-jvm-1.6.4.pom]
Found locally available resource with matching checksum: [https://repo.maven.apache.org/maven2/org/jetbrains/kotlinx/kotlinx-coroutines-core-jvm/1.6.4/kotlinx-coroutines-core-jvm-1.6.4.module, /home/runner/.gradle/caches/modules-2/files-2.1/org.jetbrains.kotlinx/kotlinx-coroutines-core-jvm/1.6.4/ba90650d460262c3a1cf001e55b10317a394b174/kotlinx-coroutines-core-jvm-1.6.4.module]
Resource missing. [HTTP HEAD: https://dl.google.com/dl/android/maven2/org/jetbrains/kotlin/kotlin-stdlib-jdk7/1.8.22/kotlin-stdlib-jdk7-1.8.22.pom]
Found locally available resource with matching checksum: [https://repo.maven.apache.org/maven2/org/jetbrains/kotlin/kotlin-stdlib-jdk7/1.8.22/kotlin-stdlib-jdk7-1.8.22.pom, /home/runner/.gradle/caches/modules-2/files-2.1/org.jetbrains.kotlin/kotlin-stdlib-jdk7/1.8.22/4c65e36b2298dd73462a329993522d1cb1ba7c3f/kotlin-stdlib-jdk7-1.8.22.pom]
file or directory '/home/runner/work/smoker-browser/smoker-browser/app/libs', not found
Downloading https://dl.google.com/dl/android/maven2/androidx/databinding/viewbinding/8.7.2/viewbinding-8.7.2.aar to /home/runner/.gradle/.tmp/gradle_download9095176224214731676bin
Transforming viewbinding-8.7.2.aar (androidx.databinding:viewbinding:8.7.2) with JetifyTransform
Caching disabled for JetifyTransform: /home/runner/.gradle/caches/modules-2/files-2.1/androidx.databinding/viewbinding/8.7.2/91e8ac129a066343635f78b59c4b90aee47cbf11/viewbinding-8.7.2.aar because:
  Build cache is disabled
Transforming viewbinding-8.7.2.aar (androidx.databinding:viewbinding:8.7.2) with ExtractAarTransform
Caching disabled for ExtractAarTransform: /home/runner/.gradle/caches/8.9/transforms/01944700b682d0c58a2392a406843656/transformed/jetified-viewbinding-8.7.2.aar because:
  Build cache is disabled
  Caching not enabled.
Found locally available resource with matching checksum: [https://dl.google.com/dl/android/maven2/androidx/appcompat/appcompat-resources/1.7.1/appcompat-resources-1.7.1.aar, /home/runner/.gradle/caches/modules-2/files-2.1/androidx.appcompat/appcompat-resources/1.7.1/a0696fa573503263c7d5570ecd5e6032d397a287/appcompat-resources-1.7.1.aar]
Transforming appcompat-resources-1.7.1.aar (androidx.appcompat:appcompat-resources:1.7.1) with JetifyTransform
Caching disabled for JetifyTransform: /home/runner/.gradle/caches/modules-2/files-2.1/androidx.appcompat/appcompat-resources/1.7.1/a0696fa573503263c7d5570ecd5e6032d397a287/appcompat-resources-1.7.1.aar because:
  Build cache is disabled
Transforming viewbinding-8.7.2.aar (androidx.databinding:viewbinding:8.7.2) with AarTransform
Caching disabled for AarTransform: /home/runner/.gradle/caches/8.9/transforms/bd0f389651f9496192bd337c22c67ae9/transformed/jetified-viewbinding-8.7.2 because:
  Build cache is disabled
  Caching not enabled.
Found locally available resource with matching checksum: [https://dl.google.com/dl/android/maven2/com/google/android/material/material/1.12.0/material-1.12.0.aar, /home/runner/.gradle/caches/modules-2/files-2.1/com.google.android.material/material/1.12.0/e493b7ac7fc4b8ca48527e0199f9961652711ac3/material-1.12.0.aar]
Transforming material-1.12.0.aar (com.google.android.material:material:1.12.0) with JetifyTransform
Found locally available resource with matching checksum: [https://dl.google.com/dl/android/maven2/androidx/constraintlayout/constraintlayout/2.0.1/constraintlayout-2.0.1.aar, /home/runner/.gradle/caches/modules-2/files-2.1/androidx.constraintlayout/constraintlayout/2.0.1/fab633b1873e5c1fbe49d919fab85ed1f8cf47ca/constraintlayout-2.0.1.aar]
Transforming constraintlayout-2.0.1.aar (androidx.constraintlayout:constraintlayout:2.0.1) with JetifyTransform
Caching disabled for JetifyTransform: /home/runner/.gradle/caches/modules-2/files-2.1/com.google.android.material/material/1.12.0/e493b7ac7fc4b8ca48527e0199f9961652711ac3/material-1.12.0.aar because:
  Build cache is disabled
Transforming material-1.12.0.aar (com.google.android.material:material:1.12.0) with ExtractAarTransform
Caching disabled for JetifyTransform: /home/runner/.gradle/caches/modules-2/files-2.1/androidx.constraintlayout/constraintlayout/2.0.1/fab633b1873e5c1fbe49d919fab85ed1f8cf47ca/constraintlayout-2.0.1.aar because:
  Build cache is disabled
Transforming constraintlayout-2.0.1.aar (androidx.constraintlayout:constraintlayout:2.0.1) with ExtractAarTransform
Transforming appcompat-resources-1.7.1.aar (androidx.appcompat:appcompat-resources:1.7.1) with ExtractAarTransform
Caching disabled for ExtractAarTransform: /home/runner/.gradle/caches/8.9/transforms/83dd552df7ef106cbeeb97e91709007f/transformed/jetified-appcompat-resources-1.7.1.aar because:
  Build cache is disabled
  Caching not enabled.
Transforming appcompat-resources-1.7.1.aar (androidx.appcompat:appcompat-resources:1.7.1) with AarTransform
Caching disabled for ExtractAarTransform: /home/runner/.gradle/caches/modules-2/files-2.1/androidx.constraintlayout/constraintlayout/2.0.1/fab633b1873e5c1fbe49d919fab85ed1f8cf47ca/constraintlayout-2.0.1.aar because:
  Build cache is disabled
  Caching not enabled.
Caching disabled for AarTransform: /home/runner/.gradle/caches/8.9/transforms/223cc6b681cd5cd5a7b81a26fda8f8dd/transformed/jetified-appcompat-resources-1.7.1 because:
  Build cache is disabled
  Caching not enabled.
Transforming constraintlayout-2.0.1.aar (androidx.constraintlayout:constraintlayout:2.0.1) with AarTransform
Caching disabled for AarTransform: /home/runner/.gradle/caches/8.9/transforms/feb4f85dfd91f72f46e03c4ac10ae1af/transformed/constraintlayout-2.0.1 because:
  Build cache is disabled
  Caching not enabled.
Caching disabled for ExtractAarTransform: /home/runner/.gradle/caches/modules-2/files-2.1/com.google.android.material/material/1.12.0/e493b7ac7fc4b8ca48527e0199f9961652711ac3/material-1.12.0.aar because:
  Build cache is disabled
  Caching not enabled.
Found locally available resource with matching checksum: [https://dl.google.com/dl/android/maven2/androidx/appcompat/appcompat/1.7.1/appcompat-1.7.1.aar, /home/runner/.gradle/caches/modules-2/files-2.1/androidx.appcompat/appcompat/1.7.1/6c5b56046c7b08e7bf94b6dd14cb616453e6be11/appcompat-1.7.1.aar]
Transforming appcompat-1.7.1.aar (androidx.appcompat:appcompat:1.7.1) with JetifyTransform
Caching disabled for JetifyTransform: /home/runner/.gradle/caches/modules-2/files-2.1/androidx.appcompat/appcompat/1.7.1/6c5b56046c7b08e7bf94b6dd14cb616453e6be11/appcompat-1.7.1.aar because:
  Build cache is disabled
Transforming appcompat-1.7.1.aar (androidx.appcompat:appcompat:1.7.1) with ExtractAarTransform
Caching disabled for ExtractAarTransform: /home/runner/.gradle/caches/modules-2/files-2.1/androidx.appcompat/appcompat/1.7.1/6c5b56046c7b08e7bf94b6dd14cb616453e6be11/appcompat-1.7.1.aar because:
  Build cache is disabled
  Caching not enabled.
Found locally available resource with matching checksum: [https://dl.google.com/dl/android/maven2/androidx/cardview/cardview/1.0.0/cardview-1.0.0.aar, /home/runner/.gradle/caches/modules-2/files-2.1/androidx.cardview/cardview/1.0.0/158dbc2e2bc502815821191b04446b8f663c1874/cardview-1.0.0.aar]
Transforming cardview-1.0.0.aar (androidx.cardview:cardview:1.0.0) with JetifyTransform
Caching disabled for JetifyTransform: /home/runner/.gradle/caches/modules-2/files-2.1/androidx.cardview/cardview/1.0.0/158dbc2e2bc502815821191b04446b8f663c1874/cardview-1.0.0.aar because:
  Build cache is disabled
Transforming cardview-1.0.0.aar (androidx.cardview:cardview:1.0.0) with ExtractAarTransform
Caching disabled for ExtractAarTransform: /home/runner/.gradle/caches/modules-2/files-2.1/androidx.cardview/cardview/1.0.0/158dbc2e2bc502815821191b04446b8f663c1874/cardview-1.0.0.aar because:
  Build cache is disabled
  Caching not enabled.
Transforming cardview-1.0.0.aar (androidx.cardview:cardview:1.0.0) with AarTransform
Caching disabled for AarTransform: /home/runner/.gradle/caches/8.9/transforms/49ecf135d4e3d803ddc6d648e8e2d454/transformed/cardview-1.0.0 because:
  Build cache is disabled
  Caching not enabled.
Found locally available resource with matching checksum: [https://dl.google.com/dl/android/maven2/androidx/swiperefreshlayout/swiperefreshlayout/1.1.0/swiperefreshlayout-1.1.0.aar, /home/runner/.gradle/caches/modules-2/files-2.1/androidx.swiperefreshlayout/swiperefreshlayout/1.1.0/2aeac64056fe6cc0420afad0b699a7f9257b8ebe/swiperefreshlayout-1.1.0.aar]
Transforming swiperefreshlayout-1.1.0.aar (androidx.swiperefreshlayout:swiperefreshlayout:1.1.0) with JetifyTransform
Caching disabled for JetifyTransform: /home/runner/.gradle/caches/modules-2/files-2.1/androidx.swiperefreshlayout/swiperefreshlayout/1.1.0/2aeac64056fe6cc0420afad0b699a7f9257b8ebe/swiperefreshlayout-1.1.0.aar because:
  Build cache is disabled
Transforming material-1.12.0.aar (com.google.android.material:material:1.12.0) with AarTransform
Transforming swiperefreshlayout-1.1.0.aar (androidx.swiperefreshlayout:swiperefreshlayout:1.1.0) with ExtractAarTransform
Caching disabled for ExtractAarTransform: /home/runner/.gradle/caches/modules-2/files-2.1/androidx.swiperefreshlayout/swiperefreshlayout/1.1.0/2aeac64056fe6cc0420afad0b699a7f9257b8ebe/swiperefreshlayout-1.1.0.aar because:
  Build cache is disabled
  Caching not enabled.
Found locally available resource with matching checksum: [https://dl.google.com/dl/android/maven2/androidx/viewpager2/viewpager2/1.0.0/viewpager2-1.0.0.aar, /home/runner/.gradle/caches/modules-2/files-2.1/androidx.viewpager2/viewpager2/1.0.0/91c378a09ddff66e1bb73e90edeac53487d2832b/viewpager2-1.0.0.aar]
Transforming viewpager2-1.0.0.aar (androidx.viewpager2:viewpager2:1.0.0) with JetifyTransform
Transforming swiperefreshlayout-1.1.0.aar (androidx.swiperefreshlayout:swiperefreshlayout:1.1.0) with AarTransform
Caching disabled for JetifyTransform: /home/runner/.gradle/caches/modules-2/files-2.1/androidx.viewpager2/viewpager2/1.0.0/91c378a09ddff66e1bb73e90edeac53487d2832b/viewpager2-1.0.0.aar because:
  Build cache is disabled
Caching disabled for AarTransform: /home/runner/.gradle/caches/8.9/transforms/8e7f44c465a91614de2f5af3a62f8a50/transformed/swiperefreshlayout-1.1.0 because:
  Build cache is disabled
  Caching not enabled.
Transforming appcompat-1.7.1.aar (androidx.appcompat:appcompat:1.7.1) with AarTransform
Transforming viewpager2-1.0.0.aar (androidx.viewpager2:viewpager2:1.0.0) with ExtractAarTransform
Caching disabled for ExtractAarTransform: /home/runner/.gradle/caches/8.9/transforms/45fbcaae70b2a3e9d67b9bc693f62c98/transformed/jetified-viewpager2-1.0.0.aar because:
  Build cache is disabled
  Caching not enabled.
Transforming viewpager2-1.0.0.aar (androidx.viewpager2:viewpager2:1.0.0) with AarTransform
Caching disabled for AarTransform: /home/runner/.gradle/caches/8.9/transforms/0040263336a7001c4c99789f733fe0bf/transformed/jetified-viewpager2-1.0.0 because:
  Build cache is disabled
  Caching not enabled.
Caching disabled for AarTransform: /home/runner/.gradle/caches/8.9/transforms/89cb9b3d1cdd26c97a47967f5d3f52fe/transformed/appcompat-1.7.1 because:
  Build cache is disabled
  Caching not enabled.
Caching disabled for AarTransform: /home/runner/.gradle/caches/8.9/transforms/6df8cd1b45d23a4579db10a5888dffcb/transformed/material-1.12.0 because:
  Build cache is disabled
  Caching not enabled.
Found locally available resource with matching checksum: [https://dl.google.com/dl/android/maven2/androidx/fragment/fragment/1.5.4/fragment-1.5.4.aar, /home/runner/.gradle/caches/modules-2/files-2.1/androidx.fragment/fragment/1.5.4/de58ea6b5ffbf3ede9ba6919eb448e23353f1e19/fragment-1.5.4.aar]
Transforming fragment-1.5.4.aar (androidx.fragment:fragment:1.5.4) with JetifyTransform
Transforming fragment-1.5.4.aar (androidx.fragment:fragment:1.5.4) with JetifyTransform
Caching disabled for JetifyTransform: /home/runner/.gradle/caches/modules-2/files-2.1/androidx.fragment/fragment/1.5.4/de58ea6b5ffbf3ede9ba6919eb448e23353f1e19/fragment-1.5.4.aar because:
  Build cache is disabled
Transforming fragment-1.5.4.aar (androidx.fragment:fragment:1.5.4) with ExtractAarTransform
Transforming fragment-1.5.4.aar (androidx.fragment:fragment:1.5.4) with ExtractAarTransform
Caching disabled for ExtractAarTransform: /home/runner/.gradle/caches/modules-2/files-2.1/androidx.fragment/fragment/1.5.4/de58ea6b5ffbf3ede9ba6919eb448e23353f1e19/fragment-1.5.4.aar because:
  Build cache is disabled
  Caching not enabled.
Transforming fragment-1.5.4.aar (androidx.fragment:fragment:1.5.4) with AarTransform
Transforming fragment-1.5.4.aar (androidx.fragment:fragment:1.5.4) with AarTransform
Caching disabled for AarTransform: /home/runner/.gradle/caches/8.9/transforms/87537a02a099b0a726555e40de89098f/transformed/fragment-1.5.4 because:
  Build cache is disabled
  Caching not enabled.
Found locally available resource with matching checksum: [https://dl.google.com/dl/android/maven2/androidx/drawerlayout/drawerlayout/1.1.1/drawerlayout-1.1.1.aar, /home/runner/.gradle/caches/modules-2/files-2.1/androidx.drawerlayout/drawerlayout/1.1.1/1b2b049e1e88589510ddd4d93f2699b46ecd73dd/drawerlayout-1.1.1.aar]
Transforming drawerlayout-1.1.1.aar (androidx.drawerlayout:drawerlayout:1.1.1) with JetifyTransform
Caching disabled for JetifyTransform: /home/runner/.gradle/caches/modules-2/files-2.1/androidx.drawerlayout/drawerlayout/1.1.1/1b2b049e1e88589510ddd4d93f2699b46ecd73dd/drawerlayout-1.1.1.aar because:
  Build cache is disabled
Transforming drawerlayout-1.1.1.aar (androidx.drawerlayout:drawerlayout:1.1.1) with ExtractAarTransform
Caching disabled for ExtractAarTransform: /home/runner/.gradle/caches/modules-2/files-2.1/androidx.drawerlayout/drawerlayout/1.1.1/1b2b049e1e88589510ddd4d93f2699b46ecd73dd/drawerlayout-1.1.1.aar because:
  Build cache is disabled
  Caching not enabled.
Transforming drawerlayout-1.1.1.aar (androidx.drawerlayout:drawerlayout:1.1.1) with AarTransform
Caching disabled for AarTransform: /home/runner/.gradle/caches/8.9/transforms/0f502e0b8b835dbb1b6f26efd1a62317/transformed/drawerlayout-1.1.1 because:
  Build cache is disabled
  Caching not enabled.
Found locally available resource with matching checksum: [https://dl.google.com/dl/android/maven2/androidx/activity/activity/1.8.0/activity-1.8.0.aar, /home/runner/.gradle/caches/modules-2/files-2.1/androidx.activity/activity/1.8.0/4266e2118d565daa20212d1726e11f41e1a4d0ca/activity-1.8.0.aar]
Transforming activity-1.8.0.aar (androidx.activity:activity:1.8.0) with JetifyTransform
Caching disabled for JetifyTransform: /home/runner/.gradle/caches/modules-2/files-2.1/androidx.activity/activity/1.8.0/4266e2118d565daa20212d1726e11f41e1a4d0ca/activity-1.8.0.aar because:
  Build cache is disabled
Found locally available resource with matching checksum: [https://dl.google.com/dl/android/maven2/androidx/dynamicanimation/dynamicanimation/1.0.0/dynamicanimation-1.0.0.aar, /home/runner/.gradle/caches/modules-2/files-2.1/androidx.dynamicanimation/dynamicanimation/1.0.0/e980497a58fb319d471f3bb78d066b926a08ba8e/dynamicanimation-1.0.0.aar]
Transforming dynamicanimation-1.0.0.aar (androidx.dynamicanimation:dynamicanimation:1.0.0) with JetifyTransform
Caching disabled for JetifyTransform: /home/runner/.gradle/caches/modules-2/files-2.1/androidx.dynamicanimation/dynamicanimation/1.0.0/e980497a58fb319d471f3bb78d066b926a08ba8e/dynamicanimation-1.0.0.aar because:
  Build cache is disabled
Transforming dynamicanimation-1.0.0.aar (androidx.dynamicanimation:dynamicanimation:1.0.0) with ExtractAarTransform
Found locally available resource with matching checksum: [https://dl.google.com/dl/android/maven2/androidx/coordinatorlayout/coordinatorlayout/1.1.0/coordinatorlayout-1.1.0.aar, /home/runner/.gradle/caches/modules-2/files-2.1/androidx.coordinatorlayout/coordinatorlayout/1.1.0/8eeb7baf75b9595d017642a460df5af3bb9fa4e1/coordinatorlayout-1.1.0.aar]
Transforming coordinatorlayout-1.1.0.aar (androidx.coordinatorlayout:coordinatorlayout:1.1.0) with JetifyTransform
Caching disabled for JetifyTransform: /home/runner/.gradle/caches/modules-2/files-2.1/androidx.coordinatorlayout/coordinatorlayout/1.1.0/8eeb7baf75b9595d017642a460df5af3bb9fa4e1/coordinatorlayout-1.1.0.aar because:
  Build cache is disabled
Caching disabled for ExtractAarTransform: /home/runner/.gradle/caches/modules-2/files-2.1/androidx.dynamicanimation/dynamicanimation/1.0.0/e980497a58fb319d471f3bb78d066b926a08ba8e/dynamicanimation-1.0.0.aar because:
  Build cache is disabled
  Caching not enabled.
Transforming coordinatorlayout-1.1.0.aar (androidx.coordinatorlayout:coordinatorlayout:1.1.0) with ExtractAarTransform
Caching disabled for ExtractAarTransform: /home/runner/.gradle/caches/modules-2/files-2.1/androidx.coordinatorlayout/coordinatorlayout/1.1.0/8eeb7baf75b9595d017642a460df5af3bb9fa4e1/coordinatorlayout-1.1.0.aar because:
  Build cache is disabled
  Caching not enabled.
Transforming dynamicanimation-1.0.0.aar (androidx.dynamicanimation:dynamicanimation:1.0.0) with AarTransform
Caching disabled for AarTransform: /home/runner/.gradle/caches/8.9/transforms/a98ab41f04f2b70b9136868ddc3c6988/transformed/dynamicanimation-1.0.0 because:
  Build cache is disabled
  Caching not enabled.
Transforming activity-1.8.0.aar (androidx.activity:activity:1.8.0) with ExtractAarTransform
Transforming coordinatorlayout-1.1.0.aar (androidx.coordinatorlayout:coordinatorlayout:1.1.0) with AarTransform
Caching disabled for AarTransform: /home/runner/.gradle/caches/8.9/transforms/43a21389397008df984784051cd39a6b/transformed/coordinatorlayout-1.1.0 because:
  Build cache is disabled
  Caching not enabled.
Caching disabled for ExtractAarTransform: /home/runner/.gradle/caches/8.9/transforms/e8b3be53221959a6c627a2cdb9ec8281/transformed/jetified-activity-1.8.0.aar because:
  Build cache is disabled
  Caching not enabled.
Transforming activity-1.8.0.aar (androidx.activity:activity:1.8.0) with AarTransform
Caching disabled for AarTransform: /home/runner/.gradle/caches/8.9/transforms/8562a75cda5f6922af2749efd5668243/transformed/jetified-activity-1.8.0 because:
  Build cache is disabled
  Caching not enabled.
Found locally available resource with matching checksum: [https://dl.google.com/dl/android/maven2/androidx/recyclerview/recyclerview/1.1.0/recyclerview-1.1.0.aar, /home/runner/.gradle/caches/modules-2/files-2.1/androidx.recyclerview/recyclerview/1.1.0/8b4f97752ddcbc712af46d208aebd46585cde63b/recyclerview-1.1.0.aar]
Transforming recyclerview-1.1.0.aar (androidx.recyclerview:recyclerview:1.1.0) with JetifyTransform
Transforming recyclerview-1.1.0.aar (androidx.recyclerview:recyclerview:1.1.0) with JetifyTransform
Caching disabled for JetifyTransform: /home/runner/.gradle/caches/modules-2/files-2.1/androidx.recyclerview/recyclerview/1.1.0/8b4f97752ddcbc712af46d208aebd46585cde63b/recyclerview-1.1.0.aar because:
  Build cache is disabled
Transforming recyclerview-1.1.0.aar (androidx.recyclerview:recyclerview:1.1.0) with ExtractAarTransform
Transforming recyclerview-1.1.0.aar (androidx.recyclerview:recyclerview:1.1.0) with ExtractAarTransform
Caching disabled for ExtractAarTransform: /home/runner/.gradle/caches/modules-2/files-2.1/androidx.recyclerview/recyclerview/1.1.0/8b4f97752ddcbc712af46d208aebd46585cde63b/recyclerview-1.1.0.aar because:
  Build cache is disabled
  Caching not enabled.
Found locally available resource with matching checksum: [https://dl.google.com/dl/android/maven2/androidx/transition/transition/1.5.0/transition-1.5.0.aar, /home/runner/.gradle/caches/modules-2/files-2.1/androidx.transition/transition/1.5.0/747173f40c7d98cdb6890a25aa60edcbefeb9c95/transition-1.5.0.aar]
Transforming transition-1.5.0.aar (androidx.transition:transition:1.5.0) with JetifyTransform
Caching disabled for JetifyTransform: /home/runner/.gradle/caches/modules-2/files-2.1/androidx.transition/transition/1.5.0/747173f40c7d98cdb6890a25aa60edcbefeb9c95/transition-1.5.0.aar because:
  Build cache is disabled
Transforming transition-1.5.0.aar (androidx.transition:transition:1.5.0) with ExtractAarTransform
Transforming recyclerview-1.1.0.aar (androidx.recyclerview:recyclerview:1.1.0) with AarTransform
Transforming recyclerview-1.1.0.aar (androidx.recyclerview:recyclerview:1.1.0) with AarTransform
Caching disabled for ExtractAarTransform: /home/runner/.gradle/caches/modules-2/files-2.1/androidx.transition/transition/1.5.0/747173f40c7d98cdb6890a25aa60edcbefeb9c95/transition-1.5.0.aar because:
  Build cache is disabled
  Caching not enabled.
Caching disabled for AarTransform: /home/runner/.gradle/caches/8.9/transforms/6d4ea35faec5ef91dbb4f282b1b6ffbf/transformed/recyclerview-1.1.0 because:
  Build cache is disabled
  Caching not enabled.
Transforming transition-1.5.0.aar (androidx.transition:transition:1.5.0) with AarTransform
Caching disabled for AarTransform: /home/runner/.gradle/caches/8.9/transforms/36c5ec91343febb991bb38bfc7f58c4c/transformed/transition-1.5.0 because:
  Build cache is disabled
  Caching not enabled.
Found locally available resource with matching checksum: [https://dl.google.com/dl/android/maven2/androidx/vectordrawable/vectordrawable-animated/1.1.0/vectordrawable-animated-1.1.0.aar, /home/runner/.gradle/caches/modules-2/files-2.1/androidx.vectordrawable/vectordrawable-animated/1.1.0/fcda1161354501471c30a4e077af6b5c4d4eddc6/vectordrawable-animated-1.1.0.aar]
Transforming vectordrawable-animated-1.1.0.aar (androidx.vectordrawable:vectordrawable-animated:1.1.0) with JetifyTransform
Caching disabled for JetifyTransform: /home/runner/.gradle/caches/modules-2/files-2.1/androidx.vectordrawable/vectordrawable-animated/1.1.0/fcda1161354501471c30a4e077af6b5c4d4eddc6/vectordrawable-animated-1.1.0.aar because:
  Build cache is disabled
Transforming vectordrawable-animated-1.1.0.aar (androidx.vectordrawable:vectordrawable-animated:1.1.0) with ExtractAarTransform
Caching disabled for ExtractAarTransform: /home/runner/.gradle/caches/modules-2/files-2.1/androidx.vectordrawable/vectordrawable-animated/1.1.0/fcda1161354501471c30a4e077af6b5c4d4eddc6/vectordrawable-animated-1.1.0.aar because:
  Build cache is disabled
  Caching not enabled.
Transforming vectordrawable-animated-1.1.0.aar (androidx.vectordrawable:vectordrawable-animated:1.1.0) with AarTransform
Caching disabled for AarTransform: /home/runner/.gradle/caches/8.9/transforms/30fba741f8e98cb753260dbf350d5148/transformed/vectordrawable-animated-1.1.0 because:
  Build cache is disabled
  Caching not enabled.
Found locally available resource with matching checksum: [https://dl.google.com/dl/android/maven2/androidx/vectordrawable/vectordrawable/1.1.0/vectordrawable-1.1.0.aar, /home/runner/.gradle/caches/modules-2/files-2.1/androidx.vectordrawable/vectordrawable/1.1.0/eac7a364fff534035a2a6cb17770a1288315f69f/vectordrawable-1.1.0.aar]
Found locally available resource with matching checksum: [https://dl.google.com/dl/android/maven2/androidx/customview/customview/1.1.0/customview-1.1.0.aar, /home/runner/.gradle/caches/modules-2/files-2.1/androidx.customview/customview/1.1.0/a030aaf64c5419a89f7d91a33755c4629a43471/customview-1.1.0.aar]
Transforming vectordrawable-1.1.0.aar (androidx.vectordrawable:vectordrawable:1.1.0) with JetifyTransform
Transforming customview-1.1.0.aar (androidx.customview:customview:1.1.0) with JetifyTransform
Transforming vectordrawable-1.1.0.aar (androidx.vectordrawable:vectordrawable:1.1.0) with JetifyTransform
Caching disabled for JetifyTransform: /home/runner/.gradle/caches/modules-2/files-2.1/androidx.vectordrawable/vectordrawable/1.1.0/eac7a364fff534035a2a6cb17770a1288315f69f/vectordrawable-1.1.0.aar because:
  Build cache is disabled
Caching disabled for JetifyTransform: /home/runner/.gradle/caches/modules-2/files-2.1/androidx.customview/customview/1.1.0/a030aaf64c5419a89f7d91a33755c4629a43471/customview-1.1.0.aar because:
  Build cache is disabled
Transforming customview-1.1.0.aar (androidx.customview:customview:1.1.0) with ExtractAarTransform
Caching disabled for ExtractAarTransform: /home/runner/.gradle/caches/modules-2/files-2.1/androidx.customview/customview/1.1.0/a030aaf64c5419a89f7d91a33755c4629a43471/customview-1.1.0.aar because:
  Build cache is disabled
  Caching not enabled.
Transforming vectordrawable-1.1.0.aar (androidx.vectordrawable:vectordrawable:1.1.0) with ExtractAarTransform
Transforming vectordrawable-1.1.0.aar (androidx.vectordrawable:vectordrawable:1.1.0) with ExtractAarTransform
Caching disabled for ExtractAarTransform: /home/runner/.gradle/caches/modules-2/files-2.1/androidx.vectordrawable/vectordrawable/1.1.0/eac7a364fff534035a2a6cb17770a1288315f69f/vectordrawable-1.1.0.aar because:
  Build cache is disabled
  Caching not enabled.
Transforming customview-1.1.0.aar (androidx.customview:customview:1.1.0) with AarTransform
Caching disabled for AarTransform: /home/runner/.gradle/caches/8.9/transforms/683e6a8bc3e17246566ffef111d7b2ff/transformed/customview-1.1.0 because:
  Build cache is disabled
  Caching not enabled.
Transforming vectordrawable-1.1.0.aar (androidx.vectordrawable:vectordrawable:1.1.0) with AarTransform
Transforming vectordrawable-1.1.0.aar (androidx.vectordrawable:vectordrawable:1.1.0) with AarTransform
Caching disabled for AarTransform: /home/runner/.gradle/caches/8.9/transforms/ba0144e1eaeacaff4f5b3a717a34c7be/transformed/vectordrawable-1.1.0 because:
  Build cache is disabled
  Caching not enabled.
Found locally available resource with matching checksum: [https://dl.google.com/dl/android/maven2/androidx/viewpager/viewpager/1.0.0/viewpager-1.0.0.aar, /home/runner/.gradle/caches/modules-2/files-2.1/androidx.viewpager/viewpager/1.0.0/1f90e13820f96c2fb868f9674079a551678d68b2/viewpager-1.0.0.aar]
Transforming viewpager-1.0.0.aar (androidx.viewpager:viewpager:1.0.0) with JetifyTransform
Caching disabled for JetifyTransform: /home/runner/.gradle/caches/modules-2/files-2.1/androidx.viewpager/viewpager/1.0.0/1f90e13820f96c2fb868f9674079a551678d68b2/viewpager-1.0.0.aar because:
  Build cache is disabled
Transforming viewpager-1.0.0.aar (androidx.viewpager:viewpager:1.0.0) with ExtractAarTransform
Caching disabled for ExtractAarTransform: /home/runner/.gradle/caches/modules-2/files-2.1/androidx.viewpager/viewpager/1.0.0/1f90e13820f96c2fb868f9674079a551678d68b2/viewpager-1.0.0.aar because:
  Build cache is disabled
  Caching not enabled.
Transforming viewpager-1.0.0.aar (androidx.viewpager:viewpager:1.0.0) with AarTransform
Caching disabled for AarTransform: /home/runner/.gradle/caches/8.9/transforms/10ee40a6142a5042899ff73fe04c5d8b/transformed/viewpager-1.0.0 because:
  Build cache is disabled
  Caching not enabled.
Found locally available resource with matching checksum: [https://dl.google.com/dl/android/maven2/androidx/legacy/legacy-support-core-utils/1.0.0/legacy-support-core-utils-1.0.0.aar, /home/runner/.gradle/caches/modules-2/files-2.1/androidx.legacy/legacy-support-core-utils/1.0.0/9b9570042115da8629519090dfeb71df75da59fc/legacy-support-core-utils-1.0.0.aar]
Transforming legacy-support-core-utils-1.0.0.aar (androidx.legacy:legacy-support-core-utils:1.0.0) with JetifyTransform
Caching disabled for JetifyTransform: /home/runner/.gradle/caches/modules-2/files-2.1/androidx.legacy/legacy-support-core-utils/1.0.0/9b9570042115da8629519090dfeb71df75da59fc/legacy-support-core-utils-1.0.0.aar because:
  Build cache is disabled
Transforming legacy-support-core-utils-1.0.0.aar (androidx.legacy:legacy-support-core-utils:1.0.0) with ExtractAarTransform
Caching disabled for ExtractAarTransform: /home/runner/.gradle/caches/modules-2/files-2.1/androidx.legacy/legacy-support-core-utils/1.0.0/9b9570042115da8629519090dfeb71df75da59fc/legacy-support-core-utils-1.0.0.aar because:
  Build cache is disabled
  Caching not enabled.
Transforming legacy-support-core-utils-1.0.0.aar (androidx.legacy:legacy-support-core-utils:1.0.0) with AarTransform
Caching disabled for AarTransform: /home/runner/.gradle/caches/8.9/transforms/97fac01138fa0ca98836a6c0952c726f/transformed/legacy-support-core-utils-1.0.0 because:
  Build cache is disabled
  Caching not enabled.
Found locally available resource with matching checksum: [https://dl.google.com/dl/android/maven2/androidx/lifecycle/lifecycle-livedata/2.6.2/lifecycle-livedata-2.6.2.aar, /home/runner/.gradle/caches/modules-2/files-2.1/androidx.lifecycle/lifecycle-livedata/2.6.2/e7f6d9e232bf035af69c030917c1ccda8e840b57/lifecycle-livedata-2.6.2.aar]
Transforming lifecycle-livedata-2.6.2.aar (androidx.lifecycle:lifecycle-livedata:2.6.2) with JetifyTransform
Caching disabled for JetifyTransform: /home/runner/.gradle/caches/modules-2/files-2.1/androidx.lifecycle/lifecycle-livedata/2.6.2/e7f6d9e232bf035af69c030917c1ccda8e840b57/lifecycle-livedata-2.6.2.aar because:
  Build cache is disabled
Transforming lifecycle-livedata-2.6.2.aar (androidx.lifecycle:lifecycle-livedata:2.6.2) with ExtractAarTransform
Caching disabled for ExtractAarTransform: /home/runner/.gradle/caches/modules-2/files-2.1/androidx.lifecycle/lifecycle-livedata/2.6.2/e7f6d9e232bf035af69c030917c1ccda8e840b57/lifecycle-livedata-2.6.2.aar because:
  Build cache is disabled
  Caching not enabled.
Transforming lifecycle-livedata-2.6.2.aar (androidx.lifecycle:lifecycle-livedata:2.6.2) with AarTransform
Caching disabled for AarTransform: /home/runner/.gradle/caches/8.9/transforms/af1ec8159a9125a15e0ff13e4d318e0c/transformed/lifecycle-livedata-2.6.2 because:
  Build cache is disabled
  Caching not enabled.
Found locally available resource with matching checksum: [https://dl.google.com/dl/android/maven2/androidx/loader/loader/1.0.0/loader-1.0.0.aar, /home/runner/.gradle/caches/modules-2/files-2.1/androidx.loader/loader/1.0.0/8af8b6cec0da85c207d03e15840e0722cbc71e70/loader-1.0.0.aar]
Transforming loader-1.0.0.aar (androidx.loader:loader:1.0.0) with JetifyTransform
Transforming loader-1.0.0.aar (androidx.loader:loader:1.0.0) with JetifyTransform
Caching disabled for JetifyTransform: /home/runner/.gradle/caches/modules-2/files-2.1/androidx.loader/loader/1.0.0/8af8b6cec0da85c207d03e15840e0722cbc71e70/loader-1.0.0.aar because:
  Build cache is disabled
Transforming loader-1.0.0.aar (androidx.loader:loader:1.0.0) with ExtractAarTransform
Transforming loader-1.0.0.aar (androidx.loader:loader:1.0.0) with ExtractAarTransform
Caching disabled for ExtractAarTransform: /home/runner/.gradle/caches/modules-2/files-2.1/androidx.loader/loader/1.0.0/8af8b6cec0da85c207d03e15840e0722cbc71e70/loader-1.0.0.aar because:
  Build cache is disabled
  Caching not enabled.
Transforming loader-1.0.0.aar (androidx.loader:loader:1.0.0) with AarTransform
Transforming loader-1.0.0.aar (androidx.loader:loader:1.0.0) with AarTransform
Caching disabled for AarTransform: /home/runner/.gradle/caches/8.9/transforms/d484ffba6ed6b8298693d91d630519be/transformed/loader-1.0.0 because:
  Build cache is disabled
  Caching not enabled.
Found locally available resource with matching checksum: [https://dl.google.com/dl/android/maven2/androidx/lifecycle/lifecycle-livedata-core/2.6.2/lifecycle-livedata-core-2.6.2.aar, /home/runner/.gradle/caches/modules-2/files-2.1/androidx.lifecycle/lifecycle-livedata-core/2.6.2/23f66885a260f0a2cd6540927ea8795484afd2da/lifecycle-livedata-core-2.6.2.aar]
Transforming lifecycle-livedata-core-2.6.2.aar (androidx.lifecycle:lifecycle-livedata-core:2.6.2) with JetifyTransform
Caching disabled for JetifyTransform: /home/runner/.gradle/caches/modules-2/files-2.1/androidx.lifecycle/lifecycle-livedata-core/2.6.2/23f66885a260f0a2cd6540927ea8795484afd2da/lifecycle-livedata-core-2.6.2.aar because:
  Build cache is disabled
Transforming lifecycle-livedata-core-2.6.2.aar (androidx.lifecycle:lifecycle-livedata-core:2.6.2) with ExtractAarTransform
Caching disabled for ExtractAarTransform: /home/runner/.gradle/caches/modules-2/files-2.1/androidx.lifecycle/lifecycle-livedata-core/2.6.2/23f66885a260f0a2cd6540927ea8795484afd2da/lifecycle-livedata-core-2.6.2.aar because:
  Build cache is disabled
  Caching not enabled.
Transforming lifecycle-livedata-core-2.6.2.aar (androidx.lifecycle:lifecycle-livedata-core:2.6.2) with AarTransform
Caching disabled for AarTransform: /home/runner/.gradle/caches/8.9/transforms/a8221c4a062845a1dc7c70c66d0e4a4e/transformed/lifecycle-livedata-core-2.6.2 because:
  Build cache is disabled
  Caching not enabled.
Found locally available resource with matching checksum: [https://dl.google.com/dl/android/maven2/androidx/lifecycle/lifecycle-viewmodel/2.6.2/lifecycle-viewmodel-2.6.2.aar, /home/runner/.gradle/caches/modules-2/files-2.1/androidx.lifecycle/lifecycle-viewmodel/2.6.2/fa35bfdbbe0e7df1573e377cbdd15de35176141d/lifecycle-viewmodel-2.6.2.aar]
Transforming lifecycle-viewmodel-2.6.2.aar (androidx.lifecycle:lifecycle-viewmodel:2.6.2) with JetifyTransform
Transforming lifecycle-viewmodel-2.6.2.aar (androidx.lifecycle:lifecycle-viewmodel:2.6.2) with JetifyTransform
Caching disabled for JetifyTransform: /home/runner/.gradle/caches/modules-2/files-2.1/androidx.lifecycle/lifecycle-viewmodel/2.6.2/fa35bfdbbe0e7df1573e377cbdd15de35176141d/lifecycle-viewmodel-2.6.2.aar because:
  Build cache is disabled
Transforming lifecycle-viewmodel-2.6.2.aar (androidx.lifecycle:lifecycle-viewmodel:2.6.2) with ExtractAarTransform
Transforming lifecycle-viewmodel-2.6.2.aar (androidx.lifecycle:lifecycle-viewmodel:2.6.2) with ExtractAarTransform
Caching disabled for ExtractAarTransform: /home/runner/.gradle/caches/modules-2/files-2.1/androidx.lifecycle/lifecycle-viewmodel/2.6.2/fa35bfdbbe0e7df1573e377cbdd15de35176141d/lifecycle-viewmodel-2.6.2.aar because:
  Build cache is disabled
  Caching not enabled.
Found locally available resource with matching checksum: [https://dl.google.com/dl/android/maven2/androidx/lifecycle/lifecycle-runtime/2.6.2/lifecycle-runtime-2.6.2.aar, /home/runner/.gradle/caches/modules-2/files-2.1/androidx.lifecycle/lifecycle-runtime/2.6.2/f0ef27053faa89b3ec06c4f118cea0a15edde35b/lifecycle-runtime-2.6.2.aar]
Transforming lifecycle-runtime-2.6.2.aar (androidx.lifecycle:lifecycle-runtime:2.6.2) with JetifyTransform
Caching disabled for JetifyTransform: /home/runner/.gradle/caches/modules-2/files-2.1/androidx.lifecycle/lifecycle-runtime/2.6.2/f0ef27053faa89b3ec06c4f118cea0a15edde35b/lifecycle-runtime-2.6.2.aar because:
  Build cache is disabled
Transforming lifecycle-runtime-2.6.2.aar (androidx.lifecycle:lifecycle-runtime:2.6.2) with ExtractAarTransform
Transforming lifecycle-viewmodel-2.6.2.aar (androidx.lifecycle:lifecycle-viewmodel:2.6.2) with AarTransform
Transforming lifecycle-viewmodel-2.6.2.aar (androidx.lifecycle:lifecycle-viewmodel:2.6.2) with AarTransform
Caching disabled for AarTransform: /home/runner/.gradle/caches/8.9/transforms/8862448272d648364c0c2b537e506026/transformed/lifecycle-viewmodel-2.6.2 because:
  Build cache is disabled
  Caching not enabled.
Caching disabled for ExtractAarTransform: /home/runner/.gradle/caches/modules-2/files-2.1/androidx.lifecycle/lifecycle-runtime/2.6.2/f0ef27053faa89b3ec06c4f118cea0a15edde35b/lifecycle-runtime-2.6.2.aar because:
  Build cache is disabled
  Caching not enabled.
Transforming lifecycle-runtime-2.6.2.aar (androidx.lifecycle:lifecycle-runtime:2.6.2) with AarTransform
Caching disabled for AarTransform: /home/runner/.gradle/caches/8.9/transforms/3b3644b3c553c82eadf15c6e5d01cf4d/transformed/lifecycle-runtime-2.6.2 because:
  Build cache is disabled
  Caching not enabled.
Found locally available resource with matching checksum: [https://dl.google.com/dl/android/maven2/androidx/lifecycle/lifecycle-viewmodel-savedstate/2.6.2/lifecycle-viewmodel-savedstate-2.6.2.aar, /home/runner/.gradle/caches/modules-2/files-2.1/androidx.lifecycle/lifecycle-viewmodel-savedstate/2.6.2/483115c35b2926c3780dfdaf3f5d0342855e73b1/lifecycle-viewmodel-savedstate-2.6.2.aar]
Transforming lifecycle-viewmodel-savedstate-2.6.2.aar (androidx.lifecycle:lifecycle-viewmodel-savedstate:2.6.2) with JetifyTransform
Caching disabled for JetifyTransform: /home/runner/.gradle/caches/modules-2/files-2.1/androidx.lifecycle/lifecycle-viewmodel-savedstate/2.6.2/483115c35b2926c3780dfdaf3f5d0342855e73b1/lifecycle-viewmodel-savedstate-2.6.2.aar because:
  Build cache is disabled
Transforming lifecycle-viewmodel-savedstate-2.6.2.aar (androidx.lifecycle:lifecycle-viewmodel-savedstate:2.6.2) with ExtractAarTransform
Caching disabled for ExtractAarTransform: /home/runner/.gradle/caches/8.9/transforms/be6ed5ff2c3518dd9022243cf1feb8b1/transformed/jetified-lifecycle-viewmodel-savedstate-2.6.2.aar because:
  Build cache is disabled
  Caching not enabled.
Transforming lifecycle-viewmodel-savedstate-2.6.2.aar (androidx.lifecycle:lifecycle-viewmodel-savedstate:2.6.2) with AarTransform
Caching disabled for AarTransform: /home/runner/.gradle/caches/8.9/transforms/df86b5c62f004f13d3db41dcff367a74/transformed/jetified-lifecycle-viewmodel-savedstate-2.6.2 because:
  Build cache is disabled
  Caching not enabled.
Found locally available resource with matching checksum: [https://dl.google.com/dl/android/maven2/androidx/core/core/1.13.0/core-1.13.0.aar, /home/runner/.gradle/caches/modules-2/files-2.1/androidx.core/core/1.13.0/ec9d4e1da0dc84ff6a644624447a99ad136de21d/core-1.13.0.aar]
Transforming core-1.13.0.aar (androidx.core:core:1.13.0) with JetifyTransform
Transforming core-1.13.0.aar (androidx.core:core:1.13.0) with JetifyTransform
Transforming core-1.13.0.aar (androidx.core:core:1.13.0) with JetifyTransform
Caching disabled for JetifyTransform: /home/runner/.gradle/caches/modules-2/files-2.1/androidx.core/core/1.13.0/ec9d4e1da0dc84ff6a644624447a99ad136de21d/core-1.13.0.aar because:
  Build cache is disabled
Transforming core-1.13.0.aar (androidx.core:core:1.13.0) with ExtractAarTransform
Transforming core-1.13.0.aar (androidx.core:core:1.13.0) with ExtractAarTransform
Transforming core-1.13.0.aar (androidx.core:core:1.13.0) with ExtractAarTransform
Found locally available resource with matching checksum: [https://dl.google.com/dl/android/maven2/androidx/core/core-ktx/1.13.0/core-ktx-1.13.0.aar, /home/runner/.gradle/caches/modules-2/files-2.1/androidx.core/core-ktx/1.13.0/c2402581b5301db71ee55547caec73c78b51ab98/core-ktx-1.13.0.aar]
Transforming core-ktx-1.13.0.aar (androidx.core:core-ktx:1.13.0) with JetifyTransform
Caching disabled for JetifyTransform: /home/runner/.gradle/caches/modules-2/files-2.1/androidx.core/core-ktx/1.13.0/c2402581b5301db71ee55547caec73c78b51ab98/core-ktx-1.13.0.aar because:
  Build cache is disabled
Caching disabled for ExtractAarTransform: /home/runner/.gradle/caches/modules-2/files-2.1/androidx.core/core/1.13.0/ec9d4e1da0dc84ff6a644624447a99ad136de21d/core-1.13.0.aar because:
  Build cache is disabled
  Caching not enabled.
Transforming core-ktx-1.13.0.aar (androidx.core:core-ktx:1.13.0) with ExtractAarTransform
Caching disabled for ExtractAarTransform: /home/runner/.gradle/caches/8.9/transforms/63001ceada397c2c389880b0cc994ec2/transformed/jetified-core-ktx-1.13.0.aar because:
  Build cache is disabled
  Caching not enabled.
Transforming core-ktx-1.13.0.aar (androidx.core:core-ktx:1.13.0) with AarTransform
Caching disabled for AarTransform: /home/runner/.gradle/caches/8.9/transforms/0be29cfc4c54d60898ecd27cf16cab3d/transformed/jetified-core-ktx-1.13.0 because:
  Build cache is disabled
  Caching not enabled.
Transforming core-1.13.0.aar (androidx.core:core:1.13.0) with JetifyTransform
Transforming core-1.13.0.aar (androidx.core:core:1.13.0) with ExtractAarTransform
Transforming core-1.13.0.aar (androidx.core:core:1.13.0) with AarTransform
Transforming core-1.13.0.aar (androidx.core:core:1.13.0) with AarTransform
Transforming core-1.13.0.aar (androidx.core:core:1.13.0) with AarTransform
Transforming core-1.13.0.aar (androidx.core:core:1.13.0) with AarTransform
Caching disabled for AarTransform: /home/runner/.gradle/caches/8.9/transforms/f734d3757685d8d992319f55d6e2d5ac/transformed/core-1.13.0 because:
  Build cache is disabled
  Caching not enabled.
Found locally available resource with matching checksum: [https://dl.google.com/dl/android/maven2/androidx/interpolator/interpolator/1.0.0/interpolator-1.0.0.aar, /home/runner/.gradle/caches/modules-2/files-2.1/androidx.interpolator/interpolator/1.0.0/8a01fa254a23b9388571eb6334b03707c7d122d7/interpolator-1.0.0.aar]
Transforming interpolator-1.0.0.aar (androidx.interpolator:interpolator:1.0.0) with JetifyTransform
Transforming interpolator-1.0.0.aar (androidx.interpolator:interpolator:1.0.0) with JetifyTransform
Caching disabled for JetifyTransform: /home/runner/.gradle/caches/modules-2/files-2.1/androidx.interpolator/interpolator/1.0.0/8a01fa254a23b9388571eb6334b03707c7d122d7/interpolator-1.0.0.aar because:
  Build cache is disabled
Transforming interpolator-1.0.0.aar (androidx.interpolator:interpolator:1.0.0) with ExtractAarTransform
Transforming interpolator-1.0.0.aar (androidx.interpolator:interpolator:1.0.0) with ExtractAarTransform
Caching disabled for ExtractAarTransform: /home/runner/.gradle/caches/modules-2/files-2.1/androidx.interpolator/interpolator/1.0.0/8a01fa254a23b9388571eb6334b03707c7d122d7/interpolator-1.0.0.aar because:
  Build cache is disabled
  Caching not enabled.
Transforming interpolator-1.0.0.aar (androidx.interpolator:interpolator:1.0.0) with AarTransform
Transforming interpolator-1.0.0.aar (androidx.interpolator:interpolator:1.0.0) with AarTransform
Found locally available resource with matching checksum: [https://dl.google.com/dl/android/maven2/androidx/savedstate/savedstate/1.2.1/savedstate-1.2.1.aar, /home/runner/.gradle/caches/modules-2/files-2.1/androidx.savedstate/savedstate/1.2.1/e364fc9dec32aa569d855f85864e50250318a093/savedstate-1.2.1.aar]
Caching disabled for AarTransform: /home/runner/.gradle/caches/8.9/transforms/575019187b8792bebba099b4b4f9269a/transformed/interpolator-1.0.0 because:
  Build cache is disabled
  Caching not enabled.
Transforming savedstate-1.2.1.aar (androidx.savedstate:savedstate:1.2.1) with JetifyTransform
Caching disabled for JetifyTransform: /home/runner/.gradle/caches/modules-2/files-2.1/androidx.savedstate/savedstate/1.2.1/e364fc9dec32aa569d855f85864e50250318a093/savedstate-1.2.1.aar because:
  Build cache is disabled
Transforming savedstate-1.2.1.aar (androidx.savedstate:savedstate:1.2.1) with ExtractAarTransform
Caching disabled for ExtractAarTransform: /home/runner/.gradle/caches/8.9/transforms/11aba33287553e2e6e84f513513ce6ee/transformed/jetified-savedstate-1.2.1.aar because:
  Build cache is disabled
  Caching not enabled.
Transforming savedstate-1.2.1.aar (androidx.savedstate:savedstate:1.2.1) with AarTransform
Caching disabled for AarTransform: /home/runner/.gradle/caches/8.9/transforms/2e921cd16d63f4e0d0a788ce4333e813/transformed/jetified-savedstate-1.2.1 because:
  Build cache is disabled
  Caching not enabled.
Found locally available resource with matching checksum: [https://dl.google.com/dl/android/maven2/androidx/cursoradapter/cursoradapter/1.0.0/cursoradapter-1.0.0.aar, /home/runner/.gradle/caches/modules-2/files-2.1/androidx.cursoradapter/cursoradapter/1.0.0/74014983a86b83cbce534dec4e7aa9312f5f5d82/cursoradapter-1.0.0.aar]
Transforming cursoradapter-1.0.0.aar (androidx.cursoradapter:cursoradapter:1.0.0) with JetifyTransform
Caching disabled for JetifyTransform: /home/runner/.gradle/caches/modules-2/files-2.1/androidx.cursoradapter/cursoradapter/1.0.0/74014983a86b83cbce534dec4e7aa9312f5f5d82/cursoradapter-1.0.0.aar because:
  Build cache is disabled
Transforming cursoradapter-1.0.0.aar (androidx.cursoradapter:cursoradapter:1.0.0) with ExtractAarTransform
Caching disabled for ExtractAarTransform: /home/runner/.gradle/caches/modules-2/files-2.1/androidx.cursoradapter/cursoradapter/1.0.0/74014983a86b83cbce534dec4e7aa9312f5f5d82/cursoradapter-1.0.0.aar because:
  Build cache is disabled
  Caching not enabled.
Transforming cursoradapter-1.0.0.aar (androidx.cursoradapter:cursoradapter:1.0.0) with AarTransform
Caching disabled for AarTransform: /home/runner/.gradle/caches/8.9/transforms/b2f415a8e3d9fc654f2084f27bfdaf48/transformed/cursoradapter-1.0.0 because:
  Build cache is disabled
  Caching not enabled.
Found locally available resource with matching checksum: [https://dl.google.com/dl/android/maven2/androidx/arch/core/core-runtime/2.2.0/core-runtime-2.2.0.aar, /home/runner/.gradle/caches/modules-2/files-2.1/androidx.arch.core/core-runtime/2.2.0/39705982680d78556b679ef9d5400d4f17509b0b/core-runtime-2.2.0.aar]
Transforming core-runtime-2.2.0.aar (androidx.arch.core:core-runtime:2.2.0) with JetifyTransform
Caching disabled for JetifyTransform: /home/runner/.gradle/caches/modules-2/files-2.1/androidx.arch.core/core-runtime/2.2.0/39705982680d78556b679ef9d5400d4f17509b0b/core-runtime-2.2.0.aar because:
  Build cache is disabled
Transforming core-runtime-2.2.0.aar (androidx.arch.core:core-runtime:2.2.0) with ExtractAarTransform
Caching disabled for ExtractAarTransform: /home/runner/.gradle/caches/modules-2/files-2.1/androidx.arch.core/core-runtime/2.2.0/39705982680d78556b679ef9d5400d4f17509b0b/core-runtime-2.2.0.aar because:
  Build cache is disabled
  Caching not enabled.
Transforming core-runtime-2.2.0.aar (androidx.arch.core:core-runtime:2.2.0) with AarTransform
Caching disabled for AarTransform: /home/runner/.gradle/caches/8.9/transforms/b846f2f00b2fb8998e8048ba693200c5/transformed/core-runtime-2.2.0 because:
  Build cache is disabled
  Caching not enabled.
Found locally available resource with matching checksum: [https://dl.google.com/dl/android/maven2/androidx/documentfile/documentfile/1.0.0/documentfile-1.0.0.aar, /home/runner/.gradle/caches/modules-2/files-2.1/androidx.documentfile/documentfile/1.0.0/66104345c90cd8c2fd5ad2d3aad692b280e10c32/documentfile-1.0.0.aar]
Transforming documentfile-1.0.0.aar (androidx.documentfile:documentfile:1.0.0) with JetifyTransform
Caching disabled for JetifyTransform: /home/runner/.gradle/caches/modules-2/files-2.1/androidx.documentfile/documentfile/1.0.0/66104345c90cd8c2fd5ad2d3aad692b280e10c32/documentfile-1.0.0.aar because:
  Build cache is disabled
Transforming documentfile-1.0.0.aar (androidx.documentfile:documentfile:1.0.0) with ExtractAarTransform
Caching disabled for ExtractAarTransform: /home/runner/.gradle/caches/modules-2/files-2.1/androidx.documentfile/documentfile/1.0.0/66104345c90cd8c2fd5ad2d3aad692b280e10c32/documentfile-1.0.0.aar because:
  Build cache is disabled
  Caching not enabled.
Transforming documentfile-1.0.0.aar (androidx.documentfile:documentfile:1.0.0) with AarTransform
Caching disabled for AarTransform: /home/runner/.gradle/caches/8.9/transforms/bc8f8dc3241e5b4ff25b79e96c1014cf/transformed/documentfile-1.0.0 because:
  Build cache is disabled
  Caching not enabled.
Found locally available resource with matching checksum: [https://dl.google.com/dl/android/maven2/androidx/localbroadcastmanager/localbroadcastmanager/1.0.0/localbroadcastmanager-1.0.0.aar, /home/runner/.gradle/caches/modules-2/files-2.1/androidx.localbroadcastmanager/localbroadcastmanager/1.0.0/2734f31c8321e83ce6b60570d14777fc33cc2ece/localbroadcastmanager-1.0.0.aar]
Transforming localbroadcastmanager-1.0.0.aar (androidx.localbroadcastmanager:localbroadcastmanager:1.0.0) with JetifyTransform
Caching disabled for JetifyTransform: /home/runner/.gradle/caches/modules-2/files-2.1/androidx.localbroadcastmanager/localbroadcastmanager/1.0.0/2734f31c8321e83ce6b60570d14777fc33cc2ece/localbroadcastmanager-1.0.0.aar because:
  Build cache is disabled
Transforming localbroadcastmanager-1.0.0.aar (androidx.localbroadcastmanager:localbroadcastmanager:1.0.0) with ExtractAarTransform
Caching disabled for ExtractAarTransform: /home/runner/.gradle/caches/modules-2/files-2.1/androidx.localbroadcastmanager/localbroadcastmanager/1.0.0/2734f31c8321e83ce6b60570d14777fc33cc2ece/localbroadcastmanager-1.0.0.aar because:
  Build cache is disabled
  Caching not enabled.
Transforming localbroadcastmanager-1.0.0.aar (androidx.localbroadcastmanager:localbroadcastmanager:1.0.0) with AarTransform
Caching disabled for AarTransform: /home/runner/.gradle/caches/8.9/transforms/2093dc12b474d9b688c7d4994cd0f98a/transformed/localbroadcastmanager-1.0.0 because:
  Build cache is disabled
  Caching not enabled.
Found locally available resource with matching checksum: [https://dl.google.com/dl/android/maven2/androidx/versionedparcelable/versionedparcelable/1.1.1/versionedparcelable-1.1.1.aar, /home/runner/.gradle/caches/modules-2/files-2.1/androidx.versionedparcelable/versionedparcelable/1.1.1/18e18071e7715679e0593c570217edeb5ca48b9e/versionedparcelable-1.1.1.aar]
Transforming versionedparcelable-1.1.1.aar (androidx.versionedparcelable:versionedparcelable:1.1.1) with JetifyTransform
Caching disabled for JetifyTransform: /home/runner/.gradle/caches/modules-2/files-2.1/androidx.versionedparcelable/versionedparcelable/1.1.1/18e18071e7715679e0593c570217edeb5ca48b9e/versionedparcelable-1.1.1.aar because:
  Build cache is disabled
Transforming versionedparcelable-1.1.1.aar (androidx.versionedparcelable:versionedparcelable:1.1.1) with ExtractAarTransform
Caching disabled for ExtractAarTransform: /home/runner/.gradle/caches/modules-2/files-2.1/androidx.versionedparcelable/versionedparcelable/1.1.1/18e18071e7715679e0593c570217edeb5ca48b9e/versionedparcelable-1.1.1.aar because:
  Build cache is disabled
  Caching not enabled.
Transforming versionedparcelable-1.1.1.aar (androidx.versionedparcelable:versionedparcelable:1.1.1) with AarTransform
Caching disabled for AarTransform: /home/runner/.gradle/caches/8.9/transforms/37cbb73f3bb006c5cbb9064d51f4a190/transformed/versionedparcelable-1.1.1 because:
  Build cache is disabled
  Caching not enabled.
Found locally available resource with matching checksum: [https://dl.google.com/dl/android/maven2/androidx/print/print/1.0.0/print-1.0.0.aar, /home/runner/.gradle/caches/modules-2/files-2.1/androidx.print/print/1.0.0/7722094652c48ebe27acc94d74a55e759e4635ff/print-1.0.0.aar]
Transforming print-1.0.0.aar (androidx.print:print:1.0.0) with JetifyTransform
Caching disabled for JetifyTransform: /home/runner/.gradle/caches/modules-2/files-2.1/androidx.print/print/1.0.0/7722094652c48ebe27acc94d74a55e759e4635ff/print-1.0.0.aar because:
  Build cache is disabled
Transforming print-1.0.0.aar (androidx.print:print:1.0.0) with ExtractAarTransform
Caching disabled for ExtractAarTransform: /home/runner/.gradle/caches/modules-2/files-2.1/androidx.print/print/1.0.0/7722094652c48ebe27acc94d74a55e759e4635ff/print-1.0.0.aar because:
  Build cache is disabled
  Caching not enabled.
Transforming print-1.0.0.aar (androidx.print:print:1.0.0) with AarTransform
Caching disabled for AarTransform: /home/runner/.gradle/caches/8.9/transforms/7758a461aa5bb4bfd2794f3c068d3de2/transformed/print-1.0.0 because:
  Build cache is disabled
  Caching not enabled.
Found locally available resource with matching checksum: [https://dl.google.com/dl/android/maven2/androidx/annotation/annotation-experimental/1.4.0/annotation-experimental-1.4.0.aar, /home/runner/.gradle/caches/modules-2/files-2.1/androidx.annotation/annotation-experimental/1.4.0/c7a2038d831d0cfbfb9a440890b287c2e839ecf/annotation-experimental-1.4.0.aar]
Transforming annotation-experimental-1.4.0.aar (androidx.annotation:annotation-experimental:1.4.0) with JetifyTransform
Caching disabled for JetifyTransform: /home/runner/.gradle/caches/modules-2/files-2.1/androidx.annotation/annotation-experimental/1.4.0/c7a2038d831d0cfbfb9a440890b287c2e839ecf/annotation-experimental-1.4.0.aar because:
  Build cache is disabled
Transforming annotation-experimental-1.4.0.aar (androidx.annotation:annotation-experimental:1.4.0) with ExtractAarTransform
Caching disabled for ExtractAarTransform: /home/runner/.gradle/caches/8.9/transforms/8ce2925eb56b2565e0a7441a57db4777/transformed/jetified-annotation-experimental-1.4.0.aar because:
  Build cache is disabled
  Caching not enabled.
Transforming annotation-experimental-1.4.0.aar (androidx.annotation:annotation-experimental:1.4.0) with AarTransform
Caching disabled for AarTransform: /home/runner/.gradle/caches/8.9/transforms/6abf8626c442ae157d9fa8be702afb2c/transformed/jetified-annotation-experimental-1.4.0 because:
  Build cache is disabled
  Caching not enabled.
file or directory '/home/runner/work/smoker-browser/smoker-browser/app/libs', not found
Transforming viewbinding-8.7.2.aar (androidx.databinding:viewbinding:8.7.2) with JetifyTransform
Transforming viewbinding-8.7.2.aar (androidx.databinding:viewbinding:8.7.2) with ExtractAarTransform
Transforming viewbinding-8.7.2.aar (androidx.databinding:viewbinding:8.7.2) with AarTransform
Transforming material-1.12.0.aar (com.google.android.material:material:1.12.0) with JetifyTransform
Transforming material-1.12.0.aar (com.google.android.material:material:1.12.0) with ExtractAarTransform
Transforming material-1.12.0.aar (com.google.android.material:material:1.12.0) with AarTransform
Transforming appcompat-resources-1.7.1.aar (androidx.appcompat:appcompat-resources:1.7.1) with JetifyTransform
Transforming appcompat-resources-1.7.1.aar (androidx.appcompat:appcompat-resources:1.7.1) with ExtractAarTransform
Transforming appcompat-resources-1.7.1.aar (androidx.appcompat:appcompat-resources:1.7.1) with AarTransform
Transforming constraintlayout-2.0.1.aar (androidx.constraintlayout:constraintlayout:2.0.1) with JetifyTransform
Transforming constraintlayout-2.0.1.aar (androidx.constraintlayout:constraintlayout:2.0.1) with ExtractAarTransform
Transforming constraintlayout-2.0.1.aar (androidx.constraintlayout:constraintlayout:2.0.1) with AarTransform
Transforming appcompat-1.7.1.aar (androidx.appcompat:appcompat:1.7.1) with JetifyTransform
Transforming appcompat-1.7.1.aar (androidx.appcompat:appcompat:1.7.1) with ExtractAarTransform
Transforming appcompat-1.7.1.aar (androidx.appcompat:appcompat:1.7.1) with AarTransform
Transforming cardview-1.0.0.aar (androidx.cardview:cardview:1.0.0) with JetifyTransform
Transforming cardview-1.0.0.aar (androidx.cardview:cardview:1.0.0) with ExtractAarTransform
Transforming cardview-1.0.0.aar (androidx.cardview:cardview:1.0.0) with AarTransform
Transforming swiperefreshlayout-1.1.0.aar (androidx.swiperefreshlayout:swiperefreshlayout:1.1.0) with JetifyTransform
Transforming swiperefreshlayout-1.1.0.aar (androidx.swiperefreshlayout:swiperefreshlayout:1.1.0) with ExtractAarTransform
Transforming swiperefreshlayout-1.1.0.aar (androidx.swiperefreshlayout:swiperefreshlayout:1.1.0) with AarTransform
Transforming viewpager2-1.0.0.aar (androidx.viewpager2:viewpager2:1.0.0) with JetifyTransform
Transforming viewpager2-1.0.0.aar (androidx.viewpager2:viewpager2:1.0.0) with ExtractAarTransform
Transforming viewpager2-1.0.0.aar (androidx.viewpager2:viewpager2:1.0.0) with AarTransform
Transforming fragment-1.5.4.aar (androidx.fragment:fragment:1.5.4) with JetifyTransform
Transforming fragment-1.5.4.aar (androidx.fragment:fragment:1.5.4) with ExtractAarTransform
Transforming fragment-1.5.4.aar (androidx.fragment:fragment:1.5.4) with AarTransform
Transforming activity-1.8.0.aar (androidx.activity:activity:1.8.0) with JetifyTransform
Transforming activity-1.8.0.aar (androidx.activity:activity:1.8.0) with ExtractAarTransform
Transforming activity-1.8.0.aar (androidx.activity:activity:1.8.0) with AarTransform
Transforming savedstate-1.2.1.aar (androidx.savedstate:savedstate:1.2.1) with JetifyTransform
Transforming savedstate-1.2.1.aar (androidx.savedstate:savedstate:1.2.1) with ExtractAarTransform
Transforming savedstate-1.2.1.aar (androidx.savedstate:savedstate:1.2.1) with AarTransform
Transforming transition-1.5.0.aar (androidx.transition:transition:1.5.0) with JetifyTransform
Transforming transition-1.5.0.aar (androidx.transition:transition:1.5.0) with ExtractAarTransform
Transforming transition-1.5.0.aar (androidx.transition:transition:1.5.0) with AarTransform
Transforming dynamicanimation-1.0.0.aar (androidx.dynamicanimation:dynamicanimation:1.0.0) with JetifyTransform
Transforming dynamicanimation-1.0.0.aar (androidx.dynamicanimation:dynamicanimation:1.0.0) with ExtractAarTransform
Transforming dynamicanimation-1.0.0.aar (androidx.dynamicanimation:dynamicanimation:1.0.0) with AarTransform
Transforming loader-1.0.0.aar (androidx.loader:loader:1.0.0) with JetifyTransform
Transforming loader-1.0.0.aar (androidx.loader:loader:1.0.0) with ExtractAarTransform
Transforming loader-1.0.0.aar (androidx.loader:loader:1.0.0) with AarTransform
Transforming lifecycle-viewmodel-2.6.2.aar (androidx.lifecycle:lifecycle-viewmodel:2.6.2) with JetifyTransform
Transforming lifecycle-viewmodel-2.6.2.aar (androidx.lifecycle:lifecycle-viewmodel:2.6.2) with ExtractAarTransform
Transforming lifecycle-viewmodel-2.6.2.aar (androidx.lifecycle:lifecycle-viewmodel:2.6.2) with AarTransform
Transforming lifecycle-livedata-core-2.6.2.aar (androidx.lifecycle:lifecycle-livedata-core:2.6.2) with JetifyTransform
Transforming lifecycle-livedata-core-2.6.2.aar (androidx.lifecycle:lifecycle-livedata-core:2.6.2) with ExtractAarTransform
Transforming lifecycle-livedata-core-2.6.2.aar (androidx.lifecycle:lifecycle-livedata-core:2.6.2) with AarTransform
Transforming lifecycle-runtime-2.6.2.aar (androidx.lifecycle:lifecycle-runtime:2.6.2) with JetifyTransform
Transforming lifecycle-runtime-2.6.2.aar (androidx.lifecycle:lifecycle-runtime:2.6.2) with ExtractAarTransform
Transforming lifecycle-runtime-2.6.2.aar (androidx.lifecycle:lifecycle-runtime:2.6.2) with AarTransform
Transforming lifecycle-viewmodel-savedstate-2.6.2.aar (androidx.lifecycle:lifecycle-viewmodel-savedstate:2.6.2) with JetifyTransform
Transforming lifecycle-viewmodel-savedstate-2.6.2.aar (androidx.lifecycle:lifecycle-viewmodel-savedstate:2.6.2) with ExtractAarTransform
Transforming lifecycle-viewmodel-savedstate-2.6.2.aar (androidx.lifecycle:lifecycle-viewmodel-savedstate:2.6.2) with AarTransform
Transforming core-ktx-1.13.0.aar (androidx.core:core-ktx:1.13.0) with JetifyTransform
Transforming core-ktx-1.13.0.aar (androidx.core:core-ktx:1.13.0) with ExtractAarTransform
Transforming core-ktx-1.13.0.aar (androidx.core:core-ktx:1.13.0) with AarTransform
Transforming drawerlayout-1.1.1.aar (androidx.drawerlayout:drawerlayout:1.1.1) with JetifyTransform
Transforming drawerlayout-1.1.1.aar (androidx.drawerlayout:drawerlayout:1.1.1) with ExtractAarTransform
Transforming drawerlayout-1.1.1.aar (androidx.drawerlayout:drawerlayout:1.1.1) with AarTransform
Transforming coordinatorlayout-1.1.0.aar (androidx.coordinatorlayout:coordinatorlayout:1.1.0) with JetifyTransform
Transforming coordinatorlayout-1.1.0.aar (androidx.coordinatorlayout:coordinatorlayout:1.1.0) with ExtractAarTransform
Transforming coordinatorlayout-1.1.0.aar (androidx.coordinatorlayout:coordinatorlayout:1.1.0) with AarTransform
Transforming vectordrawable-animated-1.1.0.aar (androidx.vectordrawable:vectordrawable-animated:1.1.0) with JetifyTransform
Transforming vectordrawable-animated-1.1.0.aar (androidx.vectordrawable:vectordrawable-animated:1.1.0) with ExtractAarTransform
Transforming vectordrawable-animated-1.1.0.aar (androidx.vectordrawable:vectordrawable-animated:1.1.0) with AarTransform
Transforming vectordrawable-1.1.0.aar (androidx.vectordrawable:vectordrawable:1.1.0) with JetifyTransform
Transforming vectordrawable-1.1.0.aar (androidx.vectordrawable:vectordrawable:1.1.0) with ExtractAarTransform
Transforming vectordrawable-1.1.0.aar (androidx.vectordrawable:vectordrawable:1.1.0) with AarTransform
Transforming viewpager-1.0.0.aar (androidx.viewpager:viewpager:1.0.0) with JetifyTransform
Transforming viewpager-1.0.0.aar (androidx.viewpager:viewpager:1.0.0) with ExtractAarTransform
Transforming viewpager-1.0.0.aar (androidx.viewpager:viewpager:1.0.0) with AarTransform
Transforming recyclerview-1.1.0.aar (androidx.recyclerview:recyclerview:1.1.0) with JetifyTransform
Transforming recyclerview-1.1.0.aar (androidx.recyclerview:recyclerview:1.1.0) with ExtractAarTransform
Transforming recyclerview-1.1.0.aar (androidx.recyclerview:recyclerview:1.1.0) with AarTransform
Transforming core-1.13.0.aar (androidx.core:core:1.13.0) with JetifyTransform
Transforming core-1.13.0.aar (androidx.core:core:1.13.0) with ExtractAarTransform
Transforming core-1.13.0.aar (androidx.core:core:1.13.0) with AarTransform
Transforming cursoradapter-1.0.0.aar (androidx.cursoradapter:cursoradapter:1.0.0) with JetifyTransform
Transforming cursoradapter-1.0.0.aar (androidx.cursoradapter:cursoradapter:1.0.0) with ExtractAarTransform
Transforming cursoradapter-1.0.0.aar (androidx.cursoradapter:cursoradapter:1.0.0) with AarTransform
Transforming interpolator-1.0.0.aar (androidx.interpolator:interpolator:1.0.0) with JetifyTransform
Transforming interpolator-1.0.0.aar (androidx.interpolator:interpolator:1.0.0) with ExtractAarTransform
Transforming interpolator-1.0.0.aar (androidx.interpolator:interpolator:1.0.0) with AarTransform
Transforming versionedparcelable-1.1.1.aar (androidx.versionedparcelable:versionedparcelable:1.1.1) with JetifyTransform
Transforming versionedparcelable-1.1.1.aar (androidx.versionedparcelable:versionedparcelable:1.1.1) with ExtractAarTransform
Transforming versionedparcelable-1.1.1.aar (androidx.versionedparcelable:versionedparcelable:1.1.1) with AarTransform
Transforming core-runtime-2.2.0.aar (androidx.arch.core:core-runtime:2.2.0) with JetifyTransform
Transforming core-runtime-2.2.0.aar (androidx.arch.core:core-runtime:2.2.0) with ExtractAarTransform
Transforming core-runtime-2.2.0.aar (androidx.arch.core:core-runtime:2.2.0) with AarTransform
Transforming annotation-experimental-1.4.0.aar (androidx.annotation:annotation-experimental:1.4.0) with JetifyTransform
Transforming annotation-experimental-1.4.0.aar (androidx.annotation:annotation-experimental:1.4.0) with ExtractAarTransform
Transforming annotation-experimental-1.4.0.aar (androidx.annotation:annotation-experimental:1.4.0) with AarTransform
Found locally available resource with matching checksum: [https://dl.google.com/dl/android/maven2/androidx/emoji2/emoji2/1.3.0/emoji2-1.3.0.aar, /home/runner/.gradle/caches/modules-2/files-2.1/androidx.emoji2/emoji2/1.3.0/37ed42991ddf77924510472dba632314aab1c9d9/emoji2-1.3.0.aar]
Transforming emoji2-1.3.0.aar (androidx.emoji2:emoji2:1.3.0) with JetifyTransform
Found locally available resource with matching checksum: [https://dl.google.com/dl/android/maven2/androidx/lifecycle/lifecycle-process/2.6.2/lifecycle-process-2.6.2.aar, /home/runner/.gradle/caches/modules-2/files-2.1/androidx.lifecycle/lifecycle-process/2.6.2/1cda99630dfe13ea65f63d05821187bfe87a5967/lifecycle-process-2.6.2.aar]
Caching disabled for JetifyTransform: /home/runner/.gradle/caches/modules-2/files-2.1/androidx.emoji2/emoji2/1.3.0/37ed42991ddf77924510472dba632314aab1c9d9/emoji2-1.3.0.aar because:
  Build cache is disabled
Transforming lifecycle-process-2.6.2.aar (androidx.lifecycle:lifecycle-process:2.6.2) with JetifyTransform
Caching disabled for JetifyTransform: /home/runner/.gradle/caches/modules-2/files-2.1/androidx.lifecycle/lifecycle-process/2.6.2/1cda99630dfe13ea65f63d05821187bfe87a5967/lifecycle-process-2.6.2.aar because:
  Build cache is disabled
Found locally available resource with matching checksum: [https://dl.google.com/dl/android/maven2/androidx/profileinstaller/profileinstaller/1.3.1/profileinstaller-1.3.1.aar, /home/runner/.gradle/caches/modules-2/files-2.1/androidx.profileinstaller/profileinstaller/1.3.1/c0bac819b4f88a648011542273373d1e5093e3a7/profileinstaller-1.3.1.aar]
Transforming profileinstaller-1.3.1.aar (androidx.profileinstaller:profileinstaller:1.3.1) with JetifyTransform
Caching disabled for JetifyTransform: /home/runner/.gradle/caches/modules-2/files-2.1/androidx.profileinstaller/profileinstaller/1.3.1/c0bac819b4f88a648011542273373d1e5093e3a7/profileinstaller-1.3.1.aar because:
  Build cache is disabled
Transforming lifecycle-process-2.6.2.aar (androidx.lifecycle:lifecycle-process:2.6.2) with ExtractAarTransform
Transforming profileinstaller-1.3.1.aar (androidx.profileinstaller:profileinstaller:1.3.1) with ExtractAarTransform
Caching disabled for ExtractAarTransform: /home/runner/.gradle/caches/8.9/transforms/85239bdfb7ae7ac424d163baafa41ce9/transformed/jetified-lifecycle-process-2.6.2.aar because:
  Build cache is disabled
  Caching not enabled.
Caching disabled for ExtractAarTransform: /home/runner/.gradle/caches/8.9/transforms/a4f6ce75bef4f56e62bc4a99145e5548/transformed/jetified-profileinstaller-1.3.1.aar because:
  Build cache is disabled
  Caching not enabled.
Transforming lifecycle-process-2.6.2.aar (androidx.lifecycle:lifecycle-process:2.6.2) with AarTransform
Caching disabled for AarTransform: /home/runner/.gradle/caches/8.9/transforms/00e060e70a5e957e5a01deb8b92ed6dc/transformed/jetified-lifecycle-process-2.6.2 because:
  Build cache is disabled
  Caching not enabled.
Transforming profileinstaller-1.3.1.aar (androidx.profileinstaller:profileinstaller:1.3.1) with AarTransform
Caching disabled for AarTransform: /home/runner/.gradle/caches/8.9/transforms/b6dbd5c360994196cbc5abe1dc367211/transformed/jetified-profileinstaller-1.3.1 because:
  Build cache is disabled
  Caching not enabled.
Found locally available resource with matching checksum: [https://dl.google.com/dl/android/maven2/androidx/emoji2/emoji2-views-helper/1.3.0/emoji2-views-helper-1.3.0.aar, /home/runner/.gradle/caches/modules-2/files-2.1/androidx.emoji2/emoji2-views-helper/1.3.0/7bef7c1117bb40ef41ee0641cd1d2d605e2d607c/emoji2-views-helper-1.3.0.aar]
Transforming emoji2-views-helper-1.3.0.aar (androidx.emoji2:emoji2-views-helper:1.3.0) with JetifyTransform
Caching disabled for JetifyTransform: /home/runner/.gradle/caches/modules-2/files-2.1/androidx.emoji2/emoji2-views-helper/1.3.0/7bef7c1117bb40ef41ee0641cd1d2d605e2d607c/emoji2-views-helper-1.3.0.aar because:
  Build cache is disabled
Transforming emoji2-1.3.0.aar (androidx.emoji2:emoji2:1.3.0) with ExtractAarTransform
Transforming emoji2-views-helper-1.3.0.aar (androidx.emoji2:emoji2-views-helper:1.3.0) with ExtractAarTransform
Caching disabled for ExtractAarTransform: /home/runner/.gradle/caches/8.9/transforms/cca22137e9224d26858e757d6e7f83fe/transformed/jetified-emoji2-1.3.0.aar because:
  Build cache is disabled
  Caching not enabled.
Caching disabled for ExtractAarTransform: /home/runner/.gradle/caches/8.9/transforms/3e9b8b1f7afa31b9cec9876bb953e494/transformed/jetified-emoji2-views-helper-1.3.0.aar because:
  Build cache is disabled
  Caching not enabled.
Transforming emoji2-views-helper-1.3.0.aar (androidx.emoji2:emoji2-views-helper:1.3.0) with AarTransform
Caching disabled for AarTransform: /home/runner/.gradle/caches/8.9/transforms/4e8bec9299dffd9596afba85cc18d80e/transformed/jetified-emoji2-views-helper-1.3.0 because:
  Build cache is disabled
  Caching not enabled.
Transforming emoji2-1.3.0.aar (androidx.emoji2:emoji2:1.3.0) with AarTransform
Caching disabled for AarTransform: /home/runner/.gradle/caches/8.9/transforms/00197f34d12a2636b7031ecbe315c8f9/transformed/jetified-emoji2-1.3.0 because:
  Build cache is disabled
  Caching not enabled.
Found locally available resource with matching checksum: [https://dl.google.com/dl/android/maven2/androidx/tracing/tracing/1.0.0/tracing-1.0.0.aar, /home/runner/.gradle/caches/modules-2/files-2.1/androidx.tracing/tracing/1.0.0/69cef34711dffbc517e7a0a419ec4a98f84f496a/tracing-1.0.0.aar]
Transforming tracing-1.0.0.aar (androidx.tracing:tracing:1.0.0) with JetifyTransform
Caching disabled for JetifyTransform: /home/runner/.gradle/caches/modules-2/files-2.1/androidx.tracing/tracing/1.0.0/69cef34711dffbc517e7a0a419ec4a98f84f496a/tracing-1.0.0.aar because:
  Build cache is disabled
Transforming tracing-1.0.0.aar (androidx.tracing:tracing:1.0.0) with ExtractAarTransform
Caching disabled for ExtractAarTransform: /home/runner/.gradle/caches/8.9/transforms/d693528fa40e5931201df80b65a6369c/transformed/jetified-tracing-1.0.0.aar because:
  Build cache is disabled
  Caching not enabled.
Transforming tracing-1.0.0.aar (androidx.tracing:tracing:1.0.0) with AarTransform
Caching disabled for AarTransform: /home/runner/.gradle/caches/8.9/transforms/f61726133436fb716beadfcb15fd5237/transformed/jetified-tracing-1.0.0 because:
  Build cache is disabled
  Caching not enabled.
Found locally available resource with matching checksum: [https://dl.google.com/dl/android/maven2/androidx/startup/startup-runtime/1.1.1/startup-runtime-1.1.1.aar, /home/runner/.gradle/caches/modules-2/files-2.1/androidx.startup/startup-runtime/1.1.1/9d4ba67056aff98b69eadc1477c19a1e67cb9470/startup-runtime-1.1.1.aar]
Transforming startup-runtime-1.1.1.aar (androidx.startup:startup-runtime:1.1.1) with JetifyTransform
Caching disabled for JetifyTransform: /home/runner/.gradle/caches/modules-2/files-2.1/androidx.startup/startup-runtime/1.1.1/9d4ba67056aff98b69eadc1477c19a1e67cb9470/startup-runtime-1.1.1.aar because:
  Build cache is disabled
Transforming startup-runtime-1.1.1.aar (androidx.startup:startup-runtime:1.1.1) with ExtractAarTransform
Caching disabled for ExtractAarTransform: /home/runner/.gradle/caches/8.9/transforms/460bb3847ac0077413deb701bb48ca81/transformed/jetified-startup-runtime-1.1.1.aar because:
  Build cache is disabled
  Caching not enabled.
Transforming startup-runtime-1.1.1.aar (androidx.startup:startup-runtime:1.1.1) with AarTransform
Caching disabled for AarTransform: /home/runner/.gradle/caches/8.9/transforms/5914cd0d1f7ce5b2d77c09c643cca61b/transformed/jetified-startup-runtime-1.1.1 because:
  Build cache is disabled
  Caching not enabled.
file or directory '/home/runner/work/smoker-browser/smoker-browser/app/libs', not found
file or directory '/home/runner/work/smoker-browser/smoker-browser/app/libs', not found
Caching disabled for task ':app:dataBindingMergeDependencyArtifactsDebug' because:
  Build cache is disabled
  Caching has been disabled for the task
Task ':app:dataBindingMergeDependencyArtifactsDebug' is not up-to-date because:
  No history is available.
file or directory '/home/runner/work/smoker-browser/smoker-browser/app/libs', not found
file or directory '/home/runner/work/smoker-browser/smoker-browser/app/libs', not found

Resolve mutations for :app:generateDebugResValues (Thread[Execution worker Thread 2,5,main]) started.
:app:generateDebugResValues (Thread[Execution worker Thread 2,5,main]) started.

> Task :app:generateDebugResValues
Caching disabled for task ':app:generateDebugResValues' because:
  Build cache is disabled
Task ':app:generateDebugResValues' is not up-to-date because:
  No history is available.
Resolve mutations for :app:generateDebugResources (Thread[Execution worker Thread 2,5,main]) started.
:app:generateDebugResources (Thread[Execution worker Thread 2,5,main]) started.

> Task :app:generateDebugResources
Caching disabled for task ':app:generateDebugResources' because:
  Build cache is disabled
Task ':app:generateDebugResources' is not up-to-date because:
  No history is available.
Resolve mutations for :app:mergeDebugResources (Thread[Execution worker Thread 2,5,main]) started.
:app:mergeDebugResources (Thread[Execution worker Thread 2,5,main]) started.
Resolve mutations for :app:generateDebugBuildConfig (Thread[Execution worker,5,main]) started.
:app:generateDebugBuildConfig (Thread[Execution worker,5,main]) started.

> Task :app:generateDebugBuildConfig
Caching disabled for task ':app:generateDebugBuildConfig' because:
  Build cache is disabled
Task ':app:generateDebugBuildConfig' is not up-to-date because:
  No history is available.
Resolve mutations for :app:javaPreCompileDebug (Thread[Execution worker,5,main]) started.
:app:javaPreCompileDebug (Thread[Execution worker,5,main]) started.

> Task :app:mergeDebugResources
file or directory '/home/runner/work/smoker-browser/smoker-browser/app/libs', not found
Transforming viewbinding-8.7.2.aar (androidx.databinding:viewbinding:8.7.2) with JetifyTransform
Transforming viewbinding-8.7.2.aar (androidx.databinding:viewbinding:8.7.2) with ExtractAarTransform
Transforming viewbinding-8.7.2.aar (androidx.databinding:viewbinding:8.7.2) with AarTransform
Transforming material-1.12.0.aar (com.google.android.material:material:1.12.0) with JetifyTransform
Transforming material-1.12.0.aar (com.google.android.material:material:1.12.0) with ExtractAarTransform
Transforming material-1.12.0.aar (com.google.android.material:material:1.12.0) with AarTransform
Transforming appcompat-resources-1.7.1.aar (androidx.appcompat:appcompat-resources:1.7.1) with JetifyTransform
Transforming appcompat-resources-1.7.1.aar (androidx.appcompat:appcompat-resources:1.7.1) with ExtractAarTransform
Transforming appcompat-resources-1.7.1.aar (androidx.appcompat:appcompat-resources:1.7.1) with AarTransform
Caching disabled for AarTransform: /home/runner/.gradle/caches/8.9/transforms/bd0f389651f9496192bd337c22c67ae9/transformed/jetified-viewbinding-8.7.2 because:
  Build cache is disabled
  Caching not enabled.
Transforming constraintlayout-2.0.1.aar (androidx.constraintlayout:constraintlayout:2.0.1) with JetifyTransform
Transforming constraintlayout-2.0.1.aar (androidx.constraintlayout:constraintlayout:2.0.1) with ExtractAarTransform
Transforming constraintlayout-2.0.1.aar (androidx.constraintlayout:constraintlayout:2.0.1) with AarTransform
Transforming appcompat-1.7.1.aar (androidx.appcompat:appcompat:1.7.1) with JetifyTransform
Transforming appcompat-1.7.1.aar (androidx.appcompat:appcompat:1.7.1) with ExtractAarTransform
Transforming appcompat-1.7.1.aar (androidx.appcompat:appcompat:1.7.1) with AarTransform
Transforming cardview-1.0.0.aar (androidx.cardview:cardview:1.0.0) with JetifyTransform
Transforming cardview-1.0.0.aar (androidx.cardview:cardview:1.0.0) with ExtractAarTransform
Transforming cardview-1.0.0.aar (androidx.cardview:cardview:1.0.0) with AarTransform
Transforming swiperefreshlayout-1.1.0.aar (androidx.swiperefreshlayout:swiperefreshlayout:1.1.0) with JetifyTransform
Transforming swiperefreshlayout-1.1.0.aar (androidx.swiperefreshlayout:swiperefreshlayout:1.1.0) with ExtractAarTransform
Transforming swiperefreshlayout-1.1.0.aar (androidx.swiperefreshlayout:swiperefreshlayout:1.1.0) with AarTransform
Transforming viewpager2-1.0.0.aar (androidx.viewpager2:viewpager2:1.0.0) with JetifyTransform
Transforming viewpager2-1.0.0.aar (androidx.viewpager2:viewpager2:1.0.0) with ExtractAarTransform
Transforming viewpager2-1.0.0.aar (androidx.viewpager2:viewpager2:1.0.0) with AarTransform
Transforming fragment-1.5.4.aar (androidx.fragment:fragment:1.5.4) with JetifyTransform
Transforming fragment-1.5.4.aar (androidx.fragment:fragment:1.5.4) with ExtractAarTransform
Transforming fragment-1.5.4.aar (androidx.fragment:fragment:1.5.4) with AarTransform
Transforming fragment-1.5.4.aar (androidx.fragment:fragment:1.5.4) with JetifyTransform
Transforming fragment-1.5.4.aar (androidx.fragment:fragment:1.5.4) with ExtractAarTransform
Transforming fragment-1.5.4.aar (androidx.fragment:fragment:1.5.4) with AarTransform
Transforming activity-1.8.0.aar (androidx.activity:activity:1.8.0) with JetifyTransform
Transforming activity-1.8.0.aar (androidx.activity:activity:1.8.0) with ExtractAarTransform
Transforming activity-1.8.0.aar (androidx.activity:activity:1.8.0) with AarTransform
Transforming savedstate-1.2.1.aar (androidx.savedstate:savedstate:1.2.1) with JetifyTransform
Transforming savedstate-1.2.1.aar (androidx.savedstate:savedstate:1.2.1) with ExtractAarTransform
Transforming savedstate-1.2.1.aar (androidx.savedstate:savedstate:1.2.1) with AarTransform
Transforming emoji2-views-helper-1.3.0.aar (androidx.emoji2:emoji2-views-helper:1.3.0) with JetifyTransform
Transforming emoji2-views-helper-1.3.0.aar (androidx.emoji2:emoji2-views-helper:1.3.0) with ExtractAarTransform
Transforming emoji2-views-helper-1.3.0.aar (androidx.emoji2:emoji2-views-helper:1.3.0) with AarTransform
Caching disabled for AarTransform: /home/runner/.gradle/caches/8.9/transforms/223cc6b681cd5cd5a7b81a26fda8f8dd/transformed/jetified-appcompat-resources-1.7.1 because:
  Build cache is disabled
  Caching not enabled.
Transforming emoji2-1.3.0.aar (androidx.emoji2:emoji2:1.3.0) with JetifyTransform
Transforming emoji2-1.3.0.aar (androidx.emoji2:emoji2:1.3.0) with ExtractAarTransform
Transforming emoji2-1.3.0.aar (androidx.emoji2:emoji2:1.3.0) with AarTransform
Transforming transition-1.5.0.aar (androidx.transition:transition:1.5.0) with JetifyTransform
Transforming transition-1.5.0.aar (androidx.transition:transition:1.5.0) with ExtractAarTransform
Transforming transition-1.5.0.aar (androidx.transition:transition:1.5.0) with AarTransform
Transforming dynamicanimation-1.0.0.aar (androidx.dynamicanimation:dynamicanimation:1.0.0) with JetifyTransform
Transforming dynamicanimation-1.0.0.aar (androidx.dynamicanimation:dynamicanimation:1.0.0) with ExtractAarTransform
Transforming dynamicanimation-1.0.0.aar (androidx.dynamicanimation:dynamicanimation:1.0.0) with AarTransform
Transforming legacy-support-core-utils-1.0.0.aar (androidx.legacy:legacy-support-core-utils:1.0.0) with JetifyTransform
Transforming legacy-support-core-utils-1.0.0.aar (androidx.legacy:legacy-support-core-utils:1.0.0) with ExtractAarTransform
Transforming legacy-support-core-utils-1.0.0.aar (androidx.legacy:legacy-support-core-utils:1.0.0) with AarTransform
Transforming loader-1.0.0.aar (androidx.loader:loader:1.0.0) with JetifyTransform
Transforming loader-1.0.0.aar (androidx.loader:loader:1.0.0) with ExtractAarTransform
Transforming loader-1.0.0.aar (androidx.loader:loader:1.0.0) with AarTransform
Transforming loader-1.0.0.aar (androidx.loader:loader:1.0.0) with JetifyTransform
Transforming loader-1.0.0.aar (androidx.loader:loader:1.0.0) with ExtractAarTransform
Transforming loader-1.0.0.aar (androidx.loader:loader:1.0.0) with AarTransform
Transforming lifecycle-livedata-2.6.2.aar (androidx.lifecycle:lifecycle-livedata:2.6.2) with JetifyTransform
Transforming lifecycle-livedata-2.6.2.aar (androidx.lifecycle:lifecycle-livedata:2.6.2) with ExtractAarTransform
Transforming lifecycle-livedata-2.6.2.aar (androidx.lifecycle:lifecycle-livedata:2.6.2) with AarTransform
Transforming lifecycle-viewmodel-2.6.2.aar (androidx.lifecycle:lifecycle-viewmodel:2.6.2) with JetifyTransform
Transforming lifecycle-viewmodel-2.6.2.aar (androidx.lifecycle:lifecycle-viewmodel:2.6.2) with ExtractAarTransform
Transforming lifecycle-viewmodel-2.6.2.aar (androidx.lifecycle:lifecycle-viewmodel:2.6.2) with AarTransform
Transforming lifecycle-viewmodel-2.6.2.aar (androidx.lifecycle:lifecycle-viewmodel:2.6.2) with JetifyTransform
Transforming lifecycle-viewmodel-2.6.2.aar (androidx.lifecycle:lifecycle-viewmodel:2.6.2) with ExtractAarTransform
Transforming lifecycle-viewmodel-2.6.2.aar (androidx.lifecycle:lifecycle-viewmodel:2.6.2) with AarTransform
Transforming lifecycle-process-2.6.2.aar (androidx.lifecycle:lifecycle-process:2.6.2) with JetifyTransform
Transforming lifecycle-process-2.6.2.aar (androidx.lifecycle:lifecycle-process:2.6.2) with ExtractAarTransform
Transforming lifecycle-process-2.6.2.aar (androidx.lifecycle:lifecycle-process:2.6.2) with AarTransform
Transforming lifecycle-livedata-core-2.6.2.aar (androidx.lifecycle:lifecycle-livedata-core:2.6.2) with JetifyTransform
Transforming lifecycle-livedata-core-2.6.2.aar (androidx.lifecycle:lifecycle-livedata-core:2.6.2) with ExtractAarTransform
Transforming lifecycle-livedata-core-2.6.2.aar (androidx.lifecycle:lifecycle-livedata-core:2.6.2) with AarTransform
Transforming lifecycle-runtime-2.6.2.aar (androidx.lifecycle:lifecycle-runtime:2.6.2) with JetifyTransform
Transforming lifecycle-runtime-2.6.2.aar (androidx.lifecycle:lifecycle-runtime:2.6.2) with ExtractAarTransform
Transforming lifecycle-runtime-2.6.2.aar (androidx.lifecycle:lifecycle-runtime:2.6.2) with AarTransform
Transforming lifecycle-viewmodel-savedstate-2.6.2.aar (androidx.lifecycle:lifecycle-viewmodel-savedstate:2.6.2) with JetifyTransform
Transforming lifecycle-viewmodel-savedstate-2.6.2.aar (androidx.lifecycle:lifecycle-viewmodel-savedstate:2.6.2) with ExtractAarTransform
Transforming lifecycle-viewmodel-savedstate-2.6.2.aar (androidx.lifecycle:lifecycle-viewmodel-savedstate:2.6.2) with AarTransform
Transforming core-ktx-1.13.0.aar (androidx.core:core-ktx:1.13.0) with JetifyTransform
Transforming core-ktx-1.13.0.aar (androidx.core:core-ktx:1.13.0) with ExtractAarTransform
Transforming core-ktx-1.13.0.aar (androidx.core:core-ktx:1.13.0) with AarTransform
Transforming drawerlayout-1.1.1.aar (androidx.drawerlayout:drawerlayout:1.1.1) with JetifyTransform
Transforming drawerlayout-1.1.1.aar (androidx.drawerlayout:drawerlayout:1.1.1) with ExtractAarTransform
Transforming drawerlayout-1.1.1.aar (androidx.drawerlayout:drawerlayout:1.1.1) with AarTransform
Transforming coordinatorlayout-1.1.0.aar (androidx.coordinatorlayout:coordinatorlayout:1.1.0) with JetifyTransform
Transforming coordinatorlayout-1.1.0.aar (androidx.coordinatorlayout:coordinatorlayout:1.1.0) with ExtractAarTransform
Transforming coordinatorlayout-1.1.0.aar (androidx.coordinatorlayout:coordinatorlayout:1.1.0) with AarTransform
Transforming vectordrawable-animated-1.1.0.aar (androidx.vectordrawable:vectordrawable-animated:1.1.0) with JetifyTransform
Transforming vectordrawable-animated-1.1.0.aar (androidx.vectordrawable:vectordrawable-animated:1.1.0) with ExtractAarTransform
Caching disabled for AarTransform: /home/runner/.gradle/caches/8.9/transforms/feb4f85dfd91f72f46e03c4ac10ae1af/transformed/constraintlayout-2.0.1 because:
  Build cache is disabled
  Caching not enabled.
Transforming vectordrawable-animated-1.1.0.aar (androidx.vectordrawable:vectordrawable-animated:1.1.0) with AarTransform
Transforming vectordrawable-1.1.0.aar (androidx.vectordrawable:vectordrawable:1.1.0) with JetifyTransform
Transforming vectordrawable-1.1.0.aar (androidx.vectordrawable:vectordrawable:1.1.0) with ExtractAarTransform
Caching disabled for AarTransform: /home/runner/.gradle/caches/8.9/transforms/6df8cd1b45d23a4579db10a5888dffcb/transformed/material-1.12.0 because:
  Build cache is disabled
  Caching not enabled.
Transforming vectordrawable-1.1.0.aar (androidx.vectordrawable:vectordrawable:1.1.0) with AarTransform
Transforming vectordrawable-1.1.0.aar (androidx.vectordrawable:vectordrawable:1.1.0) with JetifyTransform
Transforming vectordrawable-1.1.0.aar (androidx.vectordrawable:vectordrawable:1.1.0) with ExtractAarTransform
Transforming vectordrawable-1.1.0.aar (androidx.vectordrawable:vectordrawable:1.1.0) with AarTransform
Transforming viewpager-1.0.0.aar (androidx.viewpager:viewpager:1.0.0) with JetifyTransform
Transforming viewpager-1.0.0.aar (androidx.viewpager:viewpager:1.0.0) with ExtractAarTransform
Transforming viewpager-1.0.0.aar (androidx.viewpager:viewpager:1.0.0) with AarTransform
Transforming recyclerview-1.1.0.aar (androidx.recyclerview:recyclerview:1.1.0) with JetifyTransform
Transforming recyclerview-1.1.0.aar (androidx.recyclerview:recyclerview:1.1.0) with ExtractAarTransform
Transforming recyclerview-1.1.0.aar (androidx.recyclerview:recyclerview:1.1.0) with AarTransform
Transforming recyclerview-1.1.0.aar (androidx.recyclerview:recyclerview:1.1.0) with JetifyTransform
Transforming recyclerview-1.1.0.aar (androidx.recyclerview:recyclerview:1.1.0) with ExtractAarTransform
Transforming recyclerview-1.1.0.aar (androidx.recyclerview:recyclerview:1.1.0) with AarTransform
Transforming customview-1.1.0.aar (androidx.customview:customview:1.1.0) with JetifyTransform
Transforming customview-1.1.0.aar (androidx.customview:customview:1.1.0) with ExtractAarTransform
Transforming customview-1.1.0.aar (androidx.customview:customview:1.1.0) with AarTransform
Transforming customview-1.1.0.aar (androidx.customview:customview:1.1.0) with JetifyTransform
Transforming customview-1.1.0.aar (androidx.customview:customview:1.1.0) with ExtractAarTransform
Transforming customview-1.1.0.aar (androidx.customview:customview:1.1.0) with AarTransform
Transforming customview-1.1.0.aar (androidx.customview:customview:1.1.0) with JetifyTransform
Transforming customview-1.1.0.aar (androidx.customview:customview:1.1.0) with ExtractAarTransform
Transforming customview-1.1.0.aar (androidx.customview:customview:1.1.0) with AarTransform
Transforming customview-1.1.0.aar (androidx.customview:customview:1.1.0) with JetifyTransform
Transforming customview-1.1.0.aar (androidx.customview:customview:1.1.0) with ExtractAarTransform
Transforming customview-1.1.0.aar (androidx.customview:customview:1.1.0) with AarTransform
Transforming core-1.13.0.aar (androidx.core:core:1.13.0) with JetifyTransform
Transforming core-1.13.0.aar (androidx.core:core:1.13.0) with ExtractAarTransform
Transforming core-1.13.0.aar (androidx.core:core:1.13.0) with AarTransform
Transforming core-1.13.0.aar (androidx.core:core:1.13.0) with JetifyTransform
Transforming core-1.13.0.aar (androidx.core:core:1.13.0) with ExtractAarTransform
Transforming core-1.13.0.aar (androidx.core:core:1.13.0) with AarTransform
Transforming core-1.13.0.aar (androidx.core:core:1.13.0) with JetifyTransform
Transforming core-1.13.0.aar (androidx.core:core:1.13.0) with ExtractAarTransform
Transforming core-1.13.0.aar (androidx.core:core:1.13.0) with AarTransform
Caching disabled for AarTransform: /home/runner/.gradle/caches/8.9/transforms/49ecf135d4e3d803ddc6d648e8e2d454/transformed/cardview-1.0.0 because:
  Build cache is disabled
  Caching not enabled.
Transforming core-1.13.0.aar (androidx.core:core:1.13.0) with JetifyTransform
Transforming core-1.13.0.aar (androidx.core:core:1.13.0) with ExtractAarTransform
Transforming core-1.13.0.aar (androidx.core:core:1.13.0) with AarTransform
Transforming core-1.13.0.aar (androidx.core:core:1.13.0) with JetifyTransform
Transforming core-1.13.0.aar (androidx.core:core:1.13.0) with ExtractAarTransform
Transforming core-1.13.0.aar (androidx.core:core:1.13.0) with AarTransform
Transforming core-1.13.0.aar (androidx.core:core:1.13.0) with JetifyTransform
Transforming core-1.13.0.aar (androidx.core:core:1.13.0) with ExtractAarTransform
Transforming core-1.13.0.aar (androidx.core:core:1.13.0) with AarTransform
Transforming core-1.13.0.aar (androidx.core:core:1.13.0) with JetifyTransform
Transforming core-1.13.0.aar (androidx.core:core:1.13.0) with ExtractAarTransform
Transforming core-1.13.0.aar (androidx.core:core:1.13.0) with AarTransform
Transforming core-1.13.0.aar (androidx.core:core:1.13.0) with JetifyTransform
Transforming core-1.13.0.aar (androidx.core:core:1.13.0) with ExtractAarTransform
Transforming core-1.13.0.aar (androidx.core:core:1.13.0) with AarTransform
Transforming core-1.13.0.aar (androidx.core:core:1.13.0) with JetifyTransform
Transforming core-1.13.0.aar (androidx.core:core:1.13.0) with ExtractAarTransform
Transforming core-1.13.0.aar (androidx.core:core:1.13.0) with AarTransform
Transforming core-1.13.0.aar (androidx.core:core:1.13.0) with JetifyTransform
Transforming core-1.13.0.aar (androidx.core:core:1.13.0) with ExtractAarTransform
Transforming core-1.13.0.aar (androidx.core:core:1.13.0) with AarTransform
Transforming core-1.13.0.aar (androidx.core:core:1.13.0) with JetifyTransform
Transforming core-1.13.0.aar (androidx.core:core:1.13.0) with ExtractAarTransform
Transforming core-1.13.0.aar (androidx.core:core:1.13.0) with AarTransform
Transforming core-1.13.0.aar (androidx.core:core:1.13.0) with JetifyTransform
Transforming core-1.13.0.aar (androidx.core:core:1.13.0) with ExtractAarTransform
Transforming core-1.13.0.aar (androidx.core:core:1.13.0) with AarTransform
Transforming cursoradapter-1.0.0.aar (androidx.cursoradapter:cursoradapter:1.0.0) with JetifyTransform
Transforming cursoradapter-1.0.0.aar (androidx.cursoradapter:cursoradapter:1.0.0) with ExtractAarTransform
Transforming cursoradapter-1.0.0.aar (androidx.cursoradapter:cursoradapter:1.0.0) with AarTransform
Caching disabled for AarTransform: /home/runner/.gradle/caches/8.9/transforms/89cb9b3d1cdd26c97a47967f5d3f52fe/transformed/appcompat-1.7.1 because:
  Build cache is disabled
  Caching not enabled.
Transforming profileinstaller-1.3.1.aar (androidx.profileinstaller:profileinstaller:1.3.1) with JetifyTransform
Transforming profileinstaller-1.3.1.aar (androidx.profileinstaller:profileinstaller:1.3.1) with ExtractAarTransform
Caching disabled for AarTransform: /home/runner/.gradle/caches/8.9/transforms/8e7f44c465a91614de2f5af3a62f8a50/transformed/swiperefreshlayout-1.1.0 because:
  Build cache is disabled
  Caching not enabled.
Transforming profileinstaller-1.3.1.aar (androidx.profileinstaller:profileinstaller:1.3.1) with AarTransform
Transforming interpolator-1.0.0.aar (androidx.interpolator:interpolator:1.0.0) with JetifyTransform
Transforming interpolator-1.0.0.aar (androidx.interpolator:interpolator:1.0.0) with ExtractAarTransform
Transforming interpolator-1.0.0.aar (androidx.interpolator:interpolator:1.0.0) with AarTransform
Transforming interpolator-1.0.0.aar (androidx.interpolator:interpolator:1.0.0) with JetifyTransform
Transforming interpolator-1.0.0.aar (androidx.interpolator:interpolator:1.0.0) with ExtractAarTransform
Transforming interpolator-1.0.0.aar (androidx.interpolator:interpolator:1.0.0) with AarTransform
Transforming interpolator-1.0.0.aar (androidx.interpolator:interpolator:1.0.0) with JetifyTransform
Transforming interpolator-1.0.0.aar (androidx.interpolator:interpolator:1.0.0) with ExtractAarTransform
Caching disabled for AarTransform: /home/runner/.gradle/caches/8.9/transforms/87537a02a099b0a726555e40de89098f/transformed/fragment-1.5.4 because:
  Build cache is disabled
  Caching not enabled.
Transforming interpolator-1.0.0.aar (androidx.interpolator:interpolator:1.0.0) with AarTransform
Transforming startup-runtime-1.1.1.aar (androidx.startup:startup-runtime:1.1.1) with JetifyTransform
Transforming startup-runtime-1.1.1.aar (androidx.startup:startup-runtime:1.1.1) with ExtractAarTransform
Transforming startup-runtime-1.1.1.aar (androidx.startup:startup-runtime:1.1.1) with AarTransform
Transforming tracing-1.0.0.aar (androidx.tracing:tracing:1.0.0) with JetifyTransform
Transforming tracing-1.0.0.aar (androidx.tracing:tracing:1.0.0) with ExtractAarTransform
Transforming tracing-1.0.0.aar (androidx.tracing:tracing:1.0.0) with AarTransform
Caching disabled for AarTransform: /home/runner/.gradle/caches/8.9/transforms/0040263336a7001c4c99789f733fe0bf/transformed/jetified-viewpager2-1.0.0 because:
  Build cache is disabled
  Caching not enabled.
Transforming versionedparcelable-1.1.1.aar (androidx.versionedparcelable:versionedparcelable:1.1.1) with JetifyTransform
Transforming versionedparcelable-1.1.1.aar (androidx.versionedparcelable:versionedparcelable:1.1.1) with ExtractAarTransform
Transforming versionedparcelable-1.1.1.aar (androidx.versionedparcelable:versionedparcelable:1.1.1) with AarTransform
Transforming core-runtime-2.2.0.aar (androidx.arch.core:core-runtime:2.2.0) with JetifyTransform
Transforming core-runtime-2.2.0.aar (androidx.arch.core:core-runtime:2.2.0) with ExtractAarTransform
Transforming core-runtime-2.2.0.aar (androidx.arch.core:core-runtime:2.2.0) with AarTransform
Transforming documentfile-1.0.0.aar (androidx.documentfile:documentfile:1.0.0) with JetifyTransform
Transforming documentfile-1.0.0.aar (androidx.documentfile:documentfile:1.0.0) with ExtractAarTransform
Transforming documentfile-1.0.0.aar (androidx.documentfile:documentfile:1.0.0) with AarTransform
Transforming localbroadcastmanager-1.0.0.aar (androidx.localbroadcastmanager:localbroadcastmanager:1.0.0) with JetifyTransform
Transforming localbroadcastmanager-1.0.0.aar (androidx.localbroadcastmanager:localbroadcastmanager:1.0.0) with ExtractAarTransform
Transforming localbroadcastmanager-1.0.0.aar (androidx.localbroadcastmanager:localbroadcastmanager:1.0.0) with AarTransform
Transforming print-1.0.0.aar (androidx.print:print:1.0.0) with JetifyTransform
Transforming print-1.0.0.aar (androidx.print:print:1.0.0) with ExtractAarTransform
Transforming print-1.0.0.aar (androidx.print:print:1.0.0) with AarTransform
Transforming annotation-experimental-1.4.0.aar (androidx.annotation:annotation-experimental:1.4.0) with JetifyTransform
Transforming annotation-experimental-1.4.0.aar (androidx.annotation:annotation-experimental:1.4.0) with ExtractAarTransform
Caching disabled for AarTransform: /home/runner/.gradle/caches/8.9/transforms/2e921cd16d63f4e0d0a788ce4333e813/transformed/jetified-savedstate-1.2.1 because:
  Build cache is disabled
  Caching not enabled.
Caching disabled for AarTransform: /home/runner/.gradle/caches/8.9/transforms/4e8bec9299dffd9596afba85cc18d80e/transformed/jetified-emoji2-views-helper-1.3.0 because:
  Build cache is disabled
  Caching not enabled.
Caching disabled for AarTransform: /home/runner/.gradle/caches/8.9/transforms/8562a75cda5f6922af2749efd5668243/transformed/jetified-activity-1.8.0 because:
  Build cache is disabled
  Caching not enabled.
Transforming annotation-experimental-1.4.0.aar (androidx.annotation:annotation-experimental:1.4.0) with AarTransform
Caching disabled for AarTransform: /home/runner/.gradle/caches/8.9/transforms/00197f34d12a2636b7031ecbe315c8f9/transformed/jetified-emoji2-1.3.0 because:
  Build cache is disabled
  Caching not enabled.
Caching disabled for AarTransform: /home/runner/.gradle/caches/8.9/transforms/36c5ec91343febb991bb38bfc7f58c4c/transformed/transition-1.5.0 because:
  Build cache is disabled
  Caching not enabled.
Caching disabled for AarTransform: /home/runner/.gradle/caches/8.9/transforms/a98ab41f04f2b70b9136868ddc3c6988/transformed/dynamicanimation-1.0.0 because:
  Build cache is disabled
  Caching not enabled.
Caching disabled for AarTransform: /home/runner/.gradle/caches/8.9/transforms/97fac01138fa0ca98836a6c0952c726f/transformed/legacy-support-core-utils-1.0.0 because:
  Build cache is disabled
  Caching not enabled.
Caching disabled for AarTransform: /home/runner/.gradle/caches/8.9/transforms/d484ffba6ed6b8298693d91d630519be/transformed/loader-1.0.0 because:
  Build cache is disabled
  Caching not enabled.
Caching disabled for AarTransform: /home/runner/.gradle/caches/8.9/transforms/af1ec8159a9125a15e0ff13e4d318e0c/transformed/lifecycle-livedata-2.6.2 because:
  Build cache is disabled
  Caching not enabled.
Caching disabled for AarTransform: /home/runner/.gradle/caches/8.9/transforms/8862448272d648364c0c2b537e506026/transformed/lifecycle-viewmodel-2.6.2 because:
  Build cache is disabled
  Caching not enabled.
Caching disabled for AarTransform: /home/runner/.gradle/caches/8.9/transforms/00e060e70a5e957e5a01deb8b92ed6dc/transformed/jetified-lifecycle-process-2.6.2 because:
  Build cache is disabled
  Caching not enabled.
Caching disabled for AarTransform: /home/runner/.gradle/caches/8.9/transforms/a8221c4a062845a1dc7c70c66d0e4a4e/transformed/lifecycle-livedata-core-2.6.2 because:
  Build cache is disabled
  Caching not enabled.
Caching disabled for AarTransform: /home/runner/.gradle/caches/8.9/transforms/3b3644b3c553c82eadf15c6e5d01cf4d/transformed/lifecycle-runtime-2.6.2 because:
  Build cache is disabled
  Caching not enabled.
Caching disabled for AarTransform: /home/runner/.gradle/caches/8.9/transforms/df86b5c62f004f13d3db41dcff367a74/transformed/jetified-lifecycle-viewmodel-savedstate-2.6.2 because:
  Build cache is disabled
  Caching not enabled.
Caching disabled for AarTransform: /home/runner/.gradle/caches/8.9/transforms/0be29cfc4c54d60898ecd27cf16cab3d/transformed/jetified-core-ktx-1.13.0 because:
  Build cache is disabled
  Caching not enabled.
Caching disabled for AarTransform: /home/runner/.gradle/caches/8.9/transforms/0f502e0b8b835dbb1b6f26efd1a62317/transformed/drawerlayout-1.1.1 because:
  Build cache is disabled
  Caching not enabled.
Caching disabled for AarTransform: /home/runner/.gradle/caches/8.9/transforms/30fba741f8e98cb753260dbf350d5148/transformed/vectordrawable-animated-1.1.0 because:
  Build cache is disabled
  Caching not enabled.
Caching disabled for AarTransform: /home/runner/.gradle/caches/8.9/transforms/43a21389397008df984784051cd39a6b/transformed/coordinatorlayout-1.1.0 because:
  Build cache is disabled
  Caching not enabled.
Caching disabled for AarTransform: /home/runner/.gradle/caches/8.9/transforms/ba0144e1eaeacaff4f5b3a717a34c7be/transformed/vectordrawable-1.1.0 because:
  Build cache is disabled
  Caching not enabled.
Caching disabled for AarTransform: /home/runner/.gradle/caches/8.9/transforms/10ee40a6142a5042899ff73fe04c5d8b/transformed/viewpager-1.0.0 because:
  Build cache is disabled
  Caching not enabled.
Caching disabled for AarTransform: /home/runner/.gradle/caches/8.9/transforms/6d4ea35faec5ef91dbb4f282b1b6ffbf/transformed/recyclerview-1.1.0 because:
  Build cache is disabled
  Caching not enabled.
Caching disabled for AarTransform: /home/runner/.gradle/caches/8.9/transforms/683e6a8bc3e17246566ffef111d7b2ff/transformed/customview-1.1.0 because:
  Build cache is disabled
  Caching not enabled.
Caching disabled for AarTransform: /home/runner/.gradle/caches/8.9/transforms/f734d3757685d8d992319f55d6e2d5ac/transformed/core-1.13.0 because:
  Build cache is disabled
  Caching not enabled.
Caching disabled for AarTransform: /home/runner/.gradle/caches/8.9/transforms/b2f415a8e3d9fc654f2084f27bfdaf48/transformed/cursoradapter-1.0.0 because:
  Build cache is disabled
  Caching not enabled.
Caching disabled for AarTransform: /home/runner/.gradle/caches/8.9/transforms/b6dbd5c360994196cbc5abe1dc367211/transformed/jetified-profileinstaller-1.3.1 because:
  Build cache is disabled
  Caching not enabled.
Caching disabled for AarTransform: /home/runner/.gradle/caches/8.9/transforms/575019187b8792bebba099b4b4f9269a/transformed/interpolator-1.0.0 because:
  Build cache is disabled
  Caching not enabled.
Caching disabled for AarTransform: /home/runner/.gradle/caches/8.9/transforms/f61726133436fb716beadfcb15fd5237/transformed/jetified-tracing-1.0.0 because:
  Build cache is disabled
  Caching not enabled.
Caching disabled for AarTransform: /home/runner/.gradle/caches/8.9/transforms/5914cd0d1f7ce5b2d77c09c643cca61b/transformed/jetified-startup-runtime-1.1.1 because:
  Build cache is disabled
  Caching not enabled.
Caching disabled for AarTransform: /home/runner/.gradle/caches/8.9/transforms/37cbb73f3bb006c5cbb9064d51f4a190/transformed/versionedparcelable-1.1.1 because:
  Build cache is disabled
  Caching not enabled.
Caching disabled for AarTransform: /home/runner/.gradle/caches/8.9/transforms/b846f2f00b2fb8998e8048ba693200c5/transformed/core-runtime-2.2.0 because:
  Build cache is disabled
  Caching not enabled.
Caching disabled for AarTransform: /home/runner/.gradle/caches/8.9/transforms/bc8f8dc3241e5b4ff25b79e96c1014cf/transformed/documentfile-1.0.0 because:
  Build cache is disabled
  Caching not enabled.
Caching disabled for AarTransform: /home/runner/.gradle/caches/8.9/transforms/2093dc12b474d9b688c7d4994cd0f98a/transformed/localbroadcastmanager-1.0.0 because:
  Build cache is disabled
  Caching not enabled.
Caching disabled for AarTransform: /home/runner/.gradle/caches/8.9/transforms/7758a461aa5bb4bfd2794f3c068d3de2/transformed/print-1.0.0 because:
  Build cache is disabled
  Caching not enabled.
Caching disabled for AarTransform: /home/runner/.gradle/caches/8.9/transforms/6abf8626c442ae157d9fa8be702afb2c/transformed/jetified-annotation-experimental-1.4.0 because:
  Build cache is disabled
  Caching not enabled.
Caching disabled for task ':app:mergeDebugResources' because:
  Build cache is disabled
Task ':app:mergeDebugResources' is not up-to-date because:
  No history is available.
The input changes require a full rebuild for incremental task ':app:mergeDebugResources'.
[MergeResources] Inputs are non-incremental full task action.
file or directory '/home/runner/work/smoker-browser/smoker-browser/app/libs', not found
Compiling XML table /home/runner/work/smoker-browser/smoker-browser/app/build/intermediates/incremental/debug/mergeDebugResources/merged.dir/values-hi/values-hi.xml to /home/runner/work/smoker-browser/smoker-browser/app/build/intermediates/merged_res/debug/mergeDebugResources/values-hi_values-hi.arsc.flat
Compiling XML table /home/runner/work/smoker-browser/smoker-browser/app/build/intermediates/incremental/debug/mergeDebugResources/merged.dir/values-pt/values-pt.xml to /home/runner/work/smoker-browser/smoker-browser/app/build/intermediates/merged_res/debug/mergeDebugResources/values-pt_values-pt.arsc.flat
Compiling XML table /home/runner/work/smoker-browser/smoker-browser/app/build/intermediates/incremental/debug/mergeDebugResources/merged.dir/values/values.xml to /home/runner/work/smoker-browser/smoker-browser/app/build/intermediates/merged_res/debug/mergeDebugResources/values_values.arsc.flat
Compiling XML table /home/runner/work/smoker-browser/smoker-browser/app/build/intermediates/incremental/debug/mergeDebugResources/merged.dir/values-watch-v21/values-watch-v21.xml to /home/runner/work/smoker-browser/smoker-browser/app/build/intermediates/merged_res/debug/mergeDebugResources/values-watch-v21_values-watch-v21.arsc.flat
Compiling XML table /home/runner/work/smoker-browser/smoker-browser/app/build/intermediates/incremental/debug/mergeDebugResources/merged.dir/values-hy/values-hy.xml to /home/runner/work/smoker-browser/smoker-browser/app/build/intermediates/merged_res/debug/mergeDebugResources/values-hy_values-hy.arsc.flat
Compiling XML table /home/runner/work/smoker-browser/smoker-browser/app/build/intermediates/incremental/debug/mergeDebugResources/merged.dir/values-hu/values-hu.xml to /home/runner/work/smoker-browser/smoker-browser/app/build/intermediates/merged_res/debug/mergeDebugResources/values-hu_values-hu.arsc.flat
Compiling XML table /home/runner/work/smoker-browser/smoker-browser/app/build/intermediates/incremental/debug/mergeDebugResources/merged.dir/values-hr/values-hr.xml to /home/runner/work/smoker-browser/smoker-browser/app/build/intermediates/merged_res/debug/mergeDebugResources/values-hr_values-hr.arsc.flat
Compiling XML table /home/runner/work/smoker-browser/smoker-browser/app/build/intermediates/incremental/debug/mergeDebugResources/merged.dir/values-v18/values-v18.xml to /home/runner/work/smoker-browser/smoker-browser/app/build/intermediates/merged_res/debug/mergeDebugResources/values-v18_values-v18.arsc.flat
Compiling XML table /home/runner/work/smoker-browser/smoker-browser/app/build/intermediates/incremental/debug/mergeDebugResources/merged.dir/values-in/values-in.xml to /home/runner/work/smoker-browser/smoker-browser/app/build/intermediates/merged_res/debug/mergeDebugResources/values-in_values-in.arsc.flat
Compiling XML table /home/runner/work/smoker-browser/smoker-browser/app/build/intermediates/incremental/debug/mergeDebugResources/merged.dir/values-v17/values-v17.xml to /home/runner/work/smoker-browser/smoker-browser/app/build/intermediates/merged_res/debug/mergeDebugResources/values-v17_values-v17.arsc.flat
Compiling XML table /home/runner/work/smoker-browser/smoker-browser/app/build/intermediates/incremental/debug/mergeDebugResources/merged.dir/values-v16/values-v16.xml to /home/runner/work/smoker-browser/smoker-browser/app/build/intermediates/merged_res/debug/mergeDebugResources/values-v16_values-v16.arsc.flat
Compiling XML table /home/runner/work/smoker-browser/smoker-browser/app/build/intermediates/incremental/debug/mergeDebugResources/merged.dir/values-w360dp-port-v13/values-w360dp-port-v13.xml to /home/runner/work/smoker-browser/smoker-browser/app/build/intermediates/merged_res/debug/mergeDebugResources/values-w360dp-port-v13_values-w360dp-port-v13.arsc.flat
Compiling XML table /home/runner/work/smoker-browser/smoker-browser/app/build/intermediates/incremental/debug/mergeDebugResources/merged.dir/values-zh-rHK/values-zh-rHK.xml to /home/runner/work/smoker-browser/smoker-browser/app/build/intermediates/merged_res/debug/mergeDebugResources/values-zh-rHK_values-zh-rHK.arsc.flat
Compiling XML table /home/runner/work/smoker-browser/smoker-browser/app/build/intermediates/incremental/debug/mergeDebugResources/merged.dir/values-af/values-af.xml to /home/runner/work/smoker-browser/smoker-browser/app/build/intermediates/merged_res/debug/mergeDebugResources/values-af_values-af.arsc.flat
Compiling XML table /home/runner/work/smoker-browser/smoker-browser/app/build/intermediates/incremental/debug/mergeDebugResources/merged.dir/values-iw/values-iw.xml to /home/runner/work/smoker-browser/smoker-browser/app/build/intermediates/merged_res/debug/mergeDebugResources/values-iw_values-iw.arsc.flat
Compiling XML table /home/runner/work/smoker-browser/smoker-browser/app/build/intermediates/incremental/debug/mergeDebugResources/merged.dir/values-is/values-is.xml to /home/runner/work/smoker-browser/smoker-browser/app/build/intermediates/merged_res/debug/mergeDebugResources/values-is_values-is.arsc.flat
Compiling XML table /home/runner/work/smoker-browser/smoker-browser/app/build/intermediates/incremental/debug/mergeDebugResources/merged.dir/values-v21/values-v21.xml to /home/runner/work/smoker-browser/smoker-browser/app/build/intermediates/merged_res/debug/mergeDebugResources/values-v21_values-v21.arsc.flat
Compiling XML table /home/runner/work/smoker-browser/smoker-browser/app/build/intermediates/incremental/debug/mergeDebugResources/merged.dir/values-it/values-it.xml to /home/runner/work/smoker-browser/smoker-browser/app/build/intermediates/merged_res/debug/mergeDebugResources/values-it_values-it.arsc.flat
Compiling XML table /home/runner/work/smoker-browser/smoker-browser/app/build/intermediates/incremental/debug/mergeDebugResources/merged.dir/values-b+sr+Latn/values-b+sr+Latn.xml to /home/runner/work/smoker-browser/smoker-browser/app/build/intermediates/merged_res/debug/mergeDebugResources/values-b+sr+Latn_values-b+sr+Latn.arsc.flat
Compiling XML table /home/runner/work/smoker-browser/smoker-browser/app/build/intermediates/incremental/debug/mergeDebugResources/merged.dir/values-ar/values-ar.xml to /home/runner/work/smoker-browser/smoker-browser/app/build/intermediates/merged_res/debug/mergeDebugResources/values-ar_values-ar.arsc.flat
Compiling XML table /home/runner/work/smoker-browser/smoker-browser/app/build/intermediates/incremental/debug/mergeDebugResources/merged.dir/values-es-rUS/values-es-rUS.xml to /home/runner/work/smoker-browser/smoker-browser/app/build/intermediates/merged_res/debug/mergeDebugResources/values-es-rUS_values-es-rUS.arsc.flat
Compiling XML table /home/runner/work/smoker-browser/smoker-browser/app/build/intermediates/incremental/debug/mergeDebugResources/merged.dir/values-v23/values-v23.xml to /home/runner/work/smoker-browser/smoker-browser/app/build/intermediates/merged_res/debug/mergeDebugResources/values-v23_values-v23.arsc.flat
Compiling XML table /home/runner/work/smoker-browser/smoker-browser/app/build/intermediates/incremental/debug/mergeDebugResources/merged.dir/values-v22/values-v22.xml to /home/runner/work/smoker-browser/smoker-browser/app/build/intermediates/merged_res/debug/mergeDebugResources/values-v22_values-v22.arsc.flat
Compiling XML table /home/runner/work/smoker-browser/smoker-browser/app/build/intermediates/incremental/debug/mergeDebugResources/merged.dir/values-h360dp-land-v13/values-h360dp-land-v13.xml to /home/runner/work/smoker-browser/smoker-browser/app/build/intermediates/merged_res/debug/mergeDebugResources/values-h360dp-land-v13_values-h360dp-land-v13.arsc.flat
Compiling XML table /home/runner/work/smoker-browser/smoker-browser/app/build/intermediates/incremental/debug/mergeDebugResources/merged.dir/values-h480dp-land-v13/values-h480dp-land-v13.xml to /home/runner/work/smoker-browser/smoker-browser/app/build/intermediates/merged_res/debug/mergeDebugResources/values-h480dp-land-v13_values-h480dp-land-v13.arsc.flat
Compiling XML table /home/runner/work/smoker-browser/smoker-browser/app/build/intermediates/incremental/debug/mergeDebugResources/merged.dir/values-v25/values-v25.xml to /home/runner/work/smoker-browser/smoker-browser/app/build/intermediates/merged_res/debug/mergeDebugResources/values-v25_values-v25.arsc.flat
Compiling XML table /home/runner/work/smoker-browser/smoker-browser/app/build/intermediates/incremental/debug/mergeDebugResources/merged.dir/values-az/values-az.xml to /home/runner/work/smoker-browser/smoker-browser/app/build/intermediates/merged_res/debug/mergeDebugResources/values-az_values-az.arsc.flat
Compiling XML table /home/runner/work/smoker-browser/smoker-browser/app/build/intermediates/incremental/debug/mergeDebugResources/merged.dir/values-ru/values-ru.xml to /home/runner/work/smoker-browser/smoker-browser/app/build/intermediates/merged_res/debug/mergeDebugResources/values-ru_values-ru.arsc.flat
Compiling XML table /home/runner/work/smoker-browser/smoker-browser/app/build/intermediates/incremental/debug/mergeDebugResources/merged.dir/values-pt-rPT/values-pt-rPT.xml to /home/runner/work/smoker-browser/smoker-browser/app/build/intermediates/merged_res/debug/mergeDebugResources/values-pt-rPT_values-pt-rPT.arsc.flat
Compiling XML table /home/runner/work/smoker-browser/smoker-browser/app/build/intermediates/incremental/debug/mergeDebugResources/merged.dir/values-zu/values-zu.xml to /home/runner/work/smoker-browser/smoker-browser/app/build/intermediates/merged_res/debug/mergeDebugResources/values-zu_values-zu.arsc.flat
Compiling XML table /home/runner/work/smoker-browser/smoker-browser/app/build/intermediates/incremental/debug/mergeDebugResources/merged.dir/values-ro/values-ro.xml to /home/runner/work/smoker-browser/smoker-browser/app/build/intermediates/merged_res/debug/mergeDebugResources/values-ro_values-ro.arsc.flat
Compiling XML table /home/runner/work/smoker-browser/smoker-browser/app/build/intermediates/incremental/debug/mergeDebugResources/merged.dir/values-bs/values-bs.xml to /home/runner/work/smoker-browser/smoker-browser/app/build/intermediates/merged_res/debug/mergeDebugResources/values-bs_values-bs.arsc.flat
Compiling XML table /home/runner/work/smoker-browser/smoker-browser/app/build/intermediates/incremental/debug/mergeDebugResources/merged.dir/values-be/values-be.xml to /home/runner/work/smoker-browser/smoker-browser/app/build/intermediates/merged_res/debug/mergeDebugResources/values-be_values-be.arsc.flat
Compiling XML table /home/runner/work/smoker-browser/smoker-browser/app/build/intermediates/incremental/debug/mergeDebugResources/merged.dir/values-v34/values-v34.xml to /home/runner/work/smoker-browser/smoker-browser/app/build/intermediates/merged_res/debug/mergeDebugResources/values-v34_values-v34.arsc.flat
Compiling XML table /home/runner/work/smoker-browser/smoker-browser/app/build/intermediates/incremental/debug/mergeDebugResources/merged.dir/values-v28/values-v28.xml to /home/runner/work/smoker-browser/smoker-browser/app/build/intermediates/merged_res/debug/mergeDebugResources/values-v28_values-v28.arsc.flat
Compiling XML table /home/runner/work/smoker-browser/smoker-browser/app/build/intermediates/incremental/debug/mergeDebugResources/merged.dir/values-bg/values-bg.xml to /home/runner/work/smoker-browser/smoker-browser/app/build/intermediates/merged_res/debug/mergeDebugResources/values-bg_values-bg.arsc.flat
Compiling XML table /home/runner/work/smoker-browser/smoker-browser/app/build/intermediates/incremental/debug/mergeDebugResources/merged.dir/values-en-rCA/values-en-rCA.xml to /home/runner/work/smoker-browser/smoker-browser/app/build/intermediates/merged_res/debug/mergeDebugResources/values-en-rCA_values-en-rCA.arsc.flat
Compiling XML table /home/runner/work/smoker-browser/smoker-browser/app/build/intermediates/incremental/debug/mergeDebugResources/merged.dir/values-ca/values-ca.xml to /home/runner/work/smoker-browser/smoker-browser/app/build/intermediates/merged_res/debug/mergeDebugResources/values-ca_values-ca.arsc.flat
Compiling XML table /home/runner/work/smoker-browser/smoker-browser/app/build/intermediates/incremental/debug/mergeDebugResources/merged.dir/values-si/values-si.xml to /home/runner/work/smoker-browser/smoker-browser/app/build/intermediates/merged_res/debug/mergeDebugResources/values-si_values-si.arsc.flat
Compiling XML table /home/runner/work/smoker-browser/smoker-browser/app/build/intermediates/incremental/debug/mergeDebugResources/merged.dir/values-v31/values-v31.xml to /home/runner/work/smoker-browser/smoker-browser/app/build/intermediates/merged_res/debug/mergeDebugResources/values-v31_values-v31.arsc.flat
Compiling XML table /home/runner/work/smoker-browser/smoker-browser/app/build/intermediates/incremental/debug/mergeDebugResources/merged.dir/values-km/values-km.xml to /home/runner/work/smoker-browser/smoker-browser/app/build/intermediates/merged_res/debug/mergeDebugResources/values-km_values-km.arsc.flat
Compiling XML table /home/runner/work/smoker-browser/smoker-browser/app/build/intermediates/incremental/debug/mergeDebugResources/merged.dir/values-sq/values-sq.xml to /home/runner/work/smoker-browser/smoker-browser/app/build/intermediates/merged_res/debug/mergeDebugResources/values-sq_values-sq.arsc.flat
Compiling XML table /home/runner/work/smoker-browser/smoker-browser/app/build/intermediates/incremental/debug/mergeDebugResources/merged.dir/values-sw/values-sw.xml to /home/runner/work/smoker-browser/smoker-browser/app/build/intermediates/merged_res/debug/mergeDebugResources/values-sw_values-sw.arsc.flat
Compiling XML table /home/runner/work/smoker-browser/smoker-browser/app/build/intermediates/incremental/debug/mergeDebugResources/merged.dir/values-kn/values-kn.xml to /home/runner/work/smoker-browser/smoker-browser/app/build/intermediates/merged_res/debug/mergeDebugResources/values-kn_values-kn.arsc.flat
Compiling XML table /home/runner/work/smoker-browser/smoker-browser/app/build/intermediates/incremental/debug/mergeDebugResources/merged.dir/values-sk/values-sk.xml to /home/runner/work/smoker-browser/smoker-browser/app/build/intermediates/merged_res/debug/mergeDebugResources/values-sk_values-sk.arsc.flat
Compiling XML table /home/runner/work/smoker-browser/smoker-browser/app/build/intermediates/incremental/debug/mergeDebugResources/merged.dir/values-ta/values-ta.xml to /home/runner/work/smoker-browser/smoker-browser/app/build/intermediates/merged_res/debug/mergeDebugResources/values-ta_values-ta.arsc.flat
Compiling XML table /home/runner/work/smoker-browser/smoker-browser/app/build/intermediates/incremental/debug/mergeDebugResources/merged.dir/values-cs/values-cs.xml to /home/runner/work/smoker-browser/smoker-browser/app/build/intermediates/merged_res/debug/mergeDebugResources/values-cs_values-cs.arsc.flat
Compiling XML table /home/runner/work/smoker-browser/smoker-browser/app/build/intermediates/incremental/debug/mergeDebugResources/merged.dir/values-sr/values-sr.xml to /home/runner/work/smoker-browser/smoker-browser/app/build/intermediates/merged_res/debug/mergeDebugResources/values-sr_values-sr.arsc.flat
Compiling XML table /home/runner/work/smoker-browser/smoker-browser/app/build/intermediates/incremental/debug/mergeDebugResources/merged.dir/values-h720dp-v13/values-h720dp-v13.xml to /home/runner/work/smoker-browser/smoker-browser/app/build/intermediates/merged_res/debug/mergeDebugResources/values-h720dp-v13_values-h720dp-v13.arsc.flat
Compiling XML table /home/runner/work/smoker-browser/smoker-browser/app/build/intermediates/incremental/debug/mergeDebugResources/merged.dir/values-xlarge-v4/values-xlarge-v4.xml to /home/runner/work/smoker-browser/smoker-browser/app/build/intermediates/merged_res/debug/mergeDebugResources/values-xlarge-v4_values-xlarge-v4.arsc.flat
Compiling XML table /home/runner/work/smoker-browser/smoker-browser/app/build/intermediates/incremental/debug/mergeDebugResources/merged.dir/values-de/values-de.xml to /home/runner/work/smoker-browser/smoker-browser/app/build/intermediates/merged_res/debug/mergeDebugResources/values-de_values-de.arsc.flat
Compiling XML table /home/runner/work/smoker-browser/smoker-browser/app/build/intermediates/incremental/debug/mergeDebugResources/merged.dir/values-sv/values-sv.xml to /home/runner/work/smoker-browser/smoker-browser/app/build/intermediates/merged_res/debug/mergeDebugResources/values-sv_values-sv.arsc.flat
Compiling XML table /home/runner/work/smoker-browser/smoker-browser/app/build/intermediates/incremental/debug/mergeDebugResources/merged.dir/values-tl/values-tl.xml to /home/runner/work/smoker-browser/smoker-browser/app/build/intermediates/merged_res/debug/mergeDebugResources/values-tl_values-tl.arsc.flat
Compiling XML table /home/runner/work/smoker-browser/smoker-browser/app/build/intermediates/incremental/debug/mergeDebugResources/merged.dir/values-en-rIN/values-en-rIN.xml to /home/runner/work/smoker-browser/smoker-browser/app/build/intermediates/merged_res/debug/mergeDebugResources/values-en-rIN_values-en-rIN.arsc.flat
Compiling XML table /home/runner/work/smoker-browser/smoker-browser/app/build/intermediates/incremental/debug/mergeDebugResources/merged.dir/values-ky/values-ky.xml to /home/runner/work/smoker-browser/smoker-browser/app/build/intermediates/merged_res/debug/mergeDebugResources/values-ky_values-ky.arsc.flat
Compiling XML table /home/runner/work/smoker-browser/smoker-browser/app/build/intermediates/incremental/debug/mergeDebugResources/merged.dir/values-ur/values-ur.xml to /home/runner/work/smoker-browser/smoker-browser/app/build/intermediates/merged_res/debug/mergeDebugResources/values-ur_values-ur.arsc.flat
Compiling XML table /home/runner/work/smoker-browser/smoker-browser/app/build/intermediates/incremental/debug/mergeDebugResources/merged.dir/values-en-rAU/values-en-rAU.xml to /home/runner/work/smoker-browser/smoker-browser/app/build/intermediates/merged_res/debug/mergeDebugResources/values-en-rAU_values-en-rAU.arsc.flat
Compiling XML table /home/runner/work/smoker-browser/smoker-browser/app/build/intermediates/incremental/debug/mergeDebugResources/merged.dir/values-lv/values-lv.xml to /home/runner/work/smoker-browser/smoker-browser/app/build/intermediates/merged_res/debug/mergeDebugResources/values-lv_values-lv.arsc.flat
Compiling XML table /home/runner/work/smoker-browser/smoker-browser/app/build/intermediates/incremental/debug/mergeDebugResources/merged.dir/values-uz/values-uz.xml to /home/runner/work/smoker-browser/smoker-browser/app/build/intermediates/merged_res/debug/mergeDebugResources/values-uz_values-uz.arsc.flat
Compiling XML table /home/runner/work/smoker-browser/smoker-browser/app/build/intermediates/incremental/debug/mergeDebugResources/merged.dir/values-te/values-te.xml to /home/runner/work/smoker-browser/smoker-browser/app/build/intermediates/merged_res/debug/mergeDebugResources/values-te_values-te.arsc.flat
Compiling XML table /home/runner/work/smoker-browser/smoker-browser/app/build/intermediates/incremental/debug/mergeDebugResources/merged.dir/values-uk/values-uk.xml to /home/runner/work/smoker-browser/smoker-browser/app/build/intermediates/merged_res/debug/mergeDebugResources/values-uk_values-uk.arsc.flat
Compiling XML table /home/runner/work/smoker-browser/smoker-browser/app/build/intermediates/incremental/debug/mergeDebugResources/merged.dir/values-el/values-el.xml to /home/runner/work/smoker-browser/smoker-browser/app/build/intermediates/merged_res/debug/mergeDebugResources/values-el_values-el.arsc.flat
Compiling XML table /home/runner/work/smoker-browser/smoker-browser/app/build/intermediates/incremental/debug/mergeDebugResources/merged.dir/values-da/values-da.xml to /home/runner/work/smoker-browser/smoker-browser/app/build/intermediates/merged_res/debug/mergeDebugResources/values-da_values-da.arsc.flat
Compiling XML table /home/runner/work/smoker-browser/smoker-browser/app/build/intermediates/incremental/debug/mergeDebugResources/merged.dir/values-et/values-et.xml to /home/runner/work/smoker-browser/smoker-browser/app/build/intermediates/merged_res/debug/mergeDebugResources/values-et_values-et.arsc.flat
Compiling XML table /home/runner/work/smoker-browser/smoker-browser/app/build/intermediates/incremental/debug/mergeDebugResources/merged.dir/values-mn/values-mn.xml to /home/runner/work/smoker-browser/smoker-browser/app/build/intermediates/merged_res/debug/mergeDebugResources/values-mn_values-mn.arsc.flat
Compiling XML table /home/runner/work/smoker-browser/smoker-browser/app/build/intermediates/incremental/debug/mergeDebugResources/merged.dir/values-lo/values-lo.xml to /home/runner/work/smoker-browser/smoker-browser/app/build/intermediates/merged_res/debug/mergeDebugResources/values-lo_values-lo.arsc.flat
Compiling XML table /home/runner/work/smoker-browser/smoker-browser/app/build/intermediates/incremental/debug/mergeDebugResources/merged.dir/values-nb/values-nb.xml to /home/runner/work/smoker-browser/smoker-browser/app/build/intermediates/merged_res/debug/mergeDebugResources/values-nb_values-nb.arsc.flat
Compiling XML table /home/runner/work/smoker-browser/smoker-browser/app/build/intermediates/incremental/debug/mergeDebugResources/merged.dir/values-ms/values-ms.xml to /home/runner/work/smoker-browser/smoker-browser/app/build/intermediates/merged_res/debug/mergeDebugResources/values-ms_values-ms.arsc.flat
Compiling XML table /home/runner/work/smoker-browser/smoker-browser/app/build/intermediates/incremental/debug/mergeDebugResources/merged.dir/values-h550dp-port-v13/values-h550dp-port-v13.xml to /home/runner/work/smoker-browser/smoker-browser/app/build/intermediates/merged_res/debug/mergeDebugResources/values-h550dp-port-v13_values-h550dp-port-v13.arsc.flat
Compiling XML table /home/runner/work/smoker-browser/smoker-browser/app/build/intermediates/incremental/debug/mergeDebugResources/merged.dir/values-mk/values-mk.xml to /home/runner/work/smoker-browser/smoker-browser/app/build/intermediates/merged_res/debug/mergeDebugResources/values-mk_values-mk.arsc.flat
Compiling XML table /home/runner/work/smoker-browser/smoker-browser/app/build/intermediates/incremental/debug/mergeDebugResources/merged.dir/values-ne/values-ne.xml to /home/runner/work/smoker-browser/smoker-browser/app/build/intermediates/merged_res/debug/mergeDebugResources/values-ne_values-ne.arsc.flat
Compiling XML table /home/runner/work/smoker-browser/smoker-browser/app/build/intermediates/incremental/debug/mergeDebugResources/merged.dir/values-es/values-es.xml to /home/runner/work/smoker-browser/smoker-browser/app/build/intermediates/merged_res/debug/mergeDebugResources/values-es_values-es.arsc.flat
Compiling XML table /home/runner/work/smoker-browser/smoker-browser/app/build/intermediates/incremental/debug/mergeDebugResources/merged.dir/values-mr/values-mr.xml to /home/runner/work/smoker-browser/smoker-browser/app/build/intermediates/merged_res/debug/mergeDebugResources/values-mr_values-mr.arsc.flat
Compiling XML table /home/runner/work/smoker-browser/smoker-browser/app/build/intermediates/incremental/debug/mergeDebugResources/merged.dir/values-fi/values-fi.xml to /home/runner/work/smoker-browser/smoker-browser/app/build/intermediates/merged_res/debug/mergeDebugResources/values-fi_values-fi.arsc.flat
Compiling XML table /home/runner/work/smoker-browser/smoker-browser/app/build/intermediates/incremental/debug/mergeDebugResources/merged.dir/values-w400dp-port-v13/values-w400dp-port-v13.xml to /home/runner/work/smoker-browser/smoker-browser/app/build/intermediates/merged_res/debug/mergeDebugResources/values-w400dp-port-v13_values-w400dp-port-v13.arsc.flat
Compiling XML table /home/runner/work/smoker-browser/smoker-browser/app/build/intermediates/incremental/debug/mergeDebugResources/merged.dir/values-night-v8/values-night-v8.xml to /home/runner/work/smoker-browser/smoker-browser/app/build/intermediates/merged_res/debug/mergeDebugResources/values-night-v8_values-night-v8.arsc.flat
Compiling XML table /home/runner/work/smoker-browser/smoker-browser/app/build/intermediates/incremental/debug/mergeDebugResources/merged.dir/values-zh-rTW/values-zh-rTW.xml to /home/runner/work/smoker-browser/smoker-browser/app/build/intermediates/merged_res/debug/mergeDebugResources/values-zh-rTW_values-zh-rTW.arsc.flat
Compiling XML table /home/runner/work/smoker-browser/smoker-browser/app/build/intermediates/incremental/debug/mergeDebugResources/merged.dir/values-zh-rCN/values-zh-rCN.xml to /home/runner/work/smoker-browser/smoker-browser/app/build/intermediates/merged_res/debug/mergeDebugResources/values-zh-rCN_values-zh-rCN.arsc.flat
Compiling XML table /home/runner/work/smoker-browser/smoker-browser/app/build/intermediates/incremental/debug/mergeDebugResources/merged.dir/values-hdpi-v4/values-hdpi-v4.xml to /home/runner/work/smoker-browser/smoker-browser/app/build/intermediates/merged_res/debug/mergeDebugResources/values-hdpi-v4_values-hdpi-v4.arsc.flat
Compiling XML table /home/runner/work/smoker-browser/smoker-browser/app/build/intermediates/incremental/debug/mergeDebugResources/merged.dir/values-or/values-or.xml to /home/runner/work/smoker-browser/smoker-browser/app/build/intermediates/merged_res/debug/mergeDebugResources/values-or_values-or.arsc.flat
Compiling XML table /home/runner/work/smoker-browser/smoker-browser/app/build/intermediates/incremental/debug/mergeDebugResources/merged.dir/values-pa/values-pa.xml to /home/runner/work/smoker-browser/smoker-browser/app/build/intermediates/merged_res/debug/mergeDebugResources/values-pa_values-pa.arsc.flat
Compiling XML table /home/runner/work/smoker-browser/smoker-browser/app/build/intermediates/incremental/debug/mergeDebugResources/merged.dir/values-large-v4/values-large-v4.xml to /home/runner/work/smoker-browser/smoker-browser/app/build/intermediates/merged_res/debug/mergeDebugResources/values-large-v4_values-large-v4.arsc.flat
Compiling XML table /home/runner/work/smoker-browser/smoker-browser/app/build/intermediates/incremental/debug/mergeDebugResources/merged.dir/values-eu/values-eu.xml to /home/runner/work/smoker-browser/smoker-browser/app/build/intermediates/merged_res/debug/mergeDebugResources/values-eu_values-eu.arsc.flat
Compiling xml file /home/runner/work/smoker-browser/smoker-browser/app/src/main/res/drawable/ic_launcher_background.xml to /home/runner/work/smoker-browser/smoker-browser/app/build/intermediates/merged_res/debug/mergeDebugResources/drawable_ic_launcher_background.xml.flat
Compiling XML table /home/runner/work/smoker-browser/smoker-browser/app/build/intermediates/incremental/debug/mergeDebugResources/merged.dir/values-small-v4/values-small-v4.xml to /home/runner/work/smoker-browser/smoker-browser/app/build/intermediates/merged_res/debug/mergeDebugResources/values-small-v4_values-small-v4.arsc.flat
Compiling XML table /home/runner/work/smoker-browser/smoker-browser/app/build/intermediates/incremental/debug/mergeDebugResources/merged.dir/values-gu/values-gu.xml to /home/runner/work/smoker-browser/smoker-browser/app/build/intermediates/merged_res/debug/mergeDebugResources/values-gu_values-gu.arsc.flat
Compiling XML table /home/runner/work/smoker-browser/smoker-browser/app/build/intermediates/incremental/debug/mergeDebugResources/merged.dir/values-port/values-port.xml to /home/runner/work/smoker-browser/smoker-browser/app/build/intermediates/merged_res/debug/mergeDebugResources/values-port_values-port.arsc.flat
Compiling XML table /home/runner/work/smoker-browser/smoker-browser/app/build/intermediates/incremental/debug/mergeDebugResources/merged.dir/values-fa/values-fa.xml to /home/runner/work/smoker-browser/smoker-browser/app/build/intermediates/merged_res/debug/mergeDebugResources/values-fa_values-fa.arsc.flat
Compiling xml file /home/runner/work/smoker-browser/smoker-browser/app/src/main/res/drawable/ic_launcher_foreground.xml to /home/runner/work/smoker-browser/smoker-browser/app/build/intermediates/merged_res/debug/mergeDebugResources/drawable_ic_launcher_foreground.xml.flat
Compiling XML table /home/runner/work/smoker-browser/smoker-browser/app/build/intermediates/incremental/debug/mergeDebugResources/merged.dir/values-en-rXC/values-en-rXC.xml to /home/runner/work/smoker-browser/smoker-browser/app/build/intermediates/merged_res/debug/mergeDebugResources/values-en-rXC_values-en-rXC.arsc.flat
Compiling XML table /home/runner/work/smoker-browser/smoker-browser/app/build/intermediates/incremental/debug/mergeDebugResources/merged.dir/values-en-rGB/values-en-rGB.xml to /home/runner/work/smoker-browser/smoker-browser/app/build/intermediates/merged_res/debug/mergeDebugResources/values-en-rGB_values-en-rGB.arsc.flat
Compiling xml file /home/runner/work/smoker-browser/smoker-browser/app/build/intermediates/incremental/debug/mergeDebugResources/stripped.dir/layout/main.xml to /home/runner/work/smoker-browser/smoker-browser/app/build/intermediates/merged_res/debug/mergeDebugResources/layout_main.xml.flat
Compiling image file /home/runner/work/smoker-browser/smoker-browser/app/src/main/res/mipmap-xxxhdpi/ic_launcher.png
Compiling file /home/runner/work/smoker-browser/smoker-browser/app/src/main/res/mipmap-xxxhdpi/ic_launcher.png to /home/runner/work/smoker-browser/smoker-browser/app/build/intermediates/merged_res/debug/mergeDebugResources/mipmap-xxxhdpi_ic_launcher.png.flat
Compiling image file /home/runner/work/smoker-browser/smoker-browser/app/src/main/res/drawable-xhdpi/menu_icon.png
Compiling file /home/runner/work/smoker-browser/smoker-browser/app/src/main/res/drawable-xhdpi/menu_icon.png to /home/runner/work/smoker-browser/smoker-browser/app/build/intermediates/merged_res/debug/mergeDebugResources/drawable-xhdpi_menu_icon.png.flat
Compiling image file /home/runner/work/smoker-browser/smoker-browser/app/src/main/res/mipmap-hdpi/ic_launcher.png
Compiling file /home/runner/work/smoker-browser/smoker-browser/app/src/main/res/mipmap-hdpi/ic_launcher.png to /home/runner/work/smoker-browser/smoker-browser/app/build/intermediates/merged_res/debug/mergeDebugResources/mipmap-hdpi_ic_launcher.png.flat
Compiling image file /home/runner/work/smoker-browser/smoker-browser/app/src/main/res/mipmap-xhdpi/ic_launcher_round.png
Compiling file /home/runner/work/smoker-browser/smoker-browser/app/src/main/res/mipmap-xhdpi/ic_launcher_round.png to /home/runner/work/smoker-browser/smoker-browser/app/build/intermediates/merged_res/debug/mergeDebugResources/mipmap-xhdpi_ic_launcher_round.png.flat
Compiling image file /home/runner/work/smoker-browser/smoker-browser/app/src/main/res/mipmap-hdpi/ic_launcher_round.png
Compiling file /home/runner/work/smoker-browser/smoker-browser/app/src/main/res/mipmap-hdpi/ic_launcher_round.png to /home/runner/work/smoker-browser/smoker-browser/app/build/intermediates/merged_res/debug/mergeDebugResources/mipmap-hdpi_ic_launcher_round.png.flat

Resolve mutations for :app:checkDebugAarMetadata (Thread[Execution worker Thread 3,5,main]) started.
:app:checkDebugAarMetadata (Thread[Execution worker Thread 3,5,main]) started.

> Task :app:javaPreCompileDebug
Caching disabled for task ':app:javaPreCompileDebug' because:
  Build cache is disabled
Task ':app:javaPreCompileDebug' is not up-to-date because:
  No history is available.
Resolve mutations for :app:mapDebugSourceSetPaths (Thread[Execution worker,5,main]) started.
:app:mapDebugSourceSetPaths (Thread[Execution worker,5,main]) started.

> Task :app:mapDebugSourceSetPaths
file or directory '/home/runner/work/smoker-browser/smoker-browser/app/libs', not found
Caching disabled for task ':app:mapDebugSourceSetPaths' because:
  Build cache is disabled
  Caching has been disabled for the task
Task ':app:mapDebugSourceSetPaths' is not up-to-date because:
  No history is available.
Resolve mutations for :app:createDebugCompatibleScreenManifests (Thread[Execution worker,5,main]) started.
:app:createDebugCompatibleScreenManifests (Thread[Execution worker,5,main]) started.

> Task :app:checkDebugAarMetadata
file or directory '/home/runner/work/smoker-browser/smoker-browser/app/libs', not found
Transforming viewbinding-8.7.2.aar (androidx.databinding:viewbinding:8.7.2) with JetifyTransform
Transforming viewbinding-8.7.2.aar (androidx.databinding:viewbinding:8.7.2) with ExtractAarTransform
Transforming viewbinding-8.7.2.aar (androidx.databinding:viewbinding:8.7.2) with AarTransform
Transforming material-1.12.0.aar (com.google.android.material:material:1.12.0) with JetifyTransform
Transforming material-1.12.0.aar (com.google.android.material:material:1.12.0) with ExtractAarTransform
Transforming material-1.12.0.aar (com.google.android.material:material:1.12.0) with AarTransform
Transforming appcompat-resources-1.7.1.aar (androidx.appcompat:appcompat-resources:1.7.1) with JetifyTransform
Transforming appcompat-resources-1.7.1.aar (androidx.appcompat:appcompat-resources:1.7.1) with ExtractAarTransform
Transforming appcompat-resources-1.7.1.aar (androidx.appcompat:appcompat-resources:1.7.1) with AarTransform
Transforming constraintlayout-2.0.1.aar (androidx.constraintlayout:constraintlayout:2.0.1) with JetifyTransform
Transforming constraintlayout-2.0.1.aar (androidx.constraintlayout:constraintlayout:2.0.1) with ExtractAarTransform
Transforming constraintlayout-2.0.1.aar (androidx.constraintlayout:constraintlayout:2.0.1) with AarTransform
Transforming appcompat-1.7.1.aar (androidx.appcompat:appcompat:1.7.1) with JetifyTransform
Caching disabled for AarTransform: /home/runner/.gradle/caches/8.9/transforms/bd0f389651f9496192bd337c22c67ae9/transformed/jetified-viewbinding-8.7.2 because:
  Build cache is disabled
  Caching not enabled.
Transforming appcompat-1.7.1.aar (androidx.appcompat:appcompat:1.7.1) with ExtractAarTransform
Transforming appcompat-1.7.1.aar (androidx.appcompat:appcompat:1.7.1) with AarTransform
Transforming cardview-1.0.0.aar (androidx.cardview:cardview:1.0.0) with JetifyTransform
Transforming cardview-1.0.0.aar (androidx.cardview:cardview:1.0.0) with ExtractAarTransform
Transforming cardview-1.0.0.aar (androidx.cardview:cardview:1.0.0) with AarTransform
Transforming swiperefreshlayout-1.1.0.aar (androidx.swiperefreshlayout:swiperefreshlayout:1.1.0) with JetifyTransform
Transforming swiperefreshlayout-1.1.0.aar (androidx.swiperefreshlayout:swiperefreshlayout:1.1.0) with ExtractAarTransform
Transforming swiperefreshlayout-1.1.0.aar (androidx.swiperefreshlayout:swiperefreshlayout:1.1.0) with AarTransform
Transforming viewpager2-1.0.0.aar (androidx.viewpager2:viewpager2:1.0.0) with JetifyTransform
Transforming viewpager2-1.0.0.aar (androidx.viewpager2:viewpager2:1.0.0) with ExtractAarTransform
Transforming viewpager2-1.0.0.aar (androidx.viewpager2:viewpager2:1.0.0) with AarTransform
Transforming fragment-1.5.4.aar (androidx.fragment:fragment:1.5.4) with JetifyTransform
Transforming fragment-1.5.4.aar (androidx.fragment:fragment:1.5.4) with ExtractAarTransform
Transforming fragment-1.5.4.aar (androidx.fragment:fragment:1.5.4) with AarTransform
Transforming fragment-1.5.4.aar (androidx.fragment:fragment:1.5.4) with JetifyTransform
Transforming fragment-1.5.4.aar (androidx.fragment:fragment:1.5.4) with ExtractAarTransform
Transforming fragment-1.5.4.aar (androidx.fragment:fragment:1.5.4) with AarTransform
Transforming activity-1.8.0.aar (androidx.activity:activity:1.8.0) with JetifyTransform
Transforming activity-1.8.0.aar (androidx.activity:activity:1.8.0) with ExtractAarTransform
Transforming activity-1.8.0.aar (androidx.activity:activity:1.8.0) with AarTransform
Transforming savedstate-1.2.1.aar (androidx.savedstate:savedstate:1.2.1) with JetifyTransform
Transforming savedstate-1.2.1.aar (androidx.savedstate:savedstate:1.2.1) with ExtractAarTransform
Transforming savedstate-1.2.1.aar (androidx.savedstate:savedstate:1.2.1) with AarTransform
Transforming emoji2-views-helper-1.3.0.aar (androidx.emoji2:emoji2-views-helper:1.3.0) with JetifyTransform
Transforming emoji2-views-helper-1.3.0.aar (androidx.emoji2:emoji2-views-helper:1.3.0) with ExtractAarTransform
Transforming emoji2-views-helper-1.3.0.aar (androidx.emoji2:emoji2-views-helper:1.3.0) with AarTransform
Transforming emoji2-1.3.0.aar (androidx.emoji2:emoji2:1.3.0) with JetifyTransform
Transforming emoji2-1.3.0.aar (androidx.emoji2:emoji2:1.3.0) with ExtractAarTransform
Transforming emoji2-1.3.0.aar (androidx.emoji2:emoji2:1.3.0) with AarTransform
Transforming transition-1.5.0.aar (androidx.transition:transition:1.5.0) with JetifyTransform
Transforming transition-1.5.0.aar (androidx.transition:transition:1.5.0) with ExtractAarTransform
Transforming transition-1.5.0.aar (androidx.transition:transition:1.5.0) with AarTransform
Transforming dynamicanimation-1.0.0.aar (androidx.dynamicanimation:dynamicanimation:1.0.0) with JetifyTransform
Caching disabled for AarTransform: /home/runner/.gradle/caches/8.9/transforms/feb4f85dfd91f72f46e03c4ac10ae1af/transformed/constraintlayout-2.0.1 because:
  Build cache is disabled
  Caching not enabled.
Transforming dynamicanimation-1.0.0.aar (androidx.dynamicanimation:dynamicanimation:1.0.0) with ExtractAarTransform
Transforming dynamicanimation-1.0.0.aar (androidx.dynamicanimation:dynamicanimation:1.0.0) with AarTransform
Transforming legacy-support-core-utils-1.0.0.aar (androidx.legacy:legacy-support-core-utils:1.0.0) with JetifyTransform
Transforming legacy-support-core-utils-1.0.0.aar (androidx.legacy:legacy-support-core-utils:1.0.0) with ExtractAarTransform
Transforming legacy-support-core-utils-1.0.0.aar (androidx.legacy:legacy-support-core-utils:1.0.0) with AarTransform
Transforming loader-1.0.0.aar (androidx.loader:loader:1.0.0) with JetifyTransform
Transforming loader-1.0.0.aar (androidx.loader:loader:1.0.0) with ExtractAarTransform
Transforming loader-1.0.0.aar (androidx.loader:loader:1.0.0) with AarTransform
Transforming loader-1.0.0.aar (androidx.loader:loader:1.0.0) with JetifyTransform
Transforming loader-1.0.0.aar (androidx.loader:loader:1.0.0) with ExtractAarTransform
Transforming loader-1.0.0.aar (androidx.loader:loader:1.0.0) with AarTransform
Transforming lifecycle-livedata-2.6.2.aar (androidx.lifecycle:lifecycle-livedata:2.6.2) with JetifyTransform
Transforming lifecycle-livedata-2.6.2.aar (androidx.lifecycle:lifecycle-livedata:2.6.2) with ExtractAarTransform
Transforming lifecycle-livedata-2.6.2.aar (androidx.lifecycle:lifecycle-livedata:2.6.2) with AarTransform
Transforming lifecycle-viewmodel-2.6.2.aar (androidx.lifecycle:lifecycle-viewmodel:2.6.2) with JetifyTransform
Transforming lifecycle-viewmodel-2.6.2.aar (androidx.lifecycle:lifecycle-viewmodel:2.6.2) with ExtractAarTransform
Transforming lifecycle-viewmodel-2.6.2.aar (androidx.lifecycle:lifecycle-viewmodel:2.6.2) with AarTransform
Transforming lifecycle-viewmodel-2.6.2.aar (androidx.lifecycle:lifecycle-viewmodel:2.6.2) with JetifyTransform
Transforming lifecycle-viewmodel-2.6.2.aar (androidx.lifecycle:lifecycle-viewmodel:2.6.2) with ExtractAarTransform
Transforming lifecycle-viewmodel-2.6.2.aar (androidx.lifecycle:lifecycle-viewmodel:2.6.2) with AarTransform
Transforming lifecycle-process-2.6.2.aar (androidx.lifecycle:lifecycle-process:2.6.2) with JetifyTransform
Transforming lifecycle-process-2.6.2.aar (androidx.lifecycle:lifecycle-process:2.6.2) with ExtractAarTransform
Transforming lifecycle-process-2.6.2.aar (androidx.lifecycle:lifecycle-process:2.6.2) with AarTransform
Transforming lifecycle-livedata-core-2.6.2.aar (androidx.lifecycle:lifecycle-livedata-core:2.6.2) with JetifyTransform
Transforming lifecycle-livedata-core-2.6.2.aar (androidx.lifecycle:lifecycle-livedata-core:2.6.2) with ExtractAarTransform
Transforming lifecycle-livedata-core-2.6.2.aar (androidx.lifecycle:lifecycle-livedata-core:2.6.2) with AarTransform
Transforming lifecycle-runtime-2.6.2.aar (androidx.lifecycle:lifecycle-runtime:2.6.2) with JetifyTransform
Transforming lifecycle-runtime-2.6.2.aar (androidx.lifecycle:lifecycle-runtime:2.6.2) with ExtractAarTransform
Transforming lifecycle-runtime-2.6.2.aar (androidx.lifecycle:lifecycle-runtime:2.6.2) with AarTransform
Transforming lifecycle-viewmodel-savedstate-2.6.2.aar (androidx.lifecycle:lifecycle-viewmodel-savedstate:2.6.2) with JetifyTransform
Transforming lifecycle-viewmodel-savedstate-2.6.2.aar (androidx.lifecycle:lifecycle-viewmodel-savedstate:2.6.2) with ExtractAarTransform
Transforming lifecycle-viewmodel-savedstate-2.6.2.aar (androidx.lifecycle:lifecycle-viewmodel-savedstate:2.6.2) with AarTransform
Transforming core-ktx-1.13.0.aar (androidx.core:core-ktx:1.13.0) with JetifyTransform
Transforming core-ktx-1.13.0.aar (androidx.core:core-ktx:1.13.0) with ExtractAarTransform
Transforming core-ktx-1.13.0.aar (androidx.core:core-ktx:1.13.0) with AarTransform
Transforming drawerlayout-1.1.1.aar (androidx.drawerlayout:drawerlayout:1.1.1) with JetifyTransform
Transforming drawerlayout-1.1.1.aar (androidx.drawerlayout:drawerlayout:1.1.1) with ExtractAarTransform
Transforming drawerlayout-1.1.1.aar (androidx.drawerlayout:drawerlayout:1.1.1) with AarTransform
Transforming coordinatorlayout-1.1.0.aar (androidx.coordinatorlayout:coordinatorlayout:1.1.0) with JetifyTransform
Transforming coordinatorlayout-1.1.0.aar (androidx.coordinatorlayout:coordinatorlayout:1.1.0) with ExtractAarTransform
Transforming coordinatorlayout-1.1.0.aar (androidx.coordinatorlayout:coordinatorlayout:1.1.0) with AarTransform
Transforming vectordrawable-animated-1.1.0.aar (androidx.vectordrawable:vectordrawable-animated:1.1.0) with JetifyTransform
Transforming vectordrawable-animated-1.1.0.aar (androidx.vectordrawable:vectordrawable-animated:1.1.0) with ExtractAarTransform
Transforming vectordrawable-animated-1.1.0.aar (androidx.vectordrawable:vectordrawable-animated:1.1.0) with AarTransform
Transforming vectordrawable-1.1.0.aar (androidx.vectordrawable:vectordrawable:1.1.0) with JetifyTransform
Transforming vectordrawable-1.1.0.aar (androidx.vectordrawable:vectordrawable:1.1.0) with ExtractAarTransform
Transforming vectordrawable-1.1.0.aar (androidx.vectordrawable:vectordrawable:1.1.0) with AarTransform
Transforming vectordrawable-1.1.0.aar (androidx.vectordrawable:vectordrawable:1.1.0) with JetifyTransform
Transforming vectordrawable-1.1.0.aar (androidx.vectordrawable:vectordrawable:1.1.0) with ExtractAarTransform
Transforming vectordrawable-1.1.0.aar (androidx.vectordrawable:vectordrawable:1.1.0) with AarTransform
Transforming viewpager-1.0.0.aar (androidx.viewpager:viewpager:1.0.0) with JetifyTransform
Transforming viewpager-1.0.0.aar (androidx.viewpager:viewpager:1.0.0) with ExtractAarTransform
Transforming viewpager-1.0.0.aar (androidx.viewpager:viewpager:1.0.0) with AarTransform
Transforming recyclerview-1.1.0.aar (androidx.recyclerview:recyclerview:1.1.0) with JetifyTransform
Transforming recyclerview-1.1.0.aar (androidx.recyclerview:recyclerview:1.1.0) with ExtractAarTransform
Transforming recyclerview-1.1.0.aar (androidx.recyclerview:recyclerview:1.1.0) with AarTransform
Transforming recyclerview-1.1.0.aar (androidx.recyclerview:recyclerview:1.1.0) with JetifyTransform
Transforming recyclerview-1.1.0.aar (androidx.recyclerview:recyclerview:1.1.0) with ExtractAarTransform
Transforming recyclerview-1.1.0.aar (androidx.recyclerview:recyclerview:1.1.0) with AarTransform
Transforming customview-1.1.0.aar (androidx.customview:customview:1.1.0) with JetifyTransform
Transforming customview-1.1.0.aar (androidx.customview:customview:1.1.0) with ExtractAarTransform
Transforming customview-1.1.0.aar (androidx.customview:customview:1.1.0) with AarTransform
Transforming customview-1.1.0.aar (androidx.customview:customview:1.1.0) with JetifyTransform
Transforming customview-1.1.0.aar (androidx.customview:customview:1.1.0) with ExtractAarTransform
Transforming customview-1.1.0.aar (androidx.customview:customview:1.1.0) with AarTransform
Transforming customview-1.1.0.aar (androidx.customview:customview:1.1.0) with JetifyTransform
Transforming customview-1.1.0.aar (androidx.customview:customview:1.1.0) with ExtractAarTransform
Transforming customview-1.1.0.aar (androidx.customview:customview:1.1.0) with AarTransform
Transforming customview-1.1.0.aar (androidx.customview:customview:1.1.0) with JetifyTransform
Transforming customview-1.1.0.aar (androidx.customview:customview:1.1.0) with ExtractAarTransform
Transforming customview-1.1.0.aar (androidx.customview:customview:1.1.0) with AarTransform
Caching disabled for AarTransform: /home/runner/.gradle/caches/8.9/transforms/6df8cd1b45d23a4579db10a5888dffcb/transformed/material-1.12.0 because:
  Build cache is disabled
  Caching not enabled.
Caching disabled for AarTransform: /home/runner/.gradle/caches/8.9/transforms/89cb9b3d1cdd26c97a47967f5d3f52fe/transformed/appcompat-1.7.1 because:
  Build cache is disabled
  Caching not enabled.
Transforming core-1.13.0.aar (androidx.core:core:1.13.0) with JetifyTransform
Transforming core-1.13.0.aar (androidx.core:core:1.13.0) with ExtractAarTransform
Transforming core-1.13.0.aar (androidx.core:core:1.13.0) with AarTransform
Transforming core-1.13.0.aar (androidx.core:core:1.13.0) with JetifyTransform
Transforming core-1.13.0.aar (androidx.core:core:1.13.0) with ExtractAarTransform
Transforming core-1.13.0.aar (androidx.core:core:1.13.0) with AarTransform
Transforming core-1.13.0.aar (androidx.core:core:1.13.0) with JetifyTransform
Transforming core-1.13.0.aar (androidx.core:core:1.13.0) with ExtractAarTransform
Transforming core-1.13.0.aar (androidx.core:core:1.13.0) with AarTransform
Transforming core-1.13.0.aar (androidx.core:core:1.13.0) with JetifyTransform
Transforming core-1.13.0.aar (androidx.core:core:1.13.0) with ExtractAarTransform
Transforming core-1.13.0.aar (androidx.core:core:1.13.0) with AarTransform
Transforming core-1.13.0.aar (androidx.core:core:1.13.0) with JetifyTransform
Transforming core-1.13.0.aar (androidx.core:core:1.13.0) with ExtractAarTransform
Transforming core-1.13.0.aar (androidx.core:core:1.13.0) with AarTransform
Transforming core-1.13.0.aar (androidx.core:core:1.13.0) with JetifyTransform
Transforming core-1.13.0.aar (androidx.core:core:1.13.0) with ExtractAarTransform
Transforming core-1.13.0.aar (androidx.core:core:1.13.0) with AarTransform
Transforming core-1.13.0.aar (androidx.core:core:1.13.0) with JetifyTransform
Transforming core-1.13.0.aar (androidx.core:core:1.13.0) with ExtractAarTransform
Transforming core-1.13.0.aar (androidx.core:core:1.13.0) with AarTransform
Transforming core-1.13.0.aar (androidx.core:core:1.13.0) with JetifyTransform
Transforming core-1.13.0.aar (androidx.core:core:1.13.0) with ExtractAarTransform
Transforming core-1.13.0.aar (androidx.core:core:1.13.0) with AarTransform
Transforming core-1.13.0.aar (androidx.core:core:1.13.0) with JetifyTransform
Transforming core-1.13.0.aar (androidx.core:core:1.13.0) with ExtractAarTransform
Transforming core-1.13.0.aar (androidx.core:core:1.13.0) with AarTransform
Transforming core-1.13.0.aar (androidx.core:core:1.13.0) with JetifyTransform
Transforming core-1.13.0.aar (androidx.core:core:1.13.0) with ExtractAarTransform
Transforming core-1.13.0.aar (androidx.core:core:1.13.0) with AarTransform
Transforming core-1.13.0.aar (androidx.core:core:1.13.0) with JetifyTransform
Transforming core-1.13.0.aar (androidx.core:core:1.13.0) with ExtractAarTransform
Transforming core-1.13.0.aar (androidx.core:core:1.13.0) with AarTransform
Transforming core-1.13.0.aar (androidx.core:core:1.13.0) with JetifyTransform
Transforming core-1.13.0.aar (androidx.core:core:1.13.0) with ExtractAarTransform
Caching disabled for AarTransform: /home/runner/.gradle/caches/8.9/transforms/8e7f44c465a91614de2f5af3a62f8a50/transformed/swiperefreshlayout-1.1.0 because:
  Build cache is disabled
  Caching not enabled.
Transforming core-1.13.0.aar (androidx.core:core:1.13.0) with AarTransform
Transforming cursoradapter-1.0.0.aar (androidx.cursoradapter:cursoradapter:1.0.0) with JetifyTransform
Transforming cursoradapter-1.0.0.aar (androidx.cursoradapter:cursoradapter:1.0.0) with ExtractAarTransform
Transforming cursoradapter-1.0.0.aar (androidx.cursoradapter:cursoradapter:1.0.0) with AarTransform
Transforming profileinstaller-1.3.1.aar (androidx.profileinstaller:profileinstaller:1.3.1) with JetifyTransform
Caching disabled for AarTransform: /home/runner/.gradle/caches/8.9/transforms/49ecf135d4e3d803ddc6d648e8e2d454/transformed/cardview-1.0.0 because:
  Build cache is disabled
  Caching not enabled.
Transforming profileinstaller-1.3.1.aar (androidx.profileinstaller:profileinstaller:1.3.1) with ExtractAarTransform
Transforming profileinstaller-1.3.1.aar (androidx.profileinstaller:profileinstaller:1.3.1) with AarTransform
Transforming interpolator-1.0.0.aar (androidx.interpolator:interpolator:1.0.0) with JetifyTransform
Transforming interpolator-1.0.0.aar (androidx.interpolator:interpolator:1.0.0) with ExtractAarTransform
Transforming interpolator-1.0.0.aar (androidx.interpolator:interpolator:1.0.0) with AarTransform
Transforming interpolator-1.0.0.aar (androidx.interpolator:interpolator:1.0.0) with JetifyTransform
Transforming interpolator-1.0.0.aar (androidx.interpolator:interpolator:1.0.0) with ExtractAarTransform
Transforming interpolator-1.0.0.aar (androidx.interpolator:interpolator:1.0.0) with AarTransform
Transforming interpolator-1.0.0.aar (androidx.interpolator:interpolator:1.0.0) with JetifyTransform
Transforming interpolator-1.0.0.aar (androidx.interpolator:interpolator:1.0.0) with ExtractAarTransform
Transforming interpolator-1.0.0.aar (androidx.interpolator:interpolator:1.0.0) with AarTransform
Transforming startup-runtime-1.1.1.aar (androidx.startup:startup-runtime:1.1.1) with JetifyTransform
Transforming startup-runtime-1.1.1.aar (androidx.startup:startup-runtime:1.1.1) with ExtractAarTransform
Transforming startup-runtime-1.1.1.aar (androidx.startup:startup-runtime:1.1.1) with AarTransform
Transforming tracing-1.0.0.aar (androidx.tracing:tracing:1.0.0) with JetifyTransform
Transforming tracing-1.0.0.aar (androidx.tracing:tracing:1.0.0) with ExtractAarTransform
Transforming tracing-1.0.0.aar (androidx.tracing:tracing:1.0.0) with AarTransform
Transforming versionedparcelable-1.1.1.aar (androidx.versionedparcelable:versionedparcelable:1.1.1) with JetifyTransform
Transforming versionedparcelable-1.1.1.aar (androidx.versionedparcelable:versionedparcelable:1.1.1) with ExtractAarTransform
Transforming versionedparcelable-1.1.1.aar (androidx.versionedparcelable:versionedparcelable:1.1.1) with AarTransform
Transforming core-runtime-2.2.0.aar (androidx.arch.core:core-runtime:2.2.0) with JetifyTransform
Transforming core-runtime-2.2.0.aar (androidx.arch.core:core-runtime:2.2.0) with ExtractAarTransform
Transforming core-runtime-2.2.0.aar (androidx.arch.core:core-runtime:2.2.0) with AarTransform
Caching disabled for AarTransform: /home/runner/.gradle/caches/8.9/transforms/0040263336a7001c4c99789f733fe0bf/transformed/jetified-viewpager2-1.0.0 because:
  Build cache is disabled
  Caching not enabled.
Transforming documentfile-1.0.0.aar (androidx.documentfile:documentfile:1.0.0) with JetifyTransform
Transforming documentfile-1.0.0.aar (androidx.documentfile:documentfile:1.0.0) with ExtractAarTransform
Transforming documentfile-1.0.0.aar (androidx.documentfile:documentfile:1.0.0) with AarTransform
Transforming localbroadcastmanager-1.0.0.aar (androidx.localbroadcastmanager:localbroadcastmanager:1.0.0) with JetifyTransform
Transforming localbroadcastmanager-1.0.0.aar (androidx.localbroadcastmanager:localbroadcastmanager:1.0.0) with ExtractAarTransform
Transforming localbroadcastmanager-1.0.0.aar (androidx.localbroadcastmanager:localbroadcastmanager:1.0.0) with AarTransform
Transforming print-1.0.0.aar (androidx.print:print:1.0.0) with JetifyTransform
Transforming print-1.0.0.aar (androidx.print:print:1.0.0) with ExtractAarTransform
Transforming print-1.0.0.aar (androidx.print:print:1.0.0) with AarTransform
Transforming annotation-experimental-1.4.0.aar (androidx.annotation:annotation-experimental:1.4.0) with JetifyTransform
Transforming annotation-experimental-1.4.0.aar (androidx.annotation:annotation-experimental:1.4.0) with ExtractAarTransform
Transforming annotation-experimental-1.4.0.aar (androidx.annotation:annotation-experimental:1.4.0) with AarTransform
Caching disabled for AarTransform: /home/runner/.gradle/caches/8.9/transforms/8562a75cda5f6922af2749efd5668243/transformed/jetified-activity-1.8.0 because:
  Build cache is disabled
  Caching not enabled.
Caching disabled for AarTransform: /home/runner/.gradle/caches/8.9/transforms/87537a02a099b0a726555e40de89098f/transformed/fragment-1.5.4 because:
  Build cache is disabled
  Caching not enabled.
Caching disabled for AarTransform: /home/runner/.gradle/caches/8.9/transforms/4e8bec9299dffd9596afba85cc18d80e/transformed/jetified-emoji2-views-helper-1.3.0 because:
  Build cache is disabled
  Caching not enabled.
Caching disabled for AarTransform: /home/runner/.gradle/caches/8.9/transforms/2e921cd16d63f4e0d0a788ce4333e813/transformed/jetified-savedstate-1.2.1 because:
  Build cache is disabled
  Caching not enabled.
Caching disabled for AarTransform: /home/runner/.gradle/caches/8.9/transforms/00197f34d12a2636b7031ecbe315c8f9/transformed/jetified-emoji2-1.3.0 because:
  Build cache is disabled
  Caching not enabled.
Caching disabled for AarTransform: /home/runner/.gradle/caches/8.9/transforms/36c5ec91343febb991bb38bfc7f58c4c/transformed/transition-1.5.0 because:
  Build cache is disabled
  Caching not enabled.
Caching disabled for AarTransform: /home/runner/.gradle/caches/8.9/transforms/97fac01138fa0ca98836a6c0952c726f/transformed/legacy-support-core-utils-1.0.0 because:
  Build cache is disabled
  Caching not enabled.
Caching disabled for AarTransform: /home/runner/.gradle/caches/8.9/transforms/a98ab41f04f2b70b9136868ddc3c6988/transformed/dynamicanimation-1.0.0 because:
  Build cache is disabled
  Caching not enabled.
Caching disabled for AarTransform: /home/runner/.gradle/caches/8.9/transforms/d484ffba6ed6b8298693d91d630519be/transformed/loader-1.0.0 because:
  Build cache is disabled
  Caching not enabled.
Caching disabled for AarTransform: /home/runner/.gradle/caches/8.9/transforms/af1ec8159a9125a15e0ff13e4d318e0c/transformed/lifecycle-livedata-2.6.2 because:
  Build cache is disabled
  Caching not enabled.
Caching disabled for AarTransform: /home/runner/.gradle/caches/8.9/transforms/8862448272d648364c0c2b537e506026/transformed/lifecycle-viewmodel-2.6.2 because:
  Build cache is disabled
  Caching not enabled.
Caching disabled for AarTransform: /home/runner/.gradle/caches/8.9/transforms/00e060e70a5e957e5a01deb8b92ed6dc/transformed/jetified-lifecycle-process-2.6.2 because:
  Build cache is disabled
  Caching not enabled.
Caching disabled for AarTransform: /home/runner/.gradle/caches/8.9/transforms/a8221c4a062845a1dc7c70c66d0e4a4e/transformed/lifecycle-livedata-core-2.6.2 because:
  Build cache is disabled
  Caching not enabled.
Caching disabled for AarTransform: /home/runner/.gradle/caches/8.9/transforms/3b3644b3c553c82eadf15c6e5d01cf4d/transformed/lifecycle-runtime-2.6.2 because:
  Build cache is disabled
  Caching not enabled.
Caching disabled for AarTransform: /home/runner/.gradle/caches/8.9/transforms/df86b5c62f004f13d3db41dcff367a74/transformed/jetified-lifecycle-viewmodel-savedstate-2.6.2 because:
  Build cache is disabled
  Caching not enabled.
Caching disabled for AarTransform: /home/runner/.gradle/caches/8.9/transforms/0be29cfc4c54d60898ecd27cf16cab3d/transformed/jetified-core-ktx-1.13.0 because:
  Build cache is disabled
  Caching not enabled.
Caching disabled for AarTransform: /home/runner/.gradle/caches/8.9/transforms/0f502e0b8b835dbb1b6f26efd1a62317/transformed/drawerlayout-1.1.1 because:
  Build cache is disabled
  Caching not enabled.
Caching disabled for AarTransform: /home/runner/.gradle/caches/8.9/transforms/43a21389397008df984784051cd39a6b/transformed/coordinatorlayout-1.1.0 because:
  Build cache is disabled
  Caching not enabled.
Caching disabled for AarTransform: /home/runner/.gradle/caches/8.9/transforms/30fba741f8e98cb753260dbf350d5148/transformed/vectordrawable-animated-1.1.0 because:
  Build cache is disabled
  Caching not enabled.
Caching disabled for AarTransform: /home/runner/.gradle/caches/8.9/transforms/ba0144e1eaeacaff4f5b3a717a34c7be/transformed/vectordrawable-1.1.0 because:
  Build cache is disabled
  Caching not enabled.
Caching disabled for AarTransform: /home/runner/.gradle/caches/8.9/transforms/10ee40a6142a5042899ff73fe04c5d8b/transformed/viewpager-1.0.0 because:
  Build cache is disabled
  Caching not enabled.
Caching disabled for AarTransform: /home/runner/.gradle/caches/8.9/transforms/6d4ea35faec5ef91dbb4f282b1b6ffbf/transformed/recyclerview-1.1.0 because:
  Build cache is disabled
  Caching not enabled.
Caching disabled for AarTransform: /home/runner/.gradle/caches/8.9/transforms/683e6a8bc3e17246566ffef111d7b2ff/transformed/customview-1.1.0 because:
  Build cache is disabled
  Caching not enabled.
Caching disabled for AarTransform: /home/runner/.gradle/caches/8.9/transforms/f734d3757685d8d992319f55d6e2d5ac/transformed/core-1.13.0 because:
  Build cache is disabled
  Caching not enabled.
Caching disabled for AarTransform: /home/runner/.gradle/caches/8.9/transforms/b2f415a8e3d9fc654f2084f27bfdaf48/transformed/cursoradapter-1.0.0 because:
  Build cache is disabled
  Caching not enabled.
Caching disabled for AarTransform: /home/runner/.gradle/caches/8.9/transforms/b6dbd5c360994196cbc5abe1dc367211/transformed/jetified-profileinstaller-1.3.1 because:
  Build cache is disabled
  Caching not enabled.
Caching disabled for AarTransform: /home/runner/.gradle/caches/8.9/transforms/575019187b8792bebba099b4b4f9269a/transformed/interpolator-1.0.0 because:
  Build cache is disabled
  Caching not enabled.
Caching disabled for AarTransform: /home/runner/.gradle/caches/8.9/transforms/5914cd0d1f7ce5b2d77c09c643cca61b/transformed/jetified-startup-runtime-1.1.1 because:
  Build cache is disabled
  Caching not enabled.
Caching disabled for AarTransform: /home/runner/.gradle/caches/8.9/transforms/f61726133436fb716beadfcb15fd5237/transformed/jetified-tracing-1.0.0 because:
  Build cache is disabled
  Caching not enabled.
Caching disabled for AarTransform: /home/runner/.gradle/caches/8.9/transforms/37cbb73f3bb006c5cbb9064d51f4a190/transformed/versionedparcelable-1.1.1 because:
  Build cache is disabled
  Caching not enabled.
Caching disabled for AarTransform: /home/runner/.gradle/caches/8.9/transforms/bc8f8dc3241e5b4ff25b79e96c1014cf/transformed/documentfile-1.0.0 because:
  Build cache is disabled
  Caching not enabled.
Caching disabled for AarTransform: /home/runner/.gradle/caches/8.9/transforms/b846f2f00b2fb8998e8048ba693200c5/transformed/core-runtime-2.2.0 because:
  Build cache is disabled
  Caching not enabled.
Caching disabled for AarTransform: /home/runner/.gradle/caches/8.9/transforms/2093dc12b474d9b688c7d4994cd0f98a/transformed/localbroadcastmanager-1.0.0 because:
  Build cache is disabled
  Caching not enabled.
Caching disabled for AarTransform: /home/runner/.gradle/caches/8.9/transforms/7758a461aa5bb4bfd2794f3c068d3de2/transformed/print-1.0.0 because:
  Build cache is disabled
  Caching not enabled.
Caching disabled for AarTransform: /home/runner/.gradle/caches/8.9/transforms/6abf8626c442ae157d9fa8be702afb2c/transformed/jetified-annotation-experimental-1.4.0 because:
  Build cache is disabled
  Caching not enabled.
Caching disabled for AarTransform: /home/runner/.gradle/caches/8.9/transforms/223cc6b681cd5cd5a7b81a26fda8f8dd/transformed/jetified-appcompat-resources-1.7.1 because:
  Build cache is disabled
  Caching not enabled.
file or directory '/home/runner/work/smoker-browser/smoker-browser/app/libs', not found
file or directory '/home/runner/work/smoker-browser/smoker-browser/app/libs', not found
file or directory '/home/runner/work/smoker-browser/smoker-browser/app/libs', not found
Caching disabled for task ':app:checkDebugAarMetadata' because:
  Build cache is disabled
  Caching has been disabled for the task
Task ':app:checkDebugAarMetadata' is not up-to-date because:
  No history is available.
file or directory '/home/runner/work/smoker-browser/smoker-browser/app/libs', not found
file or directory '/home/runner/work/smoker-browser/smoker-browser/app/libs', not found

> Task :app:createDebugCompatibleScreenManifests
Caching disabled for task ':app:createDebugCompatibleScreenManifests' because:
  Build cache is disabled
  Caching has been disabled for the task
Task ':app:createDebugCompatibleScreenManifests' is not up-to-date because:
  No history is available.
Resolve mutations for :app:extractDeepLinksDebug (Thread[Execution worker,5,main]) started.
:app:extractDeepLinksDebug (Thread[Execution worker,5,main]) started.

> Task :app:extractDeepLinksDebug
Caching disabled for task ':app:extractDeepLinksDebug' because:
  Build cache is disabled
Task ':app:extractDeepLinksDebug' is not up-to-date because:
  No history is available.
Resolve mutations for :app:processDebugMainManifest (Thread[Execution worker,5,main]) started.
:app:processDebugMainManifest (Thread[Execution worker,5,main]) started.

> Task :app:mergeDebugResources
Compiling XML table /home/runner/work/smoker-browser/smoker-browser/app/build/intermediates/incremental/debug/mergeDebugResources/merged.dir/values-gl/values-gl.xml to /home/runner/work/smoker-browser/smoker-browser/app/build/intermediates/merged_res/debug/mergeDebugResources/values-gl_values-gl.arsc.flat
Compiling XML table /home/runner/work/smoker-browser/smoker-browser/app/build/intermediates/incremental/debug/mergeDebugResources/merged.dir/values-pl/values-pl.xml to /home/runner/work/smoker-browser/smoker-browser/app/build/intermediates/merged_res/debug/mergeDebugResources/values-pl_values-pl.arsc.flat
Compiling image file /home/runner/work/smoker-browser/smoker-browser/app/src/main/res/mipmap-xxhdpi/ic_launcher.png
Compiling file /home/runner/work/smoker-browser/smoker-browser/app/src/main/res/mipmap-xxhdpi/ic_launcher.png to /home/runner/work/smoker-browser/smoker-browser/app/build/intermediates/merged_res/debug/mergeDebugResources/mipmap-xxhdpi_ic_launcher.png.flat
Compiling xml file /home/runner/work/smoker-browser/smoker-browser/app/src/main/res/mipmap-anydpi-v26/ic_launcher_round.xml to /home/runner/work/smoker-browser/smoker-browser/app/build/intermediates/merged_res/debug/mergeDebugResources/mipmap-anydpi-v26_ic_launcher_round.xml.flat
Compiling image file /home/runner/work/smoker-browser/smoker-browser/app/src/main/res/drawable-xhdpi/default_image.png
Compiling file /home/runner/work/smoker-browser/smoker-browser/app/src/main/res/drawable-xhdpi/default_image.png to /home/runner/work/smoker-browser/smoker-browser/app/build/intermediates/merged_res/debug/mergeDebugResources/drawable-xhdpi_default_image.png.flat
Compiling image file /home/runner/work/smoker-browser/smoker-browser/app/src/main/res/mipmap-xxhdpi/ic_launcher_round.png
Compiling file /home/runner/work/smoker-browser/smoker-browser/app/src/main/res/mipmap-xxhdpi/ic_launcher_round.png to /home/runner/work/smoker-browser/smoker-browser/app/build/intermediates/merged_res/debug/mergeDebugResources/mipmap-xxhdpi_ic_launcher_round.png.flat
Compiling XML table /home/runner/work/smoker-browser/smoker-browser/app/build/intermediates/incremental/debug/mergeDebugResources/merged.dir/values-watch-v20/values-watch-v20.xml to /home/runner/work/smoker-browser/smoker-browser/app/build/intermediates/merged_res/debug/mergeDebugResources/values-watch-v20_values-watch-v20.arsc.flat
Compiling XML table /home/runner/work/smoker-browser/smoker-browser/app/build/intermediates/incremental/debug/mergeDebugResources/merged.dir/values-h320dp-port-v13/values-h320dp-port-v13.xml to /home/runner/work/smoker-browser/smoker-browser/app/build/intermediates/merged_res/debug/mergeDebugResources/values-h320dp-port-v13_values-h320dp-port-v13.arsc.flat
Compiling XML table /home/runner/work/smoker-browser/smoker-browser/app/build/intermediates/incremental/debug/mergeDebugResources/merged.dir/values-ldltr-v21/values-ldltr-v21.xml to /home/runner/work/smoker-browser/smoker-browser/app/build/intermediates/merged_res/debug/mergeDebugResources/values-ldltr-v21_values-ldltr-v21.arsc.flat
Compiling XML table /home/runner/work/smoker-browser/smoker-browser/app/build/intermediates/incremental/debug/mergeDebugResources/merged.dir/values-w320dp-land-v13/values-w320dp-land-v13.xml to /home/runner/work/smoker-browser/smoker-browser/app/build/intermediates/merged_res/debug/mergeDebugResources/values-w320dp-land-v13_values-w320dp-land-v13.arsc.flat
Compiling XML table /home/runner/work/smoker-browser/smoker-browser/app/build/intermediates/incremental/debug/mergeDebugResources/merged.dir/values-am/values-am.xml to /home/runner/work/smoker-browser/smoker-browser/app/build/intermediates/merged_res/debug/mergeDebugResources/values-am_values-am.arsc.flat
Compiling XML table /home/runner/work/smoker-browser/smoker-browser/app/build/intermediates/incremental/debug/mergeDebugResources/merged.dir/values-as/values-as.xml to /home/runner/work/smoker-browser/smoker-browser/app/build/intermediates/merged_res/debug/mergeDebugResources/values-as_values-as.arsc.flat
Compiling XML table /home/runner/work/smoker-browser/smoker-browser/app/build/intermediates/incremental/debug/mergeDebugResources/merged.dir/values-ja/values-ja.xml to /home/runner/work/smoker-browser/smoker-browser/app/build/intermediates/merged_res/debug/mergeDebugResources/values-ja_values-ja.arsc.flat
Compiling XML table /home/runner/work/smoker-browser/smoker-browser/app/build/intermediates/incremental/debug/mergeDebugResources/merged.dir/values-v24/values-v24.xml to /home/runner/work/smoker-browser/smoker-browser/app/build/intermediates/merged_res/debug/mergeDebugResources/values-v24_values-v24.arsc.flat
Compiling XML table /home/runner/work/smoker-browser/smoker-browser/app/build/intermediates/incremental/debug/mergeDebugResources/merged.dir/values-v26/values-v26.xml to /home/runner/work/smoker-browser/smoker-browser/app/build/intermediates/merged_res/debug/mergeDebugResources/values-v26_values-v26.arsc.flat
Compiling XML table /home/runner/work/smoker-browser/smoker-browser/app/build/intermediates/incremental/debug/mergeDebugResources/merged.dir/values-sw600dp-v13/values-sw600dp-v13.xml to /home/runner/work/smoker-browser/smoker-browser/app/build/intermediates/merged_res/debug/mergeDebugResources/values-sw600dp-v13_values-sw600dp-v13.arsc.flat
Compiling XML table /home/runner/work/smoker-browser/smoker-browser/app/build/intermediates/incremental/debug/mergeDebugResources/merged.dir/values-bn/values-bn.xml to /home/runner/work/smoker-browser/smoker-browser/app/build/intermediates/merged_res/debug/mergeDebugResources/values-bn_values-bn.arsc.flat
Compiling XML table /home/runner/work/smoker-browser/smoker-browser/app/build/intermediates/incremental/debug/mergeDebugResources/merged.dir/values-ka/values-ka.xml to /home/runner/work/smoker-browser/smoker-browser/app/build/intermediates/merged_res/debug/mergeDebugResources/values-ka_values-ka.arsc.flat
Compiling XML table /home/runner/work/smoker-browser/smoker-browser/app/build/intermediates/incremental/debug/mergeDebugResources/merged.dir/values-sl/values-sl.xml to /home/runner/work/smoker-browser/smoker-browser/app/build/intermediates/merged_res/debug/mergeDebugResources/values-sl_values-sl.arsc.flat
Compiling XML table /home/runner/work/smoker-browser/smoker-browser/app/build/intermediates/incremental/debug/mergeDebugResources/merged.dir/values-kk/values-kk.xml to /home/runner/work/smoker-browser/smoker-browser/app/build/intermediates/merged_res/debug/mergeDebugResources/values-kk_values-kk.arsc.flat
Compiling XML table /home/runner/work/smoker-browser/smoker-browser/app/build/intermediates/incremental/debug/mergeDebugResources/merged.dir/values-ko/values-ko.xml to /home/runner/work/smoker-browser/smoker-browser/app/build/intermediates/merged_res/debug/mergeDebugResources/values-ko_values-ko.arsc.flat
Compiling XML table /home/runner/work/smoker-browser/smoker-browser/app/build/intermediates/incremental/debug/mergeDebugResources/merged.dir/values-pt-rBR/values-pt-rBR.xml to /home/runner/work/smoker-browser/smoker-browser/app/build/intermediates/merged_res/debug/mergeDebugResources/values-pt-rBR_values-pt-rBR.arsc.flat
Compiling XML table /home/runner/work/smoker-browser/smoker-browser/app/build/intermediates/incremental/debug/mergeDebugResources/merged.dir/values-th/values-th.xml to /home/runner/work/smoker-browser/smoker-browser/app/build/intermediates/merged_res/debug/mergeDebugResources/values-th_values-th.arsc.flat
Compiling XML table /home/runner/work/smoker-browser/smoker-browser/app/build/intermediates/incremental/debug/mergeDebugResources/merged.dir/values-tr/values-tr.xml to /home/runner/work/smoker-browser/smoker-browser/app/build/intermediates/merged_res/debug/mergeDebugResources/values-tr_values-tr.arsc.flat
Compiling XML table /home/runner/work/smoker-browser/smoker-browser/app/build/intermediates/incremental/debug/mergeDebugResources/merged.dir/values-lt/values-lt.xml to /home/runner/work/smoker-browser/smoker-browser/app/build/intermediates/merged_res/debug/mergeDebugResources/values-lt_values-lt.arsc.flat
Compiling XML table /home/runner/work/smoker-browser/smoker-browser/app/build/intermediates/incremental/debug/mergeDebugResources/merged.dir/values-ldrtl-v17/values-ldrtl-v17.xml to /home/runner/work/smoker-browser/smoker-browser/app/build/intermediates/merged_res/debug/mergeDebugResources/values-ldrtl-v17_values-ldrtl-v17.arsc.flat
Compiling XML table /home/runner/work/smoker-browser/smoker-browser/app/build/intermediates/incremental/debug/mergeDebugResources/merged.dir/values-ml/values-ml.xml to /home/runner/work/smoker-browser/smoker-browser/app/build/intermediates/merged_res/debug/mergeDebugResources/values-ml_values-ml.arsc.flat
Compiling XML table /home/runner/work/smoker-browser/smoker-browser/app/build/intermediates/incremental/debug/mergeDebugResources/merged.dir/values-fr-rCA/values-fr-rCA.xml to /home/runner/work/smoker-browser/smoker-browser/app/build/intermediates/merged_res/debug/mergeDebugResources/values-fr-rCA_values-fr-rCA.arsc.flat
Compiling XML table /home/runner/work/smoker-browser/smoker-browser/app/build/intermediates/incremental/debug/mergeDebugResources/merged.dir/values-my/values-my.xml to /home/runner/work/smoker-browser/smoker-browser/app/build/intermediates/merged_res/debug/mergeDebugResources/values-my_values-my.arsc.flat
Compiling XML table /home/runner/work/smoker-browser/smoker-browser/app/build/intermediates/incremental/debug/mergeDebugResources/merged.dir/values-vi/values-vi.xml to /home/runner/work/smoker-browser/smoker-browser/app/build/intermediates/merged_res/debug/mergeDebugResources/values-vi_values-vi.arsc.flat
Compiling XML table /home/runner/work/smoker-browser/smoker-browser/app/build/intermediates/incremental/debug/mergeDebugResources/merged.dir/values-w600dp-land-v13/values-w600dp-land-v13.xml to /home/runner/work/smoker-browser/smoker-browser/app/build/intermediates/merged_res/debug/mergeDebugResources/values-w600dp-land-v13_values-w600dp-land-v13.arsc.flat
Compiling XML table /home/runner/work/smoker-browser/smoker-browser/app/build/intermediates/incremental/debug/mergeDebugResources/merged.dir/values-nl/values-nl.xml to /home/runner/work/smoker-browser/smoker-browser/app/build/intermediates/merged_res/debug/mergeDebugResources/values-nl_values-nl.arsc.flat
Compiling XML table /home/runner/work/smoker-browser/smoker-browser/app/build/intermediates/incremental/debug/mergeDebugResources/merged.dir/values-fr/values-fr.xml to /home/runner/work/smoker-browser/smoker-browser/app/build/intermediates/merged_res/debug/mergeDebugResources/values-fr_values-fr.arsc.flat
Compiling XML table /home/runner/work/smoker-browser/smoker-browser/app/build/intermediates/incremental/debug/mergeDebugResources/merged.dir/values-land/values-land.xml to /home/runner/work/smoker-browser/smoker-browser/app/build/intermediates/merged_res/debug/mergeDebugResources/values-land_values-land.arsc.flat
Compiling XML table /home/runner/work/smoker-browser/smoker-browser/app/build/intermediates/incremental/debug/mergeDebugResources/merged.dir/values-b+es+419/values-b+es+419.xml to /home/runner/work/smoker-browser/smoker-browser/app/build/intermediates/merged_res/debug/mergeDebugResources/values-b+es+419_values-b+es+419.arsc.flat
Compiling image file /home/runner/work/smoker-browser/smoker-browser/app/src/main/res/mipmap-mdpi/ic_launcher.png
Compiling file /home/runner/work/smoker-browser/smoker-browser/app/src/main/res/mipmap-mdpi/ic_launcher.png to /home/runner/work/smoker-browser/smoker-browser/app/build/intermediates/merged_res/debug/mergeDebugResources/mipmap-mdpi_ic_launcher.png.flat
Compiling image file /home/runner/work/smoker-browser/smoker-browser/app/src/main/res/mipmap-mdpi/ic_launcher_round.png
Compiling file /home/runner/work/smoker-browser/smoker-browser/app/src/main/res/mipmap-mdpi/ic_launcher_round.png to /home/runner/work/smoker-browser/smoker-browser/app/build/intermediates/merged_res/debug/mergeDebugResources/mipmap-mdpi_ic_launcher_round.png.flat
Compiling xml file /home/runner/work/smoker-browser/smoker-browser/app/src/main/res/mipmap-anydpi-v26/ic_launcher.xml to /home/runner/work/smoker-browser/smoker-browser/app/build/intermediates/merged_res/debug/mergeDebugResources/mipmap-anydpi-v26_ic_launcher.xml.flat
Compiling image file /home/runner/work/smoker-browser/smoker-browser/app/src/main/res/mipmap-xhdpi/ic_launcher.png
Compiling file /home/runner/work/smoker-browser/smoker-browser/app/src/main/res/mipmap-xhdpi/ic_launcher.png to /home/runner/work/smoker-browser/smoker-browser/app/build/intermediates/merged_res/debug/mergeDebugResources/mipmap-xhdpi_ic_launcher.png.flat
Compiling image file /home/runner/work/smoker-browser/smoker-browser/app/src/main/res/mipmap-xxxhdpi/ic_launcher_round.png
Compiling file /home/runner/work/smoker-browser/smoker-browser/app/src/main/res/mipmap-xxxhdpi/ic_launcher_round.png to /home/runner/work/smoker-browser/smoker-browser/app/build/intermediates/merged_res/debug/mergeDebugResources/mipmap-xxxhdpi_ic_launcher_round.png.flat

> Task :app:processDebugMainManifest FAILED
file or directory '/home/runner/work/smoker-browser/smoker-browser/app/libs', not found
Transforming viewbinding-8.7.2.aar (androidx.databinding:viewbinding:8.7.2) with JetifyTransform
Transforming viewbinding-8.7.2.aar (androidx.databinding:viewbinding:8.7.2) with ExtractAarTransform
Transforming viewbinding-8.7.2.aar (androidx.databinding:viewbinding:8.7.2) with AarTransform
Transforming material-1.12.0.aar (com.google.android.material:material:1.12.0) with JetifyTransform
Transforming material-1.12.0.aar (com.google.android.material:material:1.12.0) with ExtractAarTransform
Transforming material-1.12.0.aar (com.google.android.material:material:1.12.0) with AarTransform
Transforming appcompat-resources-1.7.1.aar (androidx.appcompat:appcompat-resources:1.7.1) with JetifyTransform
Transforming appcompat-resources-1.7.1.aar (androidx.appcompat:appcompat-resources:1.7.1) with ExtractAarTransform
Transforming appcompat-resources-1.7.1.aar (androidx.appcompat:appcompat-resources:1.7.1) with AarTransform
Transforming constraintlayout-2.0.1.aar (androidx.constraintlayout:constraintlayout:2.0.1) with JetifyTransform
Transforming constraintlayout-2.0.1.aar (androidx.constraintlayout:constraintlayout:2.0.1) with ExtractAarTransform
Transforming constraintlayout-2.0.1.aar (androidx.constraintlayout:constraintlayout:2.0.1) with AarTransform
Transforming appcompat-1.7.1.aar (androidx.appcompat:appcompat:1.7.1) with JetifyTransform
Transforming appcompat-1.7.1.aar (androidx.appcompat:appcompat:1.7.1) with ExtractAarTransform
Transforming appcompat-1.7.1.aar (androidx.appcompat:appcompat:1.7.1) with AarTransform
Transforming cardview-1.0.0.aar (androidx.cardview:cardview:1.0.0) with JetifyTransform
Transforming cardview-1.0.0.aar (androidx.cardview:cardview:1.0.0) with ExtractAarTransform
Transforming cardview-1.0.0.aar (androidx.cardview:cardview:1.0.0) with AarTransform
Transforming swiperefreshlayout-1.1.0.aar (androidx.swiperefreshlayout:swiperefreshlayout:1.1.0) with JetifyTransform
Transforming swiperefreshlayout-1.1.0.aar (androidx.swiperefreshlayout:swiperefreshlayout:1.1.0) with ExtractAarTransform
Transforming swiperefreshlayout-1.1.0.aar (androidx.swiperefreshlayout:swiperefreshlayout:1.1.0) with AarTransform
Transforming viewpager2-1.0.0.aar (androidx.viewpager2:viewpager2:1.0.0) with JetifyTransform
Transforming viewpager2-1.0.0.aar (androidx.viewpager2:viewpager2:1.0.0) with ExtractAarTransform
Transforming viewpager2-1.0.0.aar (androidx.viewpager2:viewpager2:1.0.0) with AarTransform
Transforming fragment-1.5.4.aar (androidx.fragment:fragment:1.5.4) with JetifyTransform
Transforming fragment-1.5.4.aar (androidx.fragment:fragment:1.5.4) with ExtractAarTransform
Transforming fragment-1.5.4.aar (androidx.fragment:fragment:1.5.4) with AarTransform
Transforming fragment-1.5.4.aar (androidx.fragment:fragment:1.5.4) with JetifyTransform
Transforming fragment-1.5.4.aar (androidx.fragment:fragment:1.5.4) with ExtractAarTransform
Transforming fragment-1.5.4.aar (androidx.fragment:fragment:1.5.4) with AarTransform
Transforming activity-1.8.0.aar (androidx.activity:activity:1.8.0) with JetifyTransform
Transforming activity-1.8.0.aar (androidx.activity:activity:1.8.0) with ExtractAarTransform
Transforming activity-1.8.0.aar (androidx.activity:activity:1.8.0) with AarTransform
Transforming savedstate-1.2.1.aar (androidx.savedstate:savedstate:1.2.1) with JetifyTransform
Caching disabled for AarTransform: /home/runner/.gradle/caches/8.9/transforms/bd0f389651f9496192bd337c22c67ae9/transformed/jetified-viewbinding-8.7.2 because:
  Build cache is disabled
  Caching not enabled.
Transforming savedstate-1.2.1.aar (androidx.savedstate:savedstate:1.2.1) with ExtractAarTransform
Transforming savedstate-1.2.1.aar (androidx.savedstate:savedstate:1.2.1) with AarTransform
Transforming emoji2-views-helper-1.3.0.aar (androidx.emoji2:emoji2-views-helper:1.3.0) with JetifyTransform
Transforming emoji2-views-helper-1.3.0.aar (androidx.emoji2:emoji2-views-helper:1.3.0) with ExtractAarTransform
Transforming emoji2-views-helper-1.3.0.aar (androidx.emoji2:emoji2-views-helper:1.3.0) with AarTransform
Transforming emoji2-1.3.0.aar (androidx.emoji2:emoji2:1.3.0) with JetifyTransform
Transforming emoji2-1.3.0.aar (androidx.emoji2:emoji2:1.3.0) with ExtractAarTransform
Transforming emoji2-1.3.0.aar (androidx.emoji2:emoji2:1.3.0) with AarTransform
Transforming transition-1.5.0.aar (androidx.transition:transition:1.5.0) with JetifyTransform
Transforming transition-1.5.0.aar (androidx.transition:transition:1.5.0) with ExtractAarTransform
Transforming transition-1.5.0.aar (androidx.transition:transition:1.5.0) with AarTransform
Transforming dynamicanimation-1.0.0.aar (androidx.dynamicanimation:dynamicanimation:1.0.0) with JetifyTransform
Transforming dynamicanimation-1.0.0.aar (androidx.dynamicanimation:dynamicanimation:1.0.0) with ExtractAarTransform
Transforming dynamicanimation-1.0.0.aar (androidx.dynamicanimation:dynamicanimation:1.0.0) with AarTransform
Transforming legacy-support-core-utils-1.0.0.aar (androidx.legacy:legacy-support-core-utils:1.0.0) with JetifyTransform
Transforming legacy-support-core-utils-1.0.0.aar (androidx.legacy:legacy-support-core-utils:1.0.0) with ExtractAarTransform
Transforming legacy-support-core-utils-1.0.0.aar (androidx.legacy:legacy-support-core-utils:1.0.0) with AarTransform
Transforming loader-1.0.0.aar (androidx.loader:loader:1.0.0) with JetifyTransform
Transforming loader-1.0.0.aar (androidx.loader:loader:1.0.0) with ExtractAarTransform
Transforming loader-1.0.0.aar (androidx.loader:loader:1.0.0) with AarTransform
Transforming loader-1.0.0.aar (androidx.loader:loader:1.0.0) with JetifyTransform
Transforming loader-1.0.0.aar (androidx.loader:loader:1.0.0) with ExtractAarTransform
Transforming loader-1.0.0.aar (androidx.loader:loader:1.0.0) with AarTransform
Transforming lifecycle-livedata-2.6.2.aar (androidx.lifecycle:lifecycle-livedata:2.6.2) with JetifyTransform
Transforming lifecycle-livedata-2.6.2.aar (androidx.lifecycle:lifecycle-livedata:2.6.2) with ExtractAarTransform
Transforming lifecycle-livedata-2.6.2.aar (androidx.lifecycle:lifecycle-livedata:2.6.2) with AarTransform
Transforming lifecycle-viewmodel-2.6.2.aar (androidx.lifecycle:lifecycle-viewmodel:2.6.2) with JetifyTransform
Transforming lifecycle-viewmodel-2.6.2.aar (androidx.lifecycle:lifecycle-viewmodel:2.6.2) with ExtractAarTransform
Transforming lifecycle-viewmodel-2.6.2.aar (androidx.lifecycle:lifecycle-viewmodel:2.6.2) with AarTransform
Transforming lifecycle-viewmodel-2.6.2.aar (androidx.lifecycle:lifecycle-viewmodel:2.6.2) with JetifyTransform
Transforming lifecycle-viewmodel-2.6.2.aar (androidx.lifecycle:lifecycle-viewmodel:2.6.2) with ExtractAarTransform
Transforming lifecycle-viewmodel-2.6.2.aar (androidx.lifecycle:lifecycle-viewmodel:2.6.2) with AarTransform
Transforming lifecycle-process-2.6.2.aar (androidx.lifecycle:lifecycle-process:2.6.2) with JetifyTransform
Transforming lifecycle-process-2.6.2.aar (androidx.lifecycle:lifecycle-process:2.6.2) with ExtractAarTransform
Transforming lifecycle-process-2.6.2.aar (androidx.lifecycle:lifecycle-process:2.6.2) with AarTransform
Transforming lifecycle-livedata-core-2.6.2.aar (androidx.lifecycle:lifecycle-livedata-core:2.6.2) with JetifyTransform
Transforming lifecycle-livedata-core-2.6.2.aar (androidx.lifecycle:lifecycle-livedata-core:2.6.2) with ExtractAarTransform
Transforming lifecycle-livedata-core-2.6.2.aar (androidx.lifecycle:lifecycle-livedata-core:2.6.2) with AarTransform
Transforming lifecycle-runtime-2.6.2.aar (androidx.lifecycle:lifecycle-runtime:2.6.2) with JetifyTransform
Transforming lifecycle-runtime-2.6.2.aar (androidx.lifecycle:lifecycle-runtime:2.6.2) with ExtractAarTransform
Transforming lifecycle-runtime-2.6.2.aar (androidx.lifecycle:lifecycle-runtime:2.6.2) with AarTransform
Transforming lifecycle-viewmodel-savedstate-2.6.2.aar (androidx.lifecycle:lifecycle-viewmodel-savedstate:2.6.2) with JetifyTransform
Transforming lifecycle-viewmodel-savedstate-2.6.2.aar (androidx.lifecycle:lifecycle-viewmodel-savedstate:2.6.2) with ExtractAarTransform
Transforming lifecycle-viewmodel-savedstate-2.6.2.aar (androidx.lifecycle:lifecycle-viewmodel-savedstate:2.6.2) with AarTransform
Transforming core-ktx-1.13.0.aar (androidx.core:core-ktx:1.13.0) with JetifyTransform
Transforming core-ktx-1.13.0.aar (androidx.core:core-ktx:1.13.0) with ExtractAarTransform
Transforming core-ktx-1.13.0.aar (androidx.core:core-ktx:1.13.0) with AarTransform
Transforming drawerlayout-1.1.1.aar (androidx.drawerlayout:drawerlayout:1.1.1) with JetifyTransform
Transforming drawerlayout-1.1.1.aar (androidx.drawerlayout:drawerlayout:1.1.1) with ExtractAarTransform
Transforming drawerlayout-1.1.1.aar (androidx.drawerlayout:drawerlayout:1.1.1) with AarTransform
Transforming coordinatorlayout-1.1.0.aar (androidx.coordinatorlayout:coordinatorlayout:1.1.0) with JetifyTransform
Transforming coordinatorlayout-1.1.0.aar (androidx.coordinatorlayout:coordinatorlayout:1.1.0) with ExtractAarTransform
Transforming coordinatorlayout-1.1.0.aar (androidx.coordinatorlayout:coordinatorlayout:1.1.0) with AarTransform
Caching disabled for AarTransform: /home/runner/.gradle/caches/8.9/transforms/6df8cd1b45d23a4579db10a5888dffcb/transformed/material-1.12.0 because:
  Build cache is disabled
  Caching not enabled.
Transforming vectordrawable-animated-1.1.0.aar (androidx.vectordrawable:vectordrawable-animated:1.1.0) with JetifyTransform
Transforming vectordrawable-animated-1.1.0.aar (androidx.vectordrawable:vectordrawable-animated:1.1.0) with ExtractAarTransform
Transforming vectordrawable-animated-1.1.0.aar (androidx.vectordrawable:vectordrawable-animated:1.1.0) with AarTransform
Transforming vectordrawable-1.1.0.aar (androidx.vectordrawable:vectordrawable:1.1.0) with JetifyTransform
Transforming vectordrawable-1.1.0.aar (androidx.vectordrawable:vectordrawable:1.1.0) with ExtractAarTransform
Transforming vectordrawable-1.1.0.aar (androidx.vectordrawable:vectordrawable:1.1.0) with AarTransform
Transforming vectordrawable-1.1.0.aar (androidx.vectordrawable:vectordrawable:1.1.0) with JetifyTransform
Transforming vectordrawable-1.1.0.aar (androidx.vectordrawable:vectordrawable:1.1.0) with ExtractAarTransform
Transforming vectordrawable-1.1.0.aar (androidx.vectordrawable:vectordrawable:1.1.0) with AarTransform
Transforming viewpager-1.0.0.aar (androidx.viewpager:viewpager:1.0.0) with JetifyTransform
Transforming viewpager-1.0.0.aar (androidx.viewpager:viewpager:1.0.0) with ExtractAarTransform
Transforming viewpager-1.0.0.aar (androidx.viewpager:viewpager:1.0.0) with AarTransform
Transforming recyclerview-1.1.0.aar (androidx.recyclerview:recyclerview:1.1.0) with JetifyTransform
Transforming recyclerview-1.1.0.aar (androidx.recyclerview:recyclerview:1.1.0) with ExtractAarTransform
Transforming recyclerview-1.1.0.aar (androidx.recyclerview:recyclerview:1.1.0) with AarTransform
Transforming recyclerview-1.1.0.aar (androidx.recyclerview:recyclerview:1.1.0) with JetifyTransform
Transforming recyclerview-1.1.0.aar (androidx.recyclerview:recyclerview:1.1.0) with ExtractAarTransform
Transforming recyclerview-1.1.0.aar (androidx.recyclerview:recyclerview:1.1.0) with AarTransform
Transforming customview-1.1.0.aar (androidx.customview:customview:1.1.0) with JetifyTransform
Transforming customview-1.1.0.aar (androidx.customview:customview:1.1.0) with ExtractAarTransform
Transforming customview-1.1.0.aar (androidx.customview:customview:1.1.0) with AarTransform
Transforming customview-1.1.0.aar (androidx.customview:customview:1.1.0) with JetifyTransform
Transforming customview-1.1.0.aar (androidx.customview:customview:1.1.0) with ExtractAarTransform
Transforming customview-1.1.0.aar (androidx.customview:customview:1.1.0) with AarTransform
Transforming customview-1.1.0.aar (androidx.customview:customview:1.1.0) with JetifyTransform
Transforming customview-1.1.0.aar (androidx.customview:customview:1.1.0) with ExtractAarTransform
Transforming customview-1.1.0.aar (androidx.customview:customview:1.1.0) with AarTransform
Transforming customview-1.1.0.aar (androidx.customview:customview:1.1.0) with JetifyTransform
Transforming customview-1.1.0.aar (androidx.customview:customview:1.1.0) with ExtractAarTransform
Transforming customview-1.1.0.aar (androidx.customview:customview:1.1.0) with AarTransform
Transforming core-1.13.0.aar (androidx.core:core:1.13.0) with JetifyTransform
Transforming core-1.13.0.aar (androidx.core:core:1.13.0) with ExtractAarTransform
Transforming core-1.13.0.aar (androidx.core:core:1.13.0) with AarTransform
Transforming core-1.13.0.aar (androidx.core:core:1.13.0) with JetifyTransform
Transforming core-1.13.0.aar (androidx.core:core:1.13.0) with ExtractAarTransform
Transforming core-1.13.0.aar (androidx.core:core:1.13.0) with AarTransform
Transforming core-1.13.0.aar (androidx.core:core:1.13.0) with JetifyTransform
Transforming core-1.13.0.aar (androidx.core:core:1.13.0) with ExtractAarTransform
Transforming core-1.13.0.aar (androidx.core:core:1.13.0) with AarTransform
Transforming core-1.13.0.aar (androidx.core:core:1.13.0) with JetifyTransform
Transforming core-1.13.0.aar (androidx.core:core:1.13.0) with ExtractAarTransform
Transforming core-1.13.0.aar (androidx.core:core:1.13.0) with AarTransform
Transforming core-1.13.0.aar (androidx.core:core:1.13.0) with JetifyTransform
Transforming core-1.13.0.aar (androidx.core:core:1.13.0) with ExtractAarTransform
Transforming core-1.13.0.aar (androidx.core:core:1.13.0) with AarTransform
Transforming core-1.13.0.aar (androidx.core:core:1.13.0) with JetifyTransform
Transforming core-1.13.0.aar (androidx.core:core:1.13.0) with ExtractAarTransform
Transforming core-1.13.0.aar (androidx.core:core:1.13.0) with AarTransform
Transforming core-1.13.0.aar (androidx.core:core:1.13.0) with JetifyTransform
Transforming core-1.13.0.aar (androidx.core:core:1.13.0) with ExtractAarTransform
Transforming core-1.13.0.aar (androidx.core:core:1.13.0) with AarTransform
Transforming core-1.13.0.aar (androidx.core:core:1.13.0) with JetifyTransform
Transforming core-1.13.0.aar (androidx.core:core:1.13.0) with ExtractAarTransform
Transforming core-1.13.0.aar (androidx.core:core:1.13.0) with AarTransform
Transforming core-1.13.0.aar (androidx.core:core:1.13.0) with JetifyTransform
Transforming core-1.13.0.aar (androidx.core:core:1.13.0) with ExtractAarTransform
Transforming core-1.13.0.aar (androidx.core:core:1.13.0) with AarTransform
Transforming core-1.13.0.aar (androidx.core:core:1.13.0) with JetifyTransform
Transforming core-1.13.0.aar (androidx.core:core:1.13.0) with ExtractAarTransform
Transforming core-1.13.0.aar (androidx.core:core:1.13.0) with AarTransform
Transforming core-1.13.0.aar (androidx.core:core:1.13.0) with JetifyTransform
Transforming core-1.13.0.aar (androidx.core:core:1.13.0) with ExtractAarTransform
Transforming core-1.13.0.aar (androidx.core:core:1.13.0) with AarTransform
Transforming core-1.13.0.aar (androidx.core:core:1.13.0) with JetifyTransform
Transforming core-1.13.0.aar (androidx.core:core:1.13.0) with ExtractAarTransform
Transforming core-1.13.0.aar (androidx.core:core:1.13.0) with AarTransform
Transforming cursoradapter-1.0.0.aar (androidx.cursoradapter:cursoradapter:1.0.0) with JetifyTransform
Transforming cursoradapter-1.0.0.aar (androidx.cursoradapter:cursoradapter:1.0.0) with ExtractAarTransform
Transforming cursoradapter-1.0.0.aar (androidx.cursoradapter:cursoradapter:1.0.0) with AarTransform
Transforming profileinstaller-1.3.1.aar (androidx.profileinstaller:profileinstaller:1.3.1) with JetifyTransform
Transforming profileinstaller-1.3.1.aar (androidx.profileinstaller:profileinstaller:1.3.1) with ExtractAarTransform
Transforming profileinstaller-1.3.1.aar (androidx.profileinstaller:profileinstaller:1.3.1) with AarTransform
Transforming interpolator-1.0.0.aar (androidx.interpolator:interpolator:1.0.0) with JetifyTransform
Transforming interpolator-1.0.0.aar (androidx.interpolator:interpolator:1.0.0) with ExtractAarTransform
Transforming interpolator-1.0.0.aar (androidx.interpolator:interpolator:1.0.0) with AarTransform
Transforming interpolator-1.0.0.aar (androidx.interpolator:interpolator:1.0.0) with JetifyTransform
Transforming interpolator-1.0.0.aar (androidx.interpolator:interpolator:1.0.0) with ExtractAarTransform
Transforming interpolator-1.0.0.aar (androidx.interpolator:interpolator:1.0.0) with AarTransform
Transforming interpolator-1.0.0.aar (androidx.interpolator:interpolator:1.0.0) with JetifyTransform
Transforming interpolator-1.0.0.aar (androidx.interpolator:interpolator:1.0.0) with ExtractAarTransform
Transforming interpolator-1.0.0.aar (androidx.interpolator:interpolator:1.0.0) with AarTransform
Transforming startup-runtime-1.1.1.aar (androidx.startup:startup-runtime:1.1.1) with JetifyTransform
Transforming startup-runtime-1.1.1.aar (androidx.startup:startup-runtime:1.1.1) with ExtractAarTransform
Caching disabled for AarTransform: /home/runner/.gradle/caches/8.9/transforms/feb4f85dfd91f72f46e03c4ac10ae1af/transformed/constraintlayout-2.0.1 because:
  Build cache is disabled
  Caching not enabled.
Transforming startup-runtime-1.1.1.aar (androidx.startup:startup-runtime:1.1.1) with AarTransform
Transforming tracing-1.0.0.aar (androidx.tracing:tracing:1.0.0) with JetifyTransform
Transforming tracing-1.0.0.aar (androidx.tracing:tracing:1.0.0) with ExtractAarTransform
Transforming tracing-1.0.0.aar (androidx.tracing:tracing:1.0.0) with AarTransform
Transforming versionedparcelable-1.1.1.aar (androidx.versionedparcelable:versionedparcelable:1.1.1) with JetifyTransform
Transforming versionedparcelable-1.1.1.aar (androidx.versionedparcelable:versionedparcelable:1.1.1) with ExtractAarTransform
Transforming versionedparcelable-1.1.1.aar (androidx.versionedparcelable:versionedparcelable:1.1.1) with AarTransform
Transforming core-runtime-2.2.0.aar (androidx.arch.core:core-runtime:2.2.0) with JetifyTransform
Transforming core-runtime-2.2.0.aar (androidx.arch.core:core-runtime:2.2.0) with ExtractAarTransform
Transforming core-runtime-2.2.0.aar (androidx.arch.core:core-runtime:2.2.0) with AarTransform
Transforming documentfile-1.0.0.aar (androidx.documentfile:documentfile:1.0.0) with JetifyTransform
Transforming documentfile-1.0.0.aar (androidx.documentfile:documentfile:1.0.0) with ExtractAarTransform
Transforming documentfile-1.0.0.aar (androidx.documentfile:documentfile:1.0.0) with AarTransform
Transforming localbroadcastmanager-1.0.0.aar (androidx.localbroadcastmanager:localbroadcastmanager:1.0.0) with JetifyTransform
Transforming localbroadcastmanager-1.0.0.aar (androidx.localbroadcastmanager:localbroadcastmanager:1.0.0) with ExtractAarTransform
Transforming localbroadcastmanager-1.0.0.aar (androidx.localbroadcastmanager:localbroadcastmanager:1.0.0) with AarTransform
Transforming print-1.0.0.aar (androidx.print:print:1.0.0) with JetifyTransform
Transforming print-1.0.0.aar (androidx.print:print:1.0.0) with ExtractAarTransform
Transforming print-1.0.0.aar (androidx.print:print:1.0.0) with AarTransform
Transforming annotation-experimental-1.4.0.aar (androidx.annotation:annotation-experimental:1.4.0) with JetifyTransform
Transforming annotation-experimental-1.4.0.aar (androidx.annotation:annotation-experimental:1.4.0) with ExtractAarTransform
Transforming annotation-experimental-1.4.0.aar (androidx.annotation:annotation-experimental:1.4.0) with AarTransform
Caching disabled for AarTransform: /home/runner/.gradle/caches/8.9/transforms/49ecf135d4e3d803ddc6d648e8e2d454/transformed/cardview-1.0.0 because:
  Build cache is disabled
  Caching not enabled.
Caching disabled for AarTransform: /home/runner/.gradle/caches/8.9/transforms/8e7f44c465a91614de2f5af3a62f8a50/transformed/swiperefreshlayout-1.1.0 because:
  Build cache is disabled
  Caching not enabled.
Caching disabled for AarTransform: /home/runner/.gradle/caches/8.9/transforms/89cb9b3d1cdd26c97a47967f5d3f52fe/transformed/appcompat-1.7.1 because:
  Build cache is disabled
  Caching not enabled.
Caching disabled for AarTransform: /home/runner/.gradle/caches/8.9/transforms/0040263336a7001c4c99789f733fe0bf/transformed/jetified-viewpager2-1.0.0 because:
  Build cache is disabled
  Caching not enabled.
Caching disabled for AarTransform: /home/runner/.gradle/caches/8.9/transforms/87537a02a099b0a726555e40de89098f/transformed/fragment-1.5.4 because:
  Build cache is disabled
  Caching not enabled.
Caching disabled for AarTransform: /home/runner/.gradle/caches/8.9/transforms/8562a75cda5f6922af2749efd5668243/transformed/jetified-activity-1.8.0 because:
  Build cache is disabled
  Caching not enabled.
Caching disabled for AarTransform: /home/runner/.gradle/caches/8.9/transforms/4e8bec9299dffd9596afba85cc18d80e/transformed/jetified-emoji2-views-helper-1.3.0 because:
  Build cache is disabled
  Caching not enabled.
Caching disabled for AarTransform: /home/runner/.gradle/caches/8.9/transforms/2e921cd16d63f4e0d0a788ce4333e813/transformed/jetified-savedstate-1.2.1 because:
  Build cache is disabled
  Caching not enabled.
Caching disabled for AarTransform: /home/runner/.gradle/caches/8.9/transforms/00197f34d12a2636b7031ecbe315c8f9/transformed/jetified-emoji2-1.3.0 because:
  Build cache is disabled
  Caching not enabled.
Caching disabled for AarTransform: /home/runner/.gradle/caches/8.9/transforms/36c5ec91343febb991bb38bfc7f58c4c/transformed/transition-1.5.0 because:
  Build cache is disabled
  Caching not enabled.
Caching disabled for AarTransform: /home/runner/.gradle/caches/8.9/transforms/a98ab41f04f2b70b9136868ddc3c6988/transformed/dynamicanimation-1.0.0 because:
  Build cache is disabled
  Caching not enabled.
Caching disabled for AarTransform: /home/runner/.gradle/caches/8.9/transforms/97fac01138fa0ca98836a6c0952c726f/transformed/legacy-support-core-utils-1.0.0 because:
  Build cache is disabled
  Caching not enabled.
Caching disabled for AarTransform: /home/runner/.gradle/caches/8.9/transforms/d484ffba6ed6b8298693d91d630519be/transformed/loader-1.0.0 because:
  Build cache is disabled
  Caching not enabled.
Caching disabled for AarTransform: /home/runner/.gradle/caches/8.9/transforms/af1ec8159a9125a15e0ff13e4d318e0c/transformed/lifecycle-livedata-2.6.2 because:
  Build cache is disabled
  Caching not enabled.
Caching disabled for AarTransform: /home/runner/.gradle/caches/8.9/transforms/8862448272d648364c0c2b537e506026/transformed/lifecycle-viewmodel-2.6.2 because:
  Build cache is disabled
  Caching not enabled.
Caching disabled for AarTransform: /home/runner/.gradle/caches/8.9/transforms/00e060e70a5e957e5a01deb8b92ed6dc/transformed/jetified-lifecycle-process-2.6.2 because:
  Build cache is disabled
  Caching not enabled.
Caching disabled for AarTransform: /home/runner/.gradle/caches/8.9/transforms/a8221c4a062845a1dc7c70c66d0e4a4e/transformed/lifecycle-livedata-core-2.6.2 because:
  Build cache is disabled
  Caching not enabled.
Caching disabled for AarTransform: /home/runner/.gradle/caches/8.9/transforms/3b3644b3c553c82eadf15c6e5d01cf4d/transformed/lifecycle-runtime-2.6.2 because:
  Build cache is disabled
  Caching not enabled.
Caching disabled for AarTransform: /home/runner/.gradle/caches/8.9/transforms/0be29cfc4c54d60898ecd27cf16cab3d/transformed/jetified-core-ktx-1.13.0 because:
  Build cache is disabled
  Caching not enabled.
Caching disabled for AarTransform: /home/runner/.gradle/caches/8.9/transforms/df86b5c62f004f13d3db41dcff367a74/transformed/jetified-lifecycle-viewmodel-savedstate-2.6.2 because:
  Build cache is disabled
  Caching not enabled.
Caching disabled for AarTransform: /home/runner/.gradle/caches/8.9/transforms/0f502e0b8b835dbb1b6f26efd1a62317/transformed/drawerlayout-1.1.1 because:
  Build cache is disabled
  Caching not enabled.
Caching disabled for AarTransform: /home/runner/.gradle/caches/8.9/transforms/43a21389397008df984784051cd39a6b/transformed/coordinatorlayout-1.1.0 because:
  Build cache is disabled
  Caching not enabled.
Caching disabled for AarTransform: /home/runner/.gradle/caches/8.9/transforms/30fba741f8e98cb753260dbf350d5148/transformed/vectordrawable-animated-1.1.0 because:
  Build cache is disabled
  Caching not enabled.
Caching disabled for AarTransform: /home/runner/.gradle/caches/8.9/transforms/ba0144e1eaeacaff4f5b3a717a34c7be/transformed/vectordrawable-1.1.0 because:
  Build cache is disabled
  Caching not enabled.
Caching disabled for AarTransform: /home/runner/.gradle/caches/8.9/transforms/6d4ea35faec5ef91dbb4f282b1b6ffbf/transformed/recyclerview-1.1.0 because:
  Build cache is disabled
  Caching not enabled.
Caching disabled for AarTransform: /home/runner/.gradle/caches/8.9/transforms/10ee40a6142a5042899ff73fe04c5d8b/transformed/viewpager-1.0.0 because:
  Build cache is disabled
  Caching not enabled.
Caching disabled for AarTransform: /home/runner/.gradle/caches/8.9/transforms/683e6a8bc3e17246566ffef111d7b2ff/transformed/customview-1.1.0 because:
  Build cache is disabled
  Caching not enabled.
Caching disabled for AarTransform: /home/runner/.gradle/caches/8.9/transforms/f734d3757685d8d992319f55d6e2d5ac/transformed/core-1.13.0 because:
  Build cache is disabled
  Caching not enabled.
Caching disabled for AarTransform: /home/runner/.gradle/caches/8.9/transforms/575019187b8792bebba099b4b4f9269a/transformed/interpolator-1.0.0 because:
  Build cache is disabled
  Caching not enabled.
Caching disabled for AarTransform: /home/runner/.gradle/caches/8.9/transforms/b6dbd5c360994196cbc5abe1dc367211/transformed/jetified-profileinstaller-1.3.1 because:
  Build cache is disabled
  Caching not enabled.
Caching disabled for AarTransform: /home/runner/.gradle/caches/8.9/transforms/b2f415a8e3d9fc654f2084f27bfdaf48/transformed/cursoradapter-1.0.0 because:
  Build cache is disabled
  Caching not enabled.
Caching disabled for AarTransform: /home/runner/.gradle/caches/8.9/transforms/5914cd0d1f7ce5b2d77c09c643cca61b/transformed/jetified-startup-runtime-1.1.1 because:
  Build cache is disabled
  Caching not enabled.
Caching disabled for AarTransform: /home/runner/.gradle/caches/8.9/transforms/f61726133436fb716beadfcb15fd5237/transformed/jetified-tracing-1.0.0 because:
  Build cache is disabled
  Caching not enabled.
Caching disabled for AarTransform: /home/runner/.gradle/caches/8.9/transforms/37cbb73f3bb006c5cbb9064d51f4a190/transformed/versionedparcelable-1.1.1 because:
  Build cache is disabled
  Caching not enabled.
Caching disabled for AarTransform: /home/runner/.gradle/caches/8.9/transforms/b846f2f00b2fb8998e8048ba693200c5/transformed/core-runtime-2.2.0 because:
  Build cache is disabled
  Caching not enabled.
Caching disabled for AarTransform: /home/runner/.gradle/caches/8.9/transforms/bc8f8dc3241e5b4ff25b79e96c1014cf/transformed/documentfile-1.0.0 because:
  Build cache is disabled
  Caching not enabled.
Caching disabled for AarTransform: /home/runner/.gradle/caches/8.9/transforms/2093dc12b474d9b688c7d4994cd0f98a/transformed/localbroadcastmanager-1.0.0 because:
  Build cache is disabled
  Caching not enabled.
Caching disabled for AarTransform: /home/runner/.gradle/caches/8.9/transforms/6abf8626c442ae157d9fa8be702afb2c/transformed/jetified-annotation-experimental-1.4.0 because:
  Build cache is disabled
  Caching not enabled.
Caching disabled for AarTransform: /home/runner/.gradle/caches/8.9/transforms/7758a461aa5bb4bfd2794f3c068d3de2/transformed/print-1.0.0 because:
  Build cache is disabled
  Caching not enabled.
Caching disabled for AarTransform: /home/runner/.gradle/caches/8.9/transforms/223cc6b681cd5cd5a7b81a26fda8f8dd/transformed/jetified-appcompat-resources-1.7.1 because:
  Build cache is disabled
  Caching not enabled.
file or directory '/home/runner/work/smoker-browser/smoker-browser/app/libs', not found
Transforming viewbinding-8.7.2.aar (androidx.databinding:viewbinding:8.7.2) with JetifyTransform
Transforming viewbinding-8.7.2.aar (androidx.databinding:viewbinding:8.7.2) with ExtractAarTransform
Transforming viewbinding-8.7.2.aar (androidx.databinding:viewbinding:8.7.2) with AarTransform
Transforming material-1.12.0.aar (com.google.android.material:material:1.12.0) with JetifyTransform
Transforming material-1.12.0.aar (com.google.android.material:material:1.12.0) with ExtractAarTransform
Transforming material-1.12.0.aar (com.google.android.material:material:1.12.0) with AarTransform
Transforming appcompat-resources-1.7.1.aar (androidx.appcompat:appcompat-resources:1.7.1) with JetifyTransform
Transforming appcompat-resources-1.7.1.aar (androidx.appcompat:appcompat-resources:1.7.1) with ExtractAarTransform
Transforming appcompat-resources-1.7.1.aar (androidx.appcompat:appcompat-resources:1.7.1) with AarTransform
Transforming constraintlayout-2.0.1.aar (androidx.constraintlayout:constraintlayout:2.0.1) with JetifyTransform
Transforming constraintlayout-2.0.1.aar (androidx.constraintlayout:constraintlayout:2.0.1) with ExtractAarTransform
Transforming constraintlayout-2.0.1.aar (androidx.constraintlayout:constraintlayout:2.0.1) with AarTransform
Transforming appcompat-1.7.1.aar (androidx.appcompat:appcompat:1.7.1) with JetifyTransform
Transforming appcompat-1.7.1.aar (androidx.appcompat:appcompat:1.7.1) with ExtractAarTransform
Transforming appcompat-1.7.1.aar (androidx.appcompat:appcompat:1.7.1) with AarTransform
Transforming cardview-1.0.0.aar (androidx.cardview:cardview:1.0.0) with JetifyTransform
Transforming cardview-1.0.0.aar (androidx.cardview:cardview:1.0.0) with ExtractAarTransform
Transforming cardview-1.0.0.aar (androidx.cardview:cardview:1.0.0) with AarTransform
Transforming swiperefreshlayout-1.1.0.aar (androidx.swiperefreshlayout:swiperefreshlayout:1.1.0) with JetifyTransform
Transforming swiperefreshlayout-1.1.0.aar (androidx.swiperefreshlayout:swiperefreshlayout:1.1.0) with ExtractAarTransform
Transforming swiperefreshlayout-1.1.0.aar (androidx.swiperefreshlayout:swiperefreshlayout:1.1.0) with AarTransform
Transforming viewpager2-1.0.0.aar (androidx.viewpager2:viewpager2:1.0.0) with JetifyTransform
Transforming viewpager2-1.0.0.aar (androidx.viewpager2:viewpager2:1.0.0) with ExtractAarTransform
Transforming viewpager2-1.0.0.aar (androidx.viewpager2:viewpager2:1.0.0) with AarTransform
Transforming fragment-1.5.4.aar (androidx.fragment:fragment:1.5.4) with JetifyTransform
Transforming fragment-1.5.4.aar (androidx.fragment:fragment:1.5.4) with ExtractAarTransform
Transforming fragment-1.5.4.aar (androidx.fragment:fragment:1.5.4) with AarTransform
Transforming fragment-1.5.4.aar (androidx.fragment:fragment:1.5.4) with JetifyTransform
Transforming fragment-1.5.4.aar (androidx.fragment:fragment:1.5.4) with ExtractAarTransform
Transforming fragment-1.5.4.aar (androidx.fragment:fragment:1.5.4) with AarTransform
Transforming activity-1.8.0.aar (androidx.activity:activity:1.8.0) with JetifyTransform
Transforming activity-1.8.0.aar (androidx.activity:activity:1.8.0) with ExtractAarTransform
Transforming activity-1.8.0.aar (androidx.activity:activity:1.8.0) with AarTransform
Transforming savedstate-1.2.1.aar (androidx.savedstate:savedstate:1.2.1) with JetifyTransform
Transforming savedstate-1.2.1.aar (androidx.savedstate:savedstate:1.2.1) with ExtractAarTransform
Transforming savedstate-1.2.1.aar (androidx.savedstate:savedstate:1.2.1) with AarTransform
Transforming emoji2-views-helper-1.3.0.aar (androidx.emoji2:emoji2-views-helper:1.3.0) with JetifyTransform
Transforming emoji2-views-helper-1.3.0.aar (androidx.emoji2:emoji2-views-helper:1.3.0) with ExtractAarTransform
Transforming emoji2-views-helper-1.3.0.aar (androidx.emoji2:emoji2-views-helper:1.3.0) with AarTransform
Transforming emoji2-1.3.0.aar (androidx.emoji2:emoji2:1.3.0) with JetifyTransform
Transforming emoji2-1.3.0.aar (androidx.emoji2:emoji2:1.3.0) with ExtractAarTransform
Transforming emoji2-1.3.0.aar (androidx.emoji2:emoji2:1.3.0) with AarTransform
Caching disabled for AarTransform: /home/runner/.gradle/caches/8.9/transforms/bd0f389651f9496192bd337c22c67ae9/transformed/jetified-viewbinding-8.7.2 because:
  Build cache is disabled
  Caching not enabled.
Caching disabled for AarTransform: /home/runner/.gradle/caches/8.9/transforms/223cc6b681cd5cd5a7b81a26fda8f8dd/transformed/jetified-appcompat-resources-1.7.1 because:
  Build cache is disabled
  Caching not enabled.
Transforming transition-1.5.0.aar (androidx.transition:transition:1.5.0) with JetifyTransform
Transforming transition-1.5.0.aar (androidx.transition:transition:1.5.0) with ExtractAarTransform
Transforming transition-1.5.0.aar (androidx.transition:transition:1.5.0) with AarTransform
Transforming dynamicanimation-1.0.0.aar (androidx.dynamicanimation:dynamicanimation:1.0.0) with JetifyTransform
Transforming dynamicanimation-1.0.0.aar (androidx.dynamicanimation:dynamicanimation:1.0.0) with ExtractAarTransform
Transforming dynamicanimation-1.0.0.aar (androidx.dynamicanimation:dynamicanimation:1.0.0) with AarTransform
Transforming legacy-support-core-utils-1.0.0.aar (androidx.legacy:legacy-support-core-utils:1.0.0) with JetifyTransform
Transforming legacy-support-core-utils-1.0.0.aar (androidx.legacy:legacy-support-core-utils:1.0.0) with ExtractAarTransform
Transforming legacy-support-core-utils-1.0.0.aar (androidx.legacy:legacy-support-core-utils:1.0.0) with AarTransform
Transforming loader-1.0.0.aar (androidx.loader:loader:1.0.0) with JetifyTransform
Transforming loader-1.0.0.aar (androidx.loader:loader:1.0.0) with ExtractAarTransform
Transforming loader-1.0.0.aar (androidx.loader:loader:1.0.0) with AarTransform
Transforming loader-1.0.0.aar (androidx.loader:loader:1.0.0) with JetifyTransform
Transforming loader-1.0.0.aar (androidx.loader:loader:1.0.0) with ExtractAarTransform
Transforming loader-1.0.0.aar (androidx.loader:loader:1.0.0) with AarTransform
Transforming lifecycle-livedata-2.6.2.aar (androidx.lifecycle:lifecycle-livedata:2.6.2) with JetifyTransform
Transforming lifecycle-livedata-2.6.2.aar (androidx.lifecycle:lifecycle-livedata:2.6.2) with ExtractAarTransform
Transforming lifecycle-livedata-2.6.2.aar (androidx.lifecycle:lifecycle-livedata:2.6.2) with AarTransform
Transforming lifecycle-viewmodel-2.6.2.aar (androidx.lifecycle:lifecycle-viewmodel:2.6.2) with JetifyTransform
Transforming lifecycle-viewmodel-2.6.2.aar (androidx.lifecycle:lifecycle-viewmodel:2.6.2) with ExtractAarTransform
Transforming lifecycle-viewmodel-2.6.2.aar (androidx.lifecycle:lifecycle-viewmodel:2.6.2) with AarTransform
Transforming lifecycle-viewmodel-2.6.2.aar (androidx.lifecycle:lifecycle-viewmodel:2.6.2) with JetifyTransform
Transforming lifecycle-viewmodel-2.6.2.aar (androidx.lifecycle:lifecycle-viewmodel:2.6.2) with ExtractAarTransform
Transforming lifecycle-viewmodel-2.6.2.aar (androidx.lifecycle:lifecycle-viewmodel:2.6.2) with AarTransform
Transforming lifecycle-process-2.6.2.aar (androidx.lifecycle:lifecycle-process:2.6.2) with JetifyTransform
Transforming lifecycle-process-2.6.2.aar (androidx.lifecycle:lifecycle-process:2.6.2) with ExtractAarTransform
Transforming lifecycle-process-2.6.2.aar (androidx.lifecycle:lifecycle-process:2.6.2) with AarTransform
Transforming lifecycle-livedata-core-2.6.2.aar (androidx.lifecycle:lifecycle-livedata-core:2.6.2) with JetifyTransform
Transforming lifecycle-livedata-core-2.6.2.aar (androidx.lifecycle:lifecycle-livedata-core:2.6.2) with ExtractAarTransform
Transforming lifecycle-livedata-core-2.6.2.aar (androidx.lifecycle:lifecycle-livedata-core:2.6.2) with AarTransform
Transforming lifecycle-runtime-2.6.2.aar (androidx.lifecycle:lifecycle-runtime:2.6.2) with JetifyTransform
Transforming lifecycle-runtime-2.6.2.aar (androidx.lifecycle:lifecycle-runtime:2.6.2) with ExtractAarTransform
Transforming lifecycle-runtime-2.6.2.aar (androidx.lifecycle:lifecycle-runtime:2.6.2) with AarTransform
Transforming lifecycle-viewmodel-savedstate-2.6.2.aar (androidx.lifecycle:lifecycle-viewmodel-savedstate:2.6.2) with JetifyTransform
Transforming lifecycle-viewmodel-savedstate-2.6.2.aar (androidx.lifecycle:lifecycle-viewmodel-savedstate:2.6.2) with ExtractAarTransform
Transforming lifecycle-viewmodel-savedstate-2.6.2.aar (androidx.lifecycle:lifecycle-viewmodel-savedstate:2.6.2) with AarTransform
Transforming core-ktx-1.13.0.aar (androidx.core:core-ktx:1.13.0) with JetifyTransform
Transforming core-ktx-1.13.0.aar (androidx.core:core-ktx:1.13.0) with ExtractAarTransform
Transforming core-ktx-1.13.0.aar (androidx.core:core-ktx:1.13.0) with AarTransform
Transforming drawerlayout-1.1.1.aar (androidx.drawerlayout:drawerlayout:1.1.1) with JetifyTransform
Transforming drawerlayout-1.1.1.aar (androidx.drawerlayout:drawerlayout:1.1.1) with ExtractAarTransform
Transforming drawerlayout-1.1.1.aar (androidx.drawerlayout:drawerlayout:1.1.1) with AarTransform
Transforming coordinatorlayout-1.1.0.aar (androidx.coordinatorlayout:coordinatorlayout:1.1.0) with JetifyTransform
Transforming coordinatorlayout-1.1.0.aar (androidx.coordinatorlayout:coordinatorlayout:1.1.0) with ExtractAarTransform
Transforming coordinatorlayout-1.1.0.aar (androidx.coordinatorlayout:coordinatorlayout:1.1.0) with AarTransform
Transforming vectordrawable-animated-1.1.0.aar (androidx.vectordrawable:vectordrawable-animated:1.1.0) with JetifyTransform
Transforming vectordrawable-animated-1.1.0.aar (androidx.vectordrawable:vectordrawable-animated:1.1.0) with ExtractAarTransform
Transforming vectordrawable-animated-1.1.0.aar (androidx.vectordrawable:vectordrawable-animated:1.1.0) with AarTransform
Transforming vectordrawable-1.1.0.aar (androidx.vectordrawable:vectordrawable:1.1.0) with JetifyTransform
Transforming vectordrawable-1.1.0.aar (androidx.vectordrawable:vectordrawable:1.1.0) with ExtractAarTransform
Transforming vectordrawable-1.1.0.aar (androidx.vectordrawable:vectordrawable:1.1.0) with AarTransform
Caching disabled for AarTransform: /home/runner/.gradle/caches/8.9/transforms/6df8cd1b45d23a4579db10a5888dffcb/transformed/material-1.12.0 because:
  Build cache is disabled
  Caching not enabled.
Transforming vectordrawable-1.1.0.aar (androidx.vectordrawable:vectordrawable:1.1.0) with JetifyTransform
Transforming vectordrawable-1.1.0.aar (androidx.vectordrawable:vectordrawable:1.1.0) with ExtractAarTransform
Transforming vectordrawable-1.1.0.aar (androidx.vectordrawable:vectordrawable:1.1.0) with AarTransform
Transforming viewpager-1.0.0.aar (androidx.viewpager:viewpager:1.0.0) with JetifyTransform
Transforming viewpager-1.0.0.aar (androidx.viewpager:viewpager:1.0.0) with ExtractAarTransform
Transforming viewpager-1.0.0.aar (androidx.viewpager:viewpager:1.0.0) with AarTransform
Transforming recyclerview-1.1.0.aar (androidx.recyclerview:recyclerview:1.1.0) with JetifyTransform
Transforming recyclerview-1.1.0.aar (androidx.recyclerview:recyclerview:1.1.0) with ExtractAarTransform
Transforming recyclerview-1.1.0.aar (androidx.recyclerview:recyclerview:1.1.0) with AarTransform
Transforming recyclerview-1.1.0.aar (androidx.recyclerview:recyclerview:1.1.0) with JetifyTransform
Transforming recyclerview-1.1.0.aar (androidx.recyclerview:recyclerview:1.1.0) with ExtractAarTransform
Transforming recyclerview-1.1.0.aar (androidx.recyclerview:recyclerview:1.1.0) with AarTransform
Transforming customview-1.1.0.aar (androidx.customview:customview:1.1.0) with JetifyTransform
Transforming customview-1.1.0.aar (androidx.customview:customview:1.1.0) with ExtractAarTransform
Transforming customview-1.1.0.aar (androidx.customview:customview:1.1.0) with AarTransform
Transforming customview-1.1.0.aar (androidx.customview:customview:1.1.0) with JetifyTransform
Transforming customview-1.1.0.aar (androidx.customview:customview:1.1.0) with ExtractAarTransform
Transforming customview-1.1.0.aar (androidx.customview:customview:1.1.0) with AarTransform
Transforming customview-1.1.0.aar (androidx.customview:customview:1.1.0) with JetifyTransform
Transforming customview-1.1.0.aar (androidx.customview:customview:1.1.0) with ExtractAarTransform
Transforming customview-1.1.0.aar (androidx.customview:customview:1.1.0) with AarTransform
Transforming customview-1.1.0.aar (androidx.customview:customview:1.1.0) with JetifyTransform
Transforming customview-1.1.0.aar (androidx.customview:customview:1.1.0) with ExtractAarTransform
Transforming customview-1.1.0.aar (androidx.customview:customview:1.1.0) with AarTransform
Transforming core-1.13.0.aar (androidx.core:core:1.13.0) with JetifyTransform
Transforming core-1.13.0.aar (androidx.core:core:1.13.0) with ExtractAarTransform
Transforming core-1.13.0.aar (androidx.core:core:1.13.0) with AarTransform
Transforming core-1.13.0.aar (androidx.core:core:1.13.0) with JetifyTransform
Transforming core-1.13.0.aar (androidx.core:core:1.13.0) with ExtractAarTransform
Transforming core-1.13.0.aar (androidx.core:core:1.13.0) with AarTransform
Transforming core-1.13.0.aar (androidx.core:core:1.13.0) with JetifyTransform
Transforming core-1.13.0.aar (androidx.core:core:1.13.0) with ExtractAarTransform
Transforming core-1.13.0.aar (androidx.core:core:1.13.0) with AarTransform
Transforming core-1.13.0.aar (androidx.core:core:1.13.0) with JetifyTransform
Caching disabled for AarTransform: /home/runner/.gradle/caches/8.9/transforms/89cb9b3d1cdd26c97a47967f5d3f52fe/transformed/appcompat-1.7.1 because:
  Build cache is disabled
  Caching not enabled.
Transforming core-1.13.0.aar (androidx.core:core:1.13.0) with ExtractAarTransform
Transforming core-1.13.0.aar (androidx.core:core:1.13.0) with AarTransform
Transforming core-1.13.0.aar (androidx.core:core:1.13.0) with JetifyTransform
Transforming core-1.13.0.aar (androidx.core:core:1.13.0) with ExtractAarTransform
Transforming core-1.13.0.aar (androidx.core:core:1.13.0) with AarTransform
Caching disabled for AarTransform: /home/runner/.gradle/caches/8.9/transforms/49ecf135d4e3d803ddc6d648e8e2d454/transformed/cardview-1.0.0 because:
  Build cache is disabled
  Caching not enabled.
Transforming core-1.13.0.aar (androidx.core:core:1.13.0) with JetifyTransform
Transforming core-1.13.0.aar (androidx.core:core:1.13.0) with ExtractAarTransform
Transforming core-1.13.0.aar (androidx.core:core:1.13.0) with AarTransform
Transforming core-1.13.0.aar (androidx.core:core:1.13.0) with JetifyTransform
Transforming core-1.13.0.aar (androidx.core:core:1.13.0) with ExtractAarTransform
Transforming core-1.13.0.aar (androidx.core:core:1.13.0) with AarTransform
Transforming core-1.13.0.aar (androidx.core:core:1.13.0) with JetifyTransform
Transforming core-1.13.0.aar (androidx.core:core:1.13.0) with ExtractAarTransform
Transforming core-1.13.0.aar (androidx.core:core:1.13.0) with AarTransform
Transforming core-1.13.0.aar (androidx.core:core:1.13.0) with JetifyTransform
Transforming core-1.13.0.aar (androidx.core:core:1.13.0) with ExtractAarTransform
Transforming core-1.13.0.aar (androidx.core:core:1.13.0) with AarTransform
Transforming core-1.13.0.aar (androidx.core:core:1.13.0) with JetifyTransform
Transforming core-1.13.0.aar (androidx.core:core:1.13.0) with ExtractAarTransform
Caching disabled for AarTransform: /home/runner/.gradle/caches/8.9/transforms/8e7f44c465a91614de2f5af3a62f8a50/transformed/swiperefreshlayout-1.1.0 because:
  Build cache is disabled
  Caching not enabled.
Caching disabled for AarTransform: /home/runner/.gradle/caches/8.9/transforms/0040263336a7001c4c99789f733fe0bf/transformed/jetified-viewpager2-1.0.0 because:
  Build cache is disabled
  Caching not enabled.
Transforming core-1.13.0.aar (androidx.core:core:1.13.0) with AarTransform
Transforming core-1.13.0.aar (androidx.core:core:1.13.0) with JetifyTransform
Transforming core-1.13.0.aar (androidx.core:core:1.13.0) with ExtractAarTransform
Transforming core-1.13.0.aar (androidx.core:core:1.13.0) with AarTransform
Transforming core-1.13.0.aar (androidx.core:core:1.13.0) with JetifyTransform
Transforming core-1.13.0.aar (androidx.core:core:1.13.0) with ExtractAarTransform
Transforming core-1.13.0.aar (androidx.core:core:1.13.0) with AarTransform
Transforming cursoradapter-1.0.0.aar (androidx.cursoradapter:cursoradapter:1.0.0) with JetifyTransform
Transforming cursoradapter-1.0.0.aar (androidx.cursoradapter:cursoradapter:1.0.0) with ExtractAarTransform
Transforming cursoradapter-1.0.0.aar (androidx.cursoradapter:cursoradapter:1.0.0) with AarTransform
Transforming profileinstaller-1.3.1.aar (androidx.profileinstaller:profileinstaller:1.3.1) with JetifyTransform
Transforming profileinstaller-1.3.1.aar (androidx.profileinstaller:profileinstaller:1.3.1) with ExtractAarTransform
Transforming profileinstaller-1.3.1.aar (androidx.profileinstaller:profileinstaller:1.3.1) with AarTransform
Transforming interpolator-1.0.0.aar (androidx.interpolator:interpolator:1.0.0) with JetifyTransform
Transforming interpolator-1.0.0.aar (androidx.interpolator:interpolator:1.0.0) with ExtractAarTransform
Transforming interpolator-1.0.0.aar (androidx.interpolator:interpolator:1.0.0) with AarTransform
Transforming interpolator-1.0.0.aar (androidx.interpolator:interpolator:1.0.0) with JetifyTransform
Transforming interpolator-1.0.0.aar (androidx.interpolator:interpolator:1.0.0) with ExtractAarTransform
Caching disabled for AarTransform: /home/runner/.gradle/caches/8.9/transforms/87537a02a099b0a726555e40de89098f/transformed/fragment-1.5.4 because:
  Build cache is disabled
  Caching not enabled.
Transforming interpolator-1.0.0.aar (androidx.interpolator:interpolator:1.0.0) with AarTransform
Transforming interpolator-1.0.0.aar (androidx.interpolator:interpolator:1.0.0) with JetifyTransform
Transforming interpolator-1.0.0.aar (androidx.interpolator:interpolator:1.0.0) with ExtractAarTransform
Transforming interpolator-1.0.0.aar (androidx.interpolator:interpolator:1.0.0) with AarTransform
Transforming startup-runtime-1.1.1.aar (androidx.startup:startup-runtime:1.1.1) with JetifyTransform
Transforming startup-runtime-1.1.1.aar (androidx.startup:startup-runtime:1.1.1) with ExtractAarTransform
Transforming startup-runtime-1.1.1.aar (androidx.startup:startup-runtime:1.1.1) with AarTransform
Transforming tracing-1.0.0.aar (androidx.tracing:tracing:1.0.0) with JetifyTransform
Transforming tracing-1.0.0.aar (androidx.tracing:tracing:1.0.0) with ExtractAarTransform
Transforming tracing-1.0.0.aar (androidx.tracing:tracing:1.0.0) with AarTransform
Transforming versionedparcelable-1.1.1.aar (androidx.versionedparcelable:versionedparcelable:1.1.1) with JetifyTransform
Transforming versionedparcelable-1.1.1.aar (androidx.versionedparcelable:versionedparcelable:1.1.1) with ExtractAarTransform
Transforming versionedparcelable-1.1.1.aar (androidx.versionedparcelable:versionedparcelable:1.1.1) with AarTransform
Transforming core-runtime-2.2.0.aar (androidx.arch.core:core-runtime:2.2.0) with JetifyTransform
Transforming core-runtime-2.2.0.aar (androidx.arch.core:core-runtime:2.2.0) with ExtractAarTransform
Transforming core-runtime-2.2.0.aar (androidx.arch.core:core-runtime:2.2.0) with AarTransform
Transforming documentfile-1.0.0.aar (androidx.documentfile:documentfile:1.0.0) with JetifyTransform
Transforming documentfile-1.0.0.aar (androidx.documentfile:documentfile:1.0.0) with ExtractAarTransform
Transforming documentfile-1.0.0.aar (androidx.documentfile:documentfile:1.0.0) with AarTransform
Transforming localbroadcastmanager-1.0.0.aar (androidx.localbroadcastmanager:localbroadcastmanager:1.0.0) with JetifyTransform
Transforming localbroadcastmanager-1.0.0.aar (androidx.localbroadcastmanager:localbroadcastmanager:1.0.0) with ExtractAarTransform
Transforming localbroadcastmanager-1.0.0.aar (androidx.localbroadcastmanager:localbroadcastmanager:1.0.0) with AarTransform
Transforming print-1.0.0.aar (androidx.print:print:1.0.0) with JetifyTransform
Transforming print-1.0.0.aar (androidx.print:print:1.0.0) with ExtractAarTransform
Transforming print-1.0.0.aar (androidx.print:print:1.0.0) with AarTransform
Transforming annotation-experimental-1.4.0.aar (androidx.annotation:annotation-experimental:1.4.0) with JetifyTransform
Transforming annotation-experimental-1.4.0.aar (androidx.annotation:annotation-experimental:1.4.0) with ExtractAarTransform
Transforming annotation-experimental-1.4.0.aar (androidx.annotation:annotation-experimental:1.4.0) with AarTransform
Caching disabled for AarTransform: /home/runner/.gradle/caches/8.9/transforms/8562a75cda5f6922af2749efd5668243/transformed/jetified-activity-1.8.0 because:
  Build cache is disabled
  Caching not enabled.
Caching disabled for AarTransform: /home/runner/.gradle/caches/8.9/transforms/2e921cd16d63f4e0d0a788ce4333e813/transformed/jetified-savedstate-1.2.1 because:
  Build cache is disabled
  Caching not enabled.
Caching disabled for AarTransform: /home/runner/.gradle/caches/8.9/transforms/4e8bec9299dffd9596afba85cc18d80e/transformed/jetified-emoji2-views-helper-1.3.0 because:
  Build cache is disabled
  Caching not enabled.
Caching disabled for AarTransform: /home/runner/.gradle/caches/8.9/transforms/00197f34d12a2636b7031ecbe315c8f9/transformed/jetified-emoji2-1.3.0 because:
  Build cache is disabled
  Caching not enabled.
Caching disabled for AarTransform: /home/runner/.gradle/caches/8.9/transforms/36c5ec91343febb991bb38bfc7f58c4c/transformed/transition-1.5.0 because:
  Build cache is disabled
  Caching not enabled.
Caching disabled for AarTransform: /home/runner/.gradle/caches/8.9/transforms/a98ab41f04f2b70b9136868ddc3c6988/transformed/dynamicanimation-1.0.0 because:
  Build cache is disabled
  Caching not enabled.
Caching disabled for AarTransform: /home/runner/.gradle/caches/8.9/transforms/97fac01138fa0ca98836a6c0952c726f/transformed/legacy-support-core-utils-1.0.0 because:
  Build cache is disabled
  Caching not enabled.
Caching disabled for AarTransform: /home/runner/.gradle/caches/8.9/transforms/d484ffba6ed6b8298693d91d630519be/transformed/loader-1.0.0 because:
  Build cache is disabled
  Caching not enabled.
Caching disabled for AarTransform: /home/runner/.gradle/caches/8.9/transforms/8862448272d648364c0c2b537e506026/transformed/lifecycle-viewmodel-2.6.2 because:
  Build cache is disabled
  Caching not enabled.
Caching disabled for AarTransform: /home/runner/.gradle/caches/8.9/transforms/af1ec8159a9125a15e0ff13e4d318e0c/transformed/lifecycle-livedata-2.6.2 because:
  Build cache is disabled
  Caching not enabled.
Caching disabled for AarTransform: /home/runner/.gradle/caches/8.9/transforms/00e060e70a5e957e5a01deb8b92ed6dc/transformed/jetified-lifecycle-process-2.6.2 because:
  Build cache is disabled
  Caching not enabled.
Caching disabled for AarTransform: /home/runner/.gradle/caches/8.9/transforms/a8221c4a062845a1dc7c70c66d0e4a4e/transformed/lifecycle-livedata-core-2.6.2 because:
  Build cache is disabled
  Caching not enabled.
Caching disabled for AarTransform: /home/runner/.gradle/caches/8.9/transforms/3b3644b3c553c82eadf15c6e5d01cf4d/transformed/lifecycle-runtime-2.6.2 because:
  Build cache is disabled
  Caching not enabled.
Caching disabled for AarTransform: /home/runner/.gradle/caches/8.9/transforms/df86b5c62f004f13d3db41dcff367a74/transformed/jetified-lifecycle-viewmodel-savedstate-2.6.2 because:
  Build cache is disabled
  Caching not enabled.
Caching disabled for AarTransform: /home/runner/.gradle/caches/8.9/transforms/0be29cfc4c54d60898ecd27cf16cab3d/transformed/jetified-core-ktx-1.13.0 because:
  Build cache is disabled
  Caching not enabled.
Caching disabled for AarTransform: /home/runner/.gradle/caches/8.9/transforms/43a21389397008df984784051cd39a6b/transformed/coordinatorlayout-1.1.0 because:
  Build cache is disabled
  Caching not enabled.
Caching disabled for AarTransform: /home/runner/.gradle/caches/8.9/transforms/0f502e0b8b835dbb1b6f26efd1a62317/transformed/drawerlayout-1.1.1 because:
  Build cache is disabled
  Caching not enabled.
Caching disabled for AarTransform: /home/runner/.gradle/caches/8.9/transforms/ba0144e1eaeacaff4f5b3a717a34c7be/transformed/vectordrawable-1.1.0 because:
  Build cache is disabled
  Caching not enabled.
Caching disabled for AarTransform: /home/runner/.gradle/caches/8.9/transforms/30fba741f8e98cb753260dbf350d5148/transformed/vectordrawable-animated-1.1.0 because:
  Build cache is disabled
  Caching not enabled.
Caching disabled for AarTransform: /home/runner/.gradle/caches/8.9/transforms/10ee40a6142a5042899ff73fe04c5d8b/transformed/viewpager-1.0.0 because:
  Build cache is disabled
  Caching not enabled.
Caching disabled for AarTransform: /home/runner/.gradle/caches/8.9/transforms/6d4ea35faec5ef91dbb4f282b1b6ffbf/transformed/recyclerview-1.1.0 because:
  Build cache is disabled
  Caching not enabled.
Caching disabled for AarTransform: /home/runner/.gradle/caches/8.9/transforms/683e6a8bc3e17246566ffef111d7b2ff/transformed/customview-1.1.0 because:
  Build cache is disabled
  Caching not enabled.
Caching disabled for AarTransform: /home/runner/.gradle/caches/8.9/transforms/f734d3757685d8d992319f55d6e2d5ac/transformed/core-1.13.0 because:
  Build cache is disabled
  Caching not enabled.
Caching disabled for AarTransform: /home/runner/.gradle/caches/8.9/transforms/b2f415a8e3d9fc654f2084f27bfdaf48/transformed/cursoradapter-1.0.0 because:
  Build cache is disabled
  Caching not enabled.
Caching disabled for AarTransform: /home/runner/.gradle/caches/8.9/transforms/b6dbd5c360994196cbc5abe1dc367211/transformed/jetified-profileinstaller-1.3.1 because:
  Build cache is disabled
  Caching not enabled.
Caching disabled for AarTransform: /home/runner/.gradle/caches/8.9/transforms/575019187b8792bebba099b4b4f9269a/transformed/interpolator-1.0.0 because:
  Build cache is disabled
  Caching not enabled.
Caching disabled for AarTransform: /home/runner/.gradle/caches/8.9/transforms/5914cd0d1f7ce5b2d77c09c643cca61b/transformed/jetified-startup-runtime-1.1.1 because:
  Build cache is disabled
  Caching not enabled.
Caching disabled for AarTransform: /home/runner/.gradle/caches/8.9/transforms/f61726133436fb716beadfcb15fd5237/transformed/jetified-tracing-1.0.0 because:
  Build cache is disabled
  Caching not enabled.
Caching disabled for AarTransform: /home/runner/.gradle/caches/8.9/transforms/37cbb73f3bb006c5cbb9064d51f4a190/transformed/versionedparcelable-1.1.1 because:
  Build cache is disabled
  Caching not enabled.
Caching disabled for AarTransform: /home/runner/.gradle/caches/8.9/transforms/b846f2f00b2fb8998e8048ba693200c5/transformed/core-runtime-2.2.0 because:
  Build cache is disabled
  Caching not enabled.
Caching disabled for AarTransform: /home/runner/.gradle/caches/8.9/transforms/bc8f8dc3241e5b4ff25b79e96c1014cf/transformed/documentfile-1.0.0 because:
  Build cache is disabled
  Caching not enabled.
Caching disabled for AarTransform: /home/runner/.gradle/caches/8.9/transforms/2093dc12b474d9b688c7d4994cd0f98a/transformed/localbroadcastmanager-1.0.0 because:
  Build cache is disabled
  Caching not enabled.
Caching disabled for AarTransform: /home/runner/.gradle/caches/8.9/transforms/7758a461aa5bb4bfd2794f3c068d3de2/transformed/print-1.0.0 because:
  Build cache is disabled
  Caching not enabled.
Caching disabled for AarTransform: /home/runner/.gradle/caches/8.9/transforms/6abf8626c442ae157d9fa8be702afb2c/transformed/jetified-annotation-experimental-1.4.0 because:
  Build cache is disabled
  Caching not enabled.
Caching disabled for AarTransform: /home/runner/.gradle/caches/8.9/transforms/feb4f85dfd91f72f46e03c4ac10ae1af/transformed/constraintlayout-2.0.1 because:
  Build cache is disabled
  Caching not enabled.
file or directory '/home/runner/work/smoker-browser/smoker-browser/app/libs', not found
file or directory '/home/runner/work/smoker-browser/smoker-browser/app/libs', not found
Caching disabled for task ':app:processDebugMainManifest' because:
  Build cache is disabled
Task ':app:processDebugMainManifest' is not up-to-date because:
  No history is available.
file or directory '/home/runner/work/smoker-browser/smoker-browser/app/libs', not found
file or directory '/home/runner/work/smoker-browser/smoker-browser/app/libs', not found
package="com.smoke.browser" found in source AndroidManifest.xml: /home/runner/work/smoker-browser/smoker-browser/app/src/main/AndroidManifest.xml.
Setting the namespace via the package attribute in the source AndroidManifest.xml is no longer supported, and the value is ignored.
Recommendation: remove package="com.smoke.browser" from the source AndroidManifest.xml: /home/runner/work/smoker-browser/smoker-browser/app/src/main/AndroidManifest.xml.
Loading library manifest /home/runner/.gradle/caches/8.9/transforms/bd0f389651f9496192bd337c22c67ae9/transformed/jetified-viewbinding-8.7.2/AndroidManifest.xml
Loading library manifest /home/runner/.gradle/caches/8.9/transforms/6df8cd1b45d23a4579db10a5888dffcb/transformed/material-1.12.0/AndroidManifest.xml
Loading library manifest /home/runner/.gradle/caches/8.9/transforms/223cc6b681cd5cd5a7b81a26fda8f8dd/transformed/jetified-appcompat-resources-1.7.1/AndroidManifest.xml
Loading library manifest /home/runner/.gradle/caches/8.9/transforms/feb4f85dfd91f72f46e03c4ac10ae1af/transformed/constraintlayout-2.0.1/AndroidManifest.xml
Loading library manifest /home/runner/.gradle/caches/8.9/transforms/89cb9b3d1cdd26c97a47967f5d3f52fe/transformed/appcompat-1.7.1/AndroidManifest.xml
Loading library manifest /home/runner/.gradle/caches/8.9/transforms/49ecf135d4e3d803ddc6d648e8e2d454/transformed/cardview-1.0.0/AndroidManifest.xml
Loading library manifest /home/runner/.gradle/caches/8.9/transforms/8e7f44c465a91614de2f5af3a62f8a50/transformed/swiperefreshlayout-1.1.0/AndroidManifest.xml
Loading library manifest /home/runner/.gradle/caches/8.9/transforms/0040263336a7001c4c99789f733fe0bf/transformed/jetified-viewpager2-1.0.0/AndroidManifest.xml
Loading library manifest /home/runner/.gradle/caches/8.9/transforms/87537a02a099b0a726555e40de89098f/transformed/fragment-1.5.4/AndroidManifest.xml
Loading library manifest /home/runner/.gradle/caches/8.9/transforms/8562a75cda5f6922af2749efd5668243/transformed/jetified-activity-1.8.0/AndroidManifest.xml
Loading library manifest /home/runner/.gradle/caches/8.9/transforms/2e921cd16d63f4e0d0a788ce4333e813/transformed/jetified-savedstate-1.2.1/AndroidManifest.xml
Loading library manifest /home/runner/.gradle/caches/8.9/transforms/4e8bec9299dffd9596afba85cc18d80e/transformed/jetified-emoji2-views-helper-1.3.0/AndroidManifest.xml
Loading library manifest /home/runner/.gradle/caches/8.9/transforms/00197f34d12a2636b7031ecbe315c8f9/transformed/jetified-emoji2-1.3.0/AndroidManifest.xml
Loading library manifest /home/runner/.gradle/caches/8.9/transforms/36c5ec91343febb991bb38bfc7f58c4c/transformed/transition-1.5.0/AndroidManifest.xml
Loading library manifest /home/runner/.gradle/caches/8.9/transforms/a98ab41f04f2b70b9136868ddc3c6988/transformed/dynamicanimation-1.0.0/AndroidManifest.xml
Loading library manifest /home/runner/.gradle/caches/8.9/transforms/97fac01138fa0ca98836a6c0952c726f/transformed/legacy-support-core-utils-1.0.0/AndroidManifest.xml
Loading library manifest /home/runner/.gradle/caches/8.9/transforms/d484ffba6ed6b8298693d91d630519be/transformed/loader-1.0.0/AndroidManifest.xml
Loading library manifest /home/runner/.gradle/caches/8.9/transforms/af1ec8159a9125a15e0ff13e4d318e0c/transformed/lifecycle-livedata-2.6.2/AndroidManifest.xml
Loading library manifest /home/runner/.gradle/caches/8.9/transforms/8862448272d648364c0c2b537e506026/transformed/lifecycle-viewmodel-2.6.2/AndroidManifest.xml
Loading library manifest /home/runner/.gradle/caches/8.9/transforms/00e060e70a5e957e5a01deb8b92ed6dc/transformed/jetified-lifecycle-process-2.6.2/AndroidManifest.xml
Loading library manifest /home/runner/.gradle/caches/8.9/transforms/a8221c4a062845a1dc7c70c66d0e4a4e/transformed/lifecycle-livedata-core-2.6.2/AndroidManifest.xml
Loading library manifest /home/runner/.gradle/caches/8.9/transforms/3b3644b3c553c82eadf15c6e5d01cf4d/transformed/lifecycle-runtime-2.6.2/AndroidManifest.xml
Loading library manifest /home/runner/.gradle/caches/8.9/transforms/df86b5c62f004f13d3db41dcff367a74/transformed/jetified-lifecycle-viewmodel-savedstate-2.6.2/AndroidManifest.xml
Loading library manifest /home/runner/.gradle/caches/8.9/transforms/0be29cfc4c54d60898ecd27cf16cab3d/transformed/jetified-core-ktx-1.13.0/AndroidManifest.xml
Loading library manifest /home/runner/.gradle/caches/8.9/transforms/0f502e0b8b835dbb1b6f26efd1a62317/transformed/drawerlayout-1.1.1/AndroidManifest.xml
Loading library manifest /home/runner/.gradle/caches/8.9/transforms/43a21389397008df984784051cd39a6b/transformed/coordinatorlayout-1.1.0/AndroidManifest.xml
Loading library manifest /home/runner/.gradle/caches/8.9/transforms/30fba741f8e98cb753260dbf350d5148/transformed/vectordrawable-animated-1.1.0/AndroidManifest.xml
Loading library manifest /home/runner/.gradle/caches/8.9/transforms/ba0144e1eaeacaff4f5b3a717a34c7be/transformed/vectordrawable-1.1.0/AndroidManifest.xml
Loading library manifest /home/runner/.gradle/caches/8.9/transforms/10ee40a6142a5042899ff73fe04c5d8b/transformed/viewpager-1.0.0/AndroidManifest.xml
Loading library manifest /home/runner/.gradle/caches/8.9/transforms/6d4ea35faec5ef91dbb4f282b1b6ffbf/transformed/recyclerview-1.1.0/AndroidManifest.xml
Loading library manifest /home/runner/.gradle/caches/8.9/transforms/683e6a8bc3e17246566ffef111d7b2ff/transformed/customview-1.1.0/AndroidManifest.xml
Loading library manifest /home/runner/.gradle/caches/8.9/transforms/f734d3757685d8d992319f55d6e2d5ac/transformed/core-1.13.0/AndroidManifest.xml
Loading library manifest /home/runner/.gradle/caches/8.9/transforms/b2f415a8e3d9fc654f2084f27bfdaf48/transformed/cursoradapter-1.0.0/AndroidManifest.xml
Loading library manifest /home/runner/.gradle/caches/8.9/transforms/b6dbd5c360994196cbc5abe1dc367211/transformed/jetified-profileinstaller-1.3.1/AndroidManifest.xml
Loading library manifest /home/runner/.gradle/caches/8.9/transforms/575019187b8792bebba099b4b4f9269a/transformed/interpolator-1.0.0/AndroidManifest.xml
Loading library manifest /home/runner/.gradle/caches/8.9/transforms/5914cd0d1f7ce5b2d77c09c643cca61b/transformed/jetified-startup-runtime-1.1.1/AndroidManifest.xml
Loading library manifest /home/runner/.gradle/caches/8.9/transforms/f61726133436fb716beadfcb15fd5237/transformed/jetified-tracing-1.0.0/AndroidManifest.xml
Loading library manifest /home/runner/.gradle/caches/8.9/transforms/37cbb73f3bb006c5cbb9064d51f4a190/transformed/versionedparcelable-1.1.1/AndroidManifest.xml
Loading library manifest /home/runner/.gradle/caches/8.9/transforms/b846f2f00b2fb8998e8048ba693200c5/transformed/core-runtime-2.2.0/AndroidManifest.xml
Loading library manifest /home/runner/.gradle/caches/8.9/transforms/bc8f8dc3241e5b4ff25b79e96c1014cf/transformed/documentfile-1.0.0/AndroidManifest.xml
Loading library manifest /home/runner/.gradle/caches/8.9/transforms/2093dc12b474d9b688c7d4994cd0f98a/transformed/localbroadcastmanager-1.0.0/AndroidManifest.xml
Loading library manifest /home/runner/.gradle/caches/8.9/transforms/7758a461aa5bb4bfd2794f3c068d3de2/transformed/print-1.0.0/AndroidManifest.xml
Loading library manifest /home/runner/.gradle/caches/8.9/transforms/6abf8626c442ae157d9fa8be702afb2c/transformed/jetified-annotation-experimental-1.4.0/AndroidManifest.xml
Merging main manifest /home/runner/work/smoker-browser/smoker-browser/app/src/main/AndroidManifest.xml

Merging library manifest /home/runner/.gradle/caches/8.9/transforms/bd0f389651f9496192bd337c22c67ae9/transformed/jetified-viewbinding-8.7.2/AndroidManifest.xml
Merging manifest with lower [androidx.databinding:viewbinding:8.7.2] AndroidManifest.xml:2:1-7:12
uses-sdk defined in both files...
Merging uses-sdk with lower [androidx.databinding:viewbinding:8.7.2] AndroidManifest.xml:5:5-44
Merging library manifest /home/runner/.gradle/caches/8.9/transforms/6df8cd1b45d23a4579db10a5888dffcb/transformed/material-1.12.0/AndroidManifest.xml
Merging manifest with lower [com.google.android.material:material:1.12.0] AndroidManifest.xml:17:1-24:12
uses-sdk defined in both files...
Merging uses-sdk with lower [com.google.android.material:material:1.12.0] AndroidManifest.xml:20:5-44
application defined in both files...
Merging application with lower [com.google.android.material:material:1.12.0] AndroidManifest.xml:22:5-20
Merging library manifest /home/runner/.gradle/caches/8.9/transforms/223cc6b681cd5cd5a7b81a26fda8f8dd/transformed/jetified-appcompat-resources-1.7.1/AndroidManifest.xml
Merging manifest with lower [androidx.appcompat:appcompat-resources:1.7.1] AndroidManifest.xml:2:1-7:12
uses-sdk defined in both files...
Merging uses-sdk with lower [androidx.appcompat:appcompat-resources:1.7.1] AndroidManifest.xml:5:5-44
Merging library manifest /home/runner/.gradle/caches/8.9/transforms/feb4f85dfd91f72f46e03c4ac10ae1af/transformed/constraintlayout-2.0.1/AndroidManifest.xml
Merging manifest with lower [androidx.constraintlayout:constraintlayout:2.0.1] AndroidManifest.xml:2:1-11:12
uses-sdk defined in both files...
Merging uses-sdk with lower [androidx.constraintlayout:constraintlayout:2.0.1] AndroidManifest.xml:5:5-7:41
application defined in both files...
Merging application with lower [androidx.constraintlayout:constraintlayout:2.0.1] AndroidManifest.xml:9:5-20
Merging library manifest /home/runner/.gradle/caches/8.9/transforms/89cb9b3d1cdd26c97a47967f5d3f52fe/transformed/appcompat-1.7.1/AndroidManifest.xml
Merging manifest with lower [androidx.appcompat:appcompat:1.7.1] AndroidManifest.xml:2:1-7:12
uses-sdk defined in both files...
Merging uses-sdk with lower [androidx.appcompat:appcompat:1.7.1] AndroidManifest.xml:5:5-44
Merging library manifest /home/runner/.gradle/caches/8.9/transforms/49ecf135d4e3d803ddc6d648e8e2d454/transformed/cardview-1.0.0/AndroidManifest.xml
Merging manifest with lower [androidx.cardview:cardview:1.0.0] AndroidManifest.xml:17:1-22:12
uses-sdk defined in both files...
Merging uses-sdk with lower [androidx.cardview:cardview:1.0.0] AndroidManifest.xml:20:5-44
Merging library manifest /home/runner/.gradle/caches/8.9/transforms/8e7f44c465a91614de2f5af3a62f8a50/transformed/swiperefreshlayout-1.1.0/AndroidManifest.xml
Merging manifest with lower [androidx.swiperefreshlayout:swiperefreshlayout:1.1.0] AndroidManifest.xml:17:1-24:12
uses-sdk defined in both files...
Merging uses-sdk with lower [androidx.swiperefreshlayout:swiperefreshlayout:1.1.0] AndroidManifest.xml:20:5-22:41
Merging library manifest /home/runner/.gradle/caches/8.9/transforms/0040263336a7001c4c99789f733fe0bf/transformed/jetified-viewpager2-1.0.0/AndroidManifest.xml
Merging manifest with lower [androidx.viewpager2:viewpager2:1.0.0] AndroidManifest.xml:17:1-24:12
uses-sdk defined in both files...
Merging uses-sdk with lower [androidx.viewpager2:viewpager2:1.0.0] AndroidManifest.xml:20:5-22:41
Merging library manifest /home/runner/.gradle/caches/8.9/transforms/87537a02a099b0a726555e40de89098f/transformed/fragment-1.5.4/AndroidManifest.xml
Merging manifest with lower [androidx.fragment:fragment:1.5.4] AndroidManifest.xml:17:1-24:12
uses-sdk defined in both files...
Merging uses-sdk with lower [androidx.fragment:fragment:1.5.4] AndroidManifest.xml:20:5-22:41
Merging library manifest /home/runner/.gradle/caches/8.9/transforms/8562a75cda5f6922af2749efd5668243/transformed/jetified-activity-1.8.0/AndroidManifest.xml
Merging manifest with lower [androidx.activity:activity:1.8.0] AndroidManifest.xml:17:1-22:12
uses-sdk defined in both files...
Merging uses-sdk with lower [androidx.activity:activity:1.8.0] AndroidManifest.xml:20:5-44
Merging library manifest /home/runner/.gradle/caches/8.9/transforms/2e921cd16d63f4e0d0a788ce4333e813/transformed/jetified-savedstate-1.2.1/AndroidManifest.xml
Merging manifest with lower [androidx.savedstate:savedstate:1.2.1] AndroidManifest.xml:17:1-22:12
uses-sdk defined in both files...
Merging uses-sdk with lower [androidx.savedstate:savedstate:1.2.1] AndroidManifest.xml:20:5-44
Merging library manifest /home/runner/.gradle/caches/8.9/transforms/4e8bec9299dffd9596afba85cc18d80e/transformed/jetified-emoji2-views-helper-1.3.0/AndroidManifest.xml
Merging manifest with lower [androidx.emoji2:emoji2-views-helper:1.3.0] AndroidManifest.xml:2:1-7:12
uses-sdk defined in both files...
Merging uses-sdk with lower [androidx.emoji2:emoji2-views-helper:1.3.0] AndroidManifest.xml:5:5-44
Merging library manifest /home/runner/.gradle/caches/8.9/transforms/00197f34d12a2636b7031ecbe315c8f9/transformed/jetified-emoji2-1.3.0/AndroidManifest.xml
Merging manifest with lower [androidx.emoji2:emoji2:1.3.0] AndroidManifest.xml:17:1-35:12
uses-sdk defined in both files...
Merging uses-sdk with lower [androidx.emoji2:emoji2:1.3.0] AndroidManifest.xml:21:5-44
application defined in both files...
Merging application with lower [androidx.emoji2:emoji2:1.3.0] AndroidManifest.xml:23:5-33:19
provider#androidx.startup.InitializationProvider defined in both files...
Merging provider#androidx.startup.InitializationProvider with lower [androidx.emoji2:emoji2:1.3.0] AndroidManifest.xml:24:9-32:20
meta-data#androidx.emoji2.text.EmojiCompatInitializer defined in both files...
Merging meta-data#androidx.emoji2.text.EmojiCompatInitializer with lower [androidx.emoji2:emoji2:1.3.0] AndroidManifest.xml:29:13-31:52
Merging library manifest /home/runner/.gradle/caches/8.9/transforms/36c5ec91343febb991bb38bfc7f58c4c/transformed/transition-1.5.0/AndroidManifest.xml
Merging manifest with lower [androidx.transition:transition:1.5.0] AndroidManifest.xml:2:1-7:12
uses-sdk defined in both files...
Merging uses-sdk with lower [androidx.transition:transition:1.5.0] AndroidManifest.xml:5:5-44
Merging library manifest /home/runner/.gradle/caches/8.9/transforms/a98ab41f04f2b70b9136868ddc3c6988/transformed/dynamicanimation-1.0.0/AndroidManifest.xml
Merging manifest with lower [androidx.dynamicanimation:dynamicanimation:1.0.0] AndroidManifest.xml:17:1-22:12
uses-sdk defined in both files...
Merging uses-sdk with lower [androidx.dynamicanimation:dynamicanimation:1.0.0] AndroidManifest.xml:20:5-44
Merging library manifest /home/runner/.gradle/caches/8.9/transforms/97fac01138fa0ca98836a6c0952c726f/transformed/legacy-support-core-utils-1.0.0/AndroidManifest.xml
Merging manifest with lower [androidx.legacy:legacy-support-core-utils:1.0.0] AndroidManifest.xml:17:1-22:12
uses-sdk defined in both files...
Merging uses-sdk with lower [androidx.legacy:legacy-support-core-utils:1.0.0] AndroidManifest.xml:20:5-44
Merging library manifest /home/runner/.gradle/caches/8.9/transforms/d484ffba6ed6b8298693d91d630519be/transformed/loader-1.0.0/AndroidManifest.xml
Merging manifest with lower [androidx.loader:loader:1.0.0] AndroidManifest.xml:17:1-22:12
uses-sdk defined in both files...
Merging uses-sdk with lower [androidx.loader:loader:1.0.0] AndroidManifest.xml:20:5-44
Merging library manifest /home/runner/.gradle/caches/8.9/transforms/af1ec8159a9125a15e0ff13e4d318e0c/transformed/lifecycle-livedata-2.6.2/AndroidManifest.xml
Merging manifest with lower [androidx.lifecycle:lifecycle-livedata:2.6.2] AndroidManifest.xml:17:1-22:12
uses-sdk defined in both files...
Merging uses-sdk with lower [androidx.lifecycle:lifecycle-livedata:2.6.2] AndroidManifest.xml:20:5-44
Merging library manifest /home/runner/.gradle/caches/8.9/transforms/8862448272d648364c0c2b537e506026/transformed/lifecycle-viewmodel-2.6.2/AndroidManifest.xml
Merging manifest with lower [androidx.lifecycle:lifecycle-viewmodel:2.6.2] AndroidManifest.xml:17:1-22:12
uses-sdk defined in both files...
Merging uses-sdk with lower [androidx.lifecycle:lifecycle-viewmodel:2.6.2] AndroidManifest.xml:20:5-44
Merging library manifest /home/runner/.gradle/caches/8.9/transforms/00e060e70a5e957e5a01deb8b92ed6dc/transformed/jetified-lifecycle-process-2.6.2/AndroidManifest.xml
Merging manifest with lower [androidx.lifecycle:lifecycle-process:2.6.2] AndroidManifest.xml:17:1-35:12
uses-sdk defined in both files...
Merging uses-sdk with lower [androidx.lifecycle:lifecycle-process:2.6.2] AndroidManifest.xml:21:5-44
application defined in both files...
Merging application with lower [androidx.lifecycle:lifecycle-process:2.6.2] AndroidManifest.xml:23:5-33:19
provider#androidx.startup.InitializationProvider defined in both files...
Merging provider#androidx.startup.InitializationProvider with lower [androidx.lifecycle:lifecycle-process:2.6.2] AndroidManifest.xml:24:9-32:20
meta-data#androidx.lifecycle.ProcessLifecycleInitializer defined in both files...
Merging meta-data#androidx.lifecycle.ProcessLifecycleInitializer with lower [androidx.lifecycle:lifecycle-process:2.6.2] AndroidManifest.xml:29:13-31:52
Merging library manifest /home/runner/.gradle/caches/8.9/transforms/a8221c4a062845a1dc7c70c66d0e4a4e/transformed/lifecycle-livedata-core-2.6.2/AndroidManifest.xml
Merging manifest with lower [androidx.lifecycle:lifecycle-livedata-core:2.6.2] AndroidManifest.xml:17:1-22:12
uses-sdk defined in both files...
Merging uses-sdk with lower [androidx.lifecycle:lifecycle-livedata-core:2.6.2] AndroidManifest.xml:20:5-44
Merging library manifest /home/runner/.gradle/caches/8.9/transforms/3b3644b3c553c82eadf15c6e5d01cf4d/transformed/lifecycle-runtime-2.6.2/AndroidManifest.xml
Merging manifest with lower [androidx.lifecycle:lifecycle-runtime:2.6.2] AndroidManifest.xml:2:1-7:12
uses-sdk defined in both files...
Merging uses-sdk with lower [androidx.lifecycle:lifecycle-runtime:2.6.2] AndroidManifest.xml:5:5-44
Merging library manifest /home/runner/.gradle/caches/8.9/transforms/df86b5c62f004f13d3db41dcff367a74/transformed/jetified-lifecycle-viewmodel-savedstate-2.6.2/AndroidManifest.xml
Merging manifest with lower [androidx.lifecycle:lifecycle-viewmodel-savedstate:2.6.2] AndroidManifest.xml:17:1-22:12
uses-sdk defined in both files...
Merging uses-sdk with lower [androidx.lifecycle:lifecycle-viewmodel-savedstate:2.6.2] AndroidManifest.xml:20:5-44
Merging library manifest /home/runner/.gradle/caches/8.9/transforms/0be29cfc4c54d60898ecd27cf16cab3d/transformed/jetified-core-ktx-1.13.0/AndroidManifest.xml
Merging manifest with lower [androidx.core:core-ktx:1.13.0] AndroidManifest.xml:2:1-7:12
uses-sdk defined in both files...
Merging uses-sdk with lower [androidx.core:core-ktx:1.13.0] AndroidManifest.xml:5:5-44
Merging library manifest /home/runner/.gradle/caches/8.9/transforms/0f502e0b8b835dbb1b6f26efd1a62317/transformed/drawerlayout-1.1.1/AndroidManifest.xml
Merging manifest with lower [androidx.drawerlayout:drawerlayout:1.1.1] AndroidManifest.xml:17:1-24:12
uses-sdk defined in both files...
Merging uses-sdk with lower [androidx.drawerlayout:drawerlayout:1.1.1] AndroidManifest.xml:20:5-22:41
Merging library manifest /home/runner/.gradle/caches/8.9/transforms/43a21389397008df984784051cd39a6b/transformed/coordinatorlayout-1.1.0/AndroidManifest.xml
Merging manifest with lower [androidx.coordinatorlayout:coordinatorlayout:1.1.0] AndroidManifest.xml:17:1-24:12
uses-sdk defined in both files...
Merging uses-sdk with lower [androidx.coordinatorlayout:coordinatorlayout:1.1.0] AndroidManifest.xml:20:5-22:41
Merging library manifest /home/runner/.gradle/caches/8.9/transforms/30fba741f8e98cb753260dbf350d5148/transformed/vectordrawable-animated-1.1.0/AndroidManifest.xml
Merging manifest with lower [androidx.vectordrawable:vectordrawable-animated:1.1.0] AndroidManifest.xml:17:1-24:12
uses-sdk defined in both files...
Merging uses-sdk with lower [androidx.vectordrawable:vectordrawable-animated:1.1.0] AndroidManifest.xml:20:5-22:41
Merging library manifest /home/runner/.gradle/caches/8.9/transforms/ba0144e1eaeacaff4f5b3a717a34c7be/transformed/vectordrawable-1.1.0/AndroidManifest.xml
Merging manifest with lower [androidx.vectordrawable:vectordrawable:1.1.0] AndroidManifest.xml:17:1-24:12
uses-sdk defined in both files...
Merging uses-sdk with lower [androidx.vectordrawable:vectordrawable:1.1.0] AndroidManifest.xml:20:5-22:41
Merging library manifest /home/runner/.gradle/caches/8.9/transforms/10ee40a6142a5042899ff73fe04c5d8b/transformed/viewpager-1.0.0/AndroidManifest.xml
Merging manifest with lower [androidx.viewpager:viewpager:1.0.0] AndroidManifest.xml:17:1-22:12
uses-sdk defined in both files...
Merging uses-sdk with lower [androidx.viewpager:viewpager:1.0.0] AndroidManifest.xml:20:5-44
Merging library manifest /home/runner/.gradle/caches/8.9/transforms/6d4ea35faec5ef91dbb4f282b1b6ffbf/transformed/recyclerview-1.1.0/AndroidManifest.xml
Merging manifest with lower [androidx.recyclerview:recyclerview:1.1.0] AndroidManifest.xml:17:1-24:12
uses-sdk defined in both files...
Merging uses-sdk with lower [androidx.recyclerview:recyclerview:1.1.0] AndroidManifest.xml:20:5-22:41
Merging library manifest /home/runner/.gradle/caches/8.9/transforms/683e6a8bc3e17246566ffef111d7b2ff/transformed/customview-1.1.0/AndroidManifest.xml
Merging manifest with lower [androidx.customview:customview:1.1.0] AndroidManifest.xml:17:1-24:12
uses-sdk defined in both files...
Merging uses-sdk with lower [androidx.customview:customview:1.1.0] AndroidManifest.xml:20:5-22:41
Merging library manifest /home/runner/.gradle/caches/8.9/transforms/f734d3757685d8d992319f55d6e2d5ac/transformed/core-1.13.0/AndroidManifest.xml
Merging manifest with lower [androidx.core:core:1.13.0] AndroidManifest.xml:17:1-30:12
uses-sdk defined in both files...
Merging uses-sdk with lower [androidx.core:core:1.13.0] AndroidManifest.xml:20:5-44
Adopted [permission: null]
Adopted [uses-permission: null]
application defined in both files...
Merging application with lower [androidx.core:core:1.13.0] AndroidManifest.xml:28:5-89
Merging library manifest /home/runner/.gradle/caches/8.9/transforms/b2f415a8e3d9fc654f2084f27bfdaf48/transformed/cursoradapter-1.0.0/AndroidManifest.xml
Merging manifest with lower [androidx.cursoradapter:cursoradapter:1.0.0] AndroidManifest.xml:17:1-22:12
uses-sdk defined in both files...
Merging uses-sdk with lower [androidx.cursoradapter:cursoradapter:1.0.0] AndroidManifest.xml:20:5-44
Merging library manifest /home/runner/.gradle/caches/8.9/transforms/b6dbd5c360994196cbc5abe1dc367211/transformed/jetified-profileinstaller-1.3.1/AndroidManifest.xml
Merging manifest with lower [androidx.profileinstaller:profileinstaller:1.3.1] AndroidManifest.xml:17:1-55:12
uses-sdk defined in both files...
Merging uses-sdk with lower [androidx.profileinstaller:profileinstaller:1.3.1] AndroidManifest.xml:21:5-44
application defined in both files...
Merging application with lower [androidx.profileinstaller:profileinstaller:1.3.1] AndroidManifest.xml:23:5-53:19
provider#androidx.startup.InitializationProvider defined in both files...
Merging provider#androidx.startup.InitializationProvider with lower [androidx.profileinstaller:profileinstaller:1.3.1] AndroidManifest.xml:24:9-32:20
Adopted [meta-data: null]
Adopted [receiver: null]
Merging library manifest /home/runner/.gradle/caches/8.9/transforms/575019187b8792bebba099b4b4f9269a/transformed/interpolator-1.0.0/AndroidManifest.xml
Merging manifest with lower [androidx.interpolator:interpolator:1.0.0] AndroidManifest.xml:17:1-22:12
uses-sdk defined in both files...
Merging uses-sdk with lower [androidx.interpolator:interpolator:1.0.0] AndroidManifest.xml:20:5-44
Merging library manifest /home/runner/.gradle/caches/8.9/transforms/5914cd0d1f7ce5b2d77c09c643cca61b/transformed/jetified-startup-runtime-1.1.1/AndroidManifest.xml
Merging manifest with lower [androidx.startup:startup-runtime:1.1.1] AndroidManifest.xml:17:1-33:12
uses-sdk defined in both files...
Merging uses-sdk with lower [androidx.startup:startup-runtime:1.1.1] AndroidManifest.xml:21:5-23:41
application defined in both files...
Merging application with lower [androidx.startup:startup-runtime:1.1.1] AndroidManifest.xml:25:5-31:19
provider#androidx.startup.InitializationProvider defined in both files...
Merging provider#androidx.startup.InitializationProvider with lower [androidx.startup:startup-runtime:1.1.1] AndroidManifest.xml:26:9-30:34
Merging library manifest /home/runner/.gradle/caches/8.9/transforms/f61726133436fb716beadfcb15fd5237/transformed/jetified-tracing-1.0.0/AndroidManifest.xml
Merging manifest with lower [androidx.tracing:tracing:1.0.0] AndroidManifest.xml:17:1-24:12
uses-sdk defined in both files...
Merging uses-sdk with lower [androidx.tracing:tracing:1.0.0] AndroidManifest.xml:20:5-22:41
Merging library manifest /home/runner/.gradle/caches/8.9/transforms/37cbb73f3bb006c5cbb9064d51f4a190/transformed/versionedparcelable-1.1.1/AndroidManifest.xml
Merging manifest with lower [androidx.versionedparcelable:versionedparcelable:1.1.1] AndroidManifest.xml:17:1-27:12
uses-sdk defined in both files...
Merging uses-sdk with lower [androidx.versionedparcelable:versionedparcelable:1.1.1] AndroidManifest.xml:20:5-22:41
application defined in both files...
Merging application with lower [androidx.versionedparcelable:versionedparcelable:1.1.1] AndroidManifest.xml:24:5-25:19
Merging library manifest /home/runner/.gradle/caches/8.9/transforms/b846f2f00b2fb8998e8048ba693200c5/transformed/core-runtime-2.2.0/AndroidManifest.xml
Merging manifest with lower [androidx.arch.core:core-runtime:2.2.0] AndroidManifest.xml:17:1-22:12
uses-sdk defined in both files...
Merging uses-sdk with lower [androidx.arch.core:core-runtime:2.2.0] AndroidManifest.xml:20:5-44
Merging library manifest /home/runner/.gradle/caches/8.9/transforms/bc8f8dc3241e5b4ff25b79e96c1014cf/transformed/documentfile-1.0.0/AndroidManifest.xml
Merging manifest with lower [androidx.documentfile:documentfile:1.0.0] AndroidManifest.xml:17:1-22:12
uses-sdk defined in both files...
Merging uses-sdk with lower [androidx.documentfile:documentfile:1.0.0] AndroidManifest.xml:20:5-44
Merging library manifest /home/runner/.gradle/caches/8.9/transforms/2093dc12b474d9b688c7d4994cd0f98a/transformed/localbroadcastmanager-1.0.0/AndroidManifest.xml
Merging manifest with lower [androidx.localbroadcastmanager:localbroadcastmanager:1.0.0] AndroidManifest.xml:17:1-22:12
uses-sdk defined in both files...
Merging uses-sdk with lower [androidx.localbroadcastmanager:localbroadcastmanager:1.0.0] AndroidManifest.xml:20:5-44
Merging library manifest /home/runner/.gradle/caches/8.9/transforms/7758a461aa5bb4bfd2794f3c068d3de2/transformed/print-1.0.0/AndroidManifest.xml
Merging manifest with lower [androidx.print:print:1.0.0] AndroidManifest.xml:17:1-22:12
uses-sdk defined in both files...
Merging uses-sdk with lower [androidx.print:print:1.0.0] AndroidManifest.xml:20:5-44
Merging library manifest /home/runner/.gradle/caches/8.9/transforms/6abf8626c442ae157d9fa8be702afb2c/transformed/jetified-annotation-experimental-1.4.0/AndroidManifest.xml
Merging manifest with lower [androidx.annotation:annotation-experimental:1.4.0] AndroidManifest.xml:2:1-7:12
uses-sdk defined in both files...
Merging uses-sdk with lower [androidx.annotation:annotation-experimental:1.4.0] AndroidManifest.xml:5:5-44
Merging result: ERROR
/home/runner/work/smoker-browser/smoker-browser/app/src/main/AndroidManifest.xml:54:1-62:18 Error:
	android:exported needs to be explicitly specified for element <activity-alias#com.smoke.browser.BrowserAlias>. Apps targeting Android 12 and higher are required to specify an explicit value for `android:exported` when the corresponding component has an intent filter defined. See https://developer.android.com/guide/topics/manifest/activity-element#exported for details.
-- Merging decision tree log ---
manifest
ADDED from /home/runner/work/smoker-browser/smoker-browser/app/src/main/AndroidManifest.xml:2:1-64:12
INJECTED from /home/runner/work/smoker-browser/smoker-browser/app/src/main/AndroidManifest.xml:2:1-64:12
INJECTED from /home/runner/work/smoker-browser/smoker-browser/app/src/main/AndroidManifest.xml:2:1-64:12
INJECTED from /home/runner/work/smoker-browser/smoker-browser/app/src/main/AndroidManifest.xml:2:1-64:12
MERGED from [androidx.databinding:viewbinding:8.7.2] /home/runner/.gradle/caches/8.9/transforms/bd0f389651f9496192bd337c22c67ae9/transformed/jetified-viewbinding-8.7.2/AndroidManifest.xml:2:1-7:12
MERGED from [com.google.android.material:material:1.12.0] /home/runner/.gradle/caches/8.9/transforms/6df8cd1b45d23a4579db10a5888dffcb/transformed/material-1.12.0/AndroidManifest.xml:17:1-24:12
MERGED from [androidx.appcompat:appcompat-resources:1.7.1] /home/runner/.gradle/caches/8.9/transforms/223cc6b681cd5cd5a7b81a26fda8f8dd/transformed/jetified-appcompat-resources-1.7.1/AndroidManifest.xml:2:1-7:12
MERGED from [androidx.constraintlayout:constraintlayout:2.0.1] /home/runner/.gradle/caches/8.9/transforms/feb4f85dfd91f72f46e03c4ac10ae1af/transformed/constraintlayout-2.0.1/AndroidManifest.xml:2:1-11:12
MERGED from [androidx.appcompat:appcompat:1.7.1] /home/runner/.gradle/caches/8.9/transforms/89cb9b3d1cdd26c97a47967f5d3f52fe/transformed/appcompat-1.7.1/AndroidManifest.xml:2:1-7:12
MERGED from [androidx.cardview:cardview:1.0.0] /home/runner/.gradle/caches/8.9/transforms/49ecf135d4e3d803ddc6d648e8e2d454/transformed/cardview-1.0.0/AndroidManifest.xml:17:1-22:12
MERGED from [androidx.swiperefreshlayout:swiperefreshlayout:1.1.0] /home/runner/.gradle/caches/8.9/transforms/8e7f44c465a91614de2f5af3a62f8a50/transformed/swiperefreshlayout-1.1.0/AndroidManifest.xml:17:1-24:12
MERGED from [androidx.viewpager2:viewpager2:1.0.0] /home/runner/.gradle/caches/8.9/transforms/0040263336a7001c4c99789f733fe0bf/transformed/jetified-viewpager2-1.0.0/AndroidManifest.xml:17:1-24:12
MERGED from [androidx.fragment:fragment:1.5.4] /home/runner/.gradle/caches/8.9/transforms/87537a02a099b0a726555e40de89098f/transformed/fragment-1.5.4/AndroidManifest.xml:17:1-24:12
MERGED from [androidx.activity:activity:1.8.0] /home/runner/.gradle/caches/8.9/transforms/8562a75cda5f6922af2749efd5668243/transformed/jetified-activity-1.8.0/AndroidManifest.xml:17:1-22:12
MERGED from [androidx.savedstate:savedstate:1.2.1] /home/runner/.gradle/caches/8.9/transforms/2e921cd16d63f4e0d0a788ce4333e813/transformed/jetified-savedstate-1.2.1/AndroidManifest.xml:17:1-22:12
MERGED from [androidx.emoji2:emoji2-views-helper:1.3.0] /home/runner/.gradle/caches/8.9/transforms/4e8bec9299dffd9596afba85cc18d80e/transformed/jetified-emoji2-views-helper-1.3.0/AndroidManifest.xml:2:1-7:12
MERGED from [androidx.emoji2:emoji2:1.3.0] /home/runner/.gradle/caches/8.9/transforms/00197f34d12a2636b7031ecbe315c8f9/transformed/jetified-emoji2-1.3.0/AndroidManifest.xml:17:1-35:12
MERGED from [androidx.transition:transition:1.5.0] /home/runner/.gradle/caches/8.9/transforms/36c5ec91343febb991bb38bfc7f58c4c/transformed/transition-1.5.0/AndroidManifest.xml:2:1-7:12
MERGED from [androidx.dynamicanimation:dynamicanimation:1.0.0] /home/runner/.gradle/caches/8.9/transforms/a98ab41f04f2b70b9136868ddc3c6988/transformed/dynamicanimation-1.0.0/AndroidManifest.xml:17:1-22:12
MERGED from [androidx.legacy:legacy-support-core-utils:1.0.0] /home/runner/.gradle/caches/8.9/transforms/97fac01138fa0ca98836a6c0952c726f/transformed/legacy-support-core-utils-1.0.0/AndroidManifest.xml:17:1-22:12
MERGED from [androidx.loader:loader:1.0.0] /home/runner/.gradle/caches/8.9/transforms/d484ffba6ed6b8298693d91d630519be/transformed/loader-1.0.0/AndroidManifest.xml:17:1-22:12
MERGED from [androidx.lifecycle:lifecycle-livedata:2.6.2] /home/runner/.gradle/caches/8.9/transforms/af1ec8159a9125a15e0ff13e4d318e0c/transformed/lifecycle-livedata-2.6.2/AndroidManifest.xml:17:1-22:12
MERGED from [androidx.lifecycle:lifecycle-viewmodel:2.6.2] /home/runner/.gradle/caches/8.9/transforms/8862448272d648364c0c2b537e506026/transformed/lifecycle-viewmodel-2.6.2/AndroidManifest.xml:17:1-22:12
MERGED from [androidx.lifecycle:lifecycle-process:2.6.2] /home/runner/.gradle/caches/8.9/transforms/00e060e70a5e957e5a01deb8b92ed6dc/transformed/jetified-lifecycle-process-2.6.2/AndroidManifest.xml:17:1-35:12
MERGED from [androidx.lifecycle:lifecycle-livedata-core:2.6.2] /home/runner/.gradle/caches/8.9/transforms/a8221c4a062845a1dc7c70c66d0e4a4e/transformed/lifecycle-livedata-core-2.6.2/AndroidManifest.xml:17:1-22:12
MERGED from [androidx.lifecycle:lifecycle-runtime:2.6.2] /home/runner/.gradle/caches/8.9/transforms/3b3644b3c553c82eadf15c6e5d01cf4d/transformed/lifecycle-runtime-2.6.2/AndroidManifest.xml:2:1-7:12
MERGED from [androidx.lifecycle:lifecycle-viewmodel-savedstate:2.6.2] /home/runner/.gradle/caches/8.9/transforms/df86b5c62f004f13d3db41dcff367a74/transformed/jetified-lifecycle-viewmodel-savedstate-2.6.2/AndroidManifest.xml:17:1-22:12
MERGED from [androidx.core:core-ktx:1.13.0] /home/runner/.gradle/caches/8.9/transforms/0be29cfc4c54d60898ecd27cf16cab3d/transformed/jetified-core-ktx-1.13.0/AndroidManifest.xml:2:1-7:12
MERGED from [androidx.drawerlayout:drawerlayout:1.1.1] /home/runner/.gradle/caches/8.9/transforms/0f502e0b8b835dbb1b6f26efd1a62317/transformed/drawerlayout-1.1.1/AndroidManifest.xml:17:1-24:12
MERGED from [androidx.coordinatorlayout:coordinatorlayout:1.1.0] /home/runner/.gradle/caches/8.9/transforms/43a21389397008df984784051cd39a6b/transformed/coordinatorlayout-1.1.0/AndroidManifest.xml:17:1-24:12
MERGED from [androidx.vectordrawable:vectordrawable-animated:1.1.0] /home/runner/.gradle/caches/8.9/transforms/30fba741f8e98cb753260dbf350d5148/transformed/vectordrawable-animated-1.1.0/AndroidManifest.xml:17:1-24:12
MERGED from [androidx.vectordrawable:vectordrawable:1.1.0] /home/runner/.gradle/caches/8.9/transforms/ba0144e1eaeacaff4f5b3a717a34c7be/transformed/vectordrawable-1.1.0/AndroidManifest.xml:17:1-24:12
MERGED from [androidx.viewpager:viewpager:1.0.0] /home/runner/.gradle/caches/8.9/transforms/10ee40a6142a5042899ff73fe04c5d8b/transformed/viewpager-1.0.0/AndroidManifest.xml:17:1-22:12
MERGED from [androidx.recyclerview:recyclerview:1.1.0] /home/runner/.gradle/caches/8.9/transforms/6d4ea35faec5ef91dbb4f282b1b6ffbf/transformed/recyclerview-1.1.0/AndroidManifest.xml:17:1-24:12
MERGED from [androidx.customview:customview:1.1.0] /home/runner/.gradle/caches/8.9/transforms/683e6a8bc3e17246566ffef111d7b2ff/transformed/customview-1.1.0/AndroidManifest.xml:17:1-24:12
MERGED from [androidx.core:core:1.13.0] /home/runner/.gradle/caches/8.9/transforms/f734d3757685d8d992319f55d6e2d5ac/transformed/core-1.13.0/AndroidManifest.xml:17:1-30:12
MERGED from [androidx.cursoradapter:cursoradapter:1.0.0] /home/runner/.gradle/caches/8.9/transforms/b2f415a8e3d9fc654f2084f27bfdaf48/transformed/cursoradapter-1.0.0/AndroidManifest.xml:17:1-22:12
MERGED from [androidx.profileinstaller:profileinstaller:1.3.1] /home/runner/.gradle/caches/8.9/transforms/b6dbd5c360994196cbc5abe1dc367211/transformed/jetified-profileinstaller-1.3.1/AndroidManifest.xml:17:1-55:12
MERGED from [androidx.interpolator:interpolator:1.0.0] /home/runner/.gradle/caches/8.9/transforms/575019187b8792bebba099b4b4f9269a/transformed/interpolator-1.0.0/AndroidManifest.xml:17:1-22:12
MERGED from [androidx.startup:startup-runtime:1.1.1] /home/runner/.gradle/caches/8.9/transforms/5914cd0d1f7ce5b2d77c09c643cca61b/transformed/jetified-startup-runtime-1.1.1/AndroidManifest.xml:17:1-33:12
MERGED from [androidx.tracing:tracing:1.0.0] /home/runner/.gradle/caches/8.9/transforms/f61726133436fb716beadfcb15fd5237/transformed/jetified-tracing-1.0.0/AndroidManifest.xml:17:1-24:12
MERGED from [androidx.versionedparcelable:versionedparcelable:1.1.1] /home/runner/.gradle/caches/8.9/transforms/37cbb73f3bb006c5cbb9064d51f4a190/transformed/versionedparcelable-1.1.1/AndroidManifest.xml:17:1-27:12
MERGED from [androidx.arch.core:core-runtime:2.2.0] /home/runner/.gradle/caches/8.9/transforms/b846f2f00b2fb8998e8048ba693200c5/transformed/core-runtime-2.2.0/AndroidManifest.xml:17:1-22:12
MERGED from [androidx.documentfile:documentfile:1.0.0] /home/runner/.gradle/caches/8.9/transforms/bc8f8dc3241e5b4ff25b79e96c1014cf/transformed/documentfile-1.0.0/AndroidManifest.xml:17:1-22:12
MERGED from [androidx.localbroadcastmanager:localbroadcastmanager:1.0.0] /home/runner/.gradle/caches/8.9/transforms/2093dc12b474d9b688c7d4994cd0f98a/transformed/localbroadcastmanager-1.0.0/AndroidManifest.xml:17:1-22:12
MERGED from [androidx.print:print:1.0.0] /home/runner/.gradle/caches/8.9/transforms/7758a461aa5bb4bfd2794f3c068d3de2/transformed/print-1.0.0/AndroidManifest.xml:17:1-22:12
MERGED from [androidx.annotation:annotation-experimental:1.4.0] /home/runner/.gradle/caches/8.9/transforms/6abf8626c442ae157d9fa8be702afb2c/transformed/jetified-annotation-experimental-1.4.0/AndroidManifest.xml:2:1-7:12
	package
		ADDED from /home/runner/work/smoker-browser/smoker-browser/app/src/main/AndroidManifest.xml:4:2-29
		INJECTED from /home/runner/work/smoker-browser/smoker-browser/app/src/main/AndroidManifest.xml
	android:versionName
		INJECTED from /home/runner/work/smoker-browser/smoker-browser/app/src/main/AndroidManifest.xml
	android:versionCode
		INJECTED from /home/runner/work/smoker-browser/smoker-browser/app/src/main/AndroidManifest.xml
	xmlns:android
		ADDED from /home/runner/work/smoker-browser/smoker-browser/app/src/main/AndroidManifest.xml:3:2-60
uses-permission#android.permission.INTERNET
ADDED from /home/runner/work/smoker-browser/smoker-browser/app/src/main/AndroidManifest.xml:5:2-64
	android:name
		ADDED from /home/runner/work/smoker-browser/smoker-browser/app/src/main/AndroidManifest.xml:5:19-61
uses-permission#android.permission.WAKE_LOCK
ADDED from /home/runner/work/smoker-browser/smoker-browser/app/src/main/AndroidManifest.xml:6:2-65
	android:name
		ADDED from /home/runner/work/smoker-browser/smoker-browser/app/src/main/AndroidManifest.xml:6:19-62
uses-permission#android.permission.MODIFY_AUDIO_SETTINGS
ADDED from /home/runner/work/smoker-browser/smoker-browser/app/src/main/AndroidManifest.xml:7:2-77
	android:name
		ADDED from /home/runner/work/smoker-browser/smoker-browser/app/src/main/AndroidManifest.xml:7:19-74
uses-permission#android.permission.ACCESS_NETWORK_STATE
ADDED from /home/runner/work/smoker-browser/smoker-browser/app/src/main/AndroidManifest.xml:8:2-76
	android:name
		ADDED from /home/runner/work/smoker-browser/smoker-browser/app/src/main/AndroidManifest.xml:8:19-73
uses-permission#android.permission.WRITE_EXTERNAL_STORAGE
ADDED from /home/runner/work/smoker-browser/smoker-browser/app/src/main/AndroidManifest.xml:9:2-78
	android:name
		ADDED from /home/runner/work/smoker-browser/smoker-browser/app/src/main/AndroidManifest.xml:9:19-75
uses-permission#android.permission.READ_EXTERNAL_STORAGE
ADDED from /home/runner/work/smoker-browser/smoker-browser/app/src/main/AndroidManifest.xml:10:2-77
	android:name
		ADDED from /home/runner/work/smoker-browser/smoker-browser/app/src/main/AndroidManifest.xml:10:19-74
uses-permission#android.permission.REQUEST_INSTALL_PACKAGES
ADDED from /home/runner/work/smoker-browser/smoker-browser/app/src/main/AndroidManifest.xml:11:2-80
	android:name
		ADDED from /home/runner/work/smoker-browser/smoker-browser/app/src/main/AndroidManifest.xml:11:19-77
uses-permission#android.permission.QUERY_ALL_PACKAGES
ADDED from /home/runner/work/smoker-browser/smoker-browser/app/src/main/AndroidManifest.xml:12:2-74
	android:name
		ADDED from /home/runner/work/smoker-browser/smoker-browser/app/src/main/AndroidManifest.xml:12:19-71
application
ADDED from /home/runner/work/smoker-browser/smoker-browser/app/src/main/AndroidManifest.xml:13:2-63:16
INJECTED from /home/runner/work/smoker-browser/smoker-browser/app/src/main/AndroidManifest.xml:13:2-63:16
MERGED from [com.google.android.material:material:1.12.0] /home/runner/.gradle/caches/8.9/transforms/6df8cd1b45d23a4579db10a5888dffcb/transformed/material-1.12.0/AndroidManifest.xml:22:5-20
MERGED from [com.google.android.material:material:1.12.0] /home/runner/.gradle/caches/8.9/transforms/6df8cd1b45d23a4579db10a5888dffcb/transformed/material-1.12.0/AndroidManifest.xml:22:5-20
MERGED from [androidx.constraintlayout:constraintlayout:2.0.1] /home/runner/.gradle/caches/8.9/transforms/feb4f85dfd91f72f46e03c4ac10ae1af/transformed/constraintlayout-2.0.1/AndroidManifest.xml:9:5-20
MERGED from [androidx.constraintlayout:constraintlayout:2.0.1] /home/runner/.gradle/caches/8.9/transforms/feb4f85dfd91f72f46e03c4ac10ae1af/transformed/constraintlayout-2.0.1/AndroidManifest.xml:9:5-20
MERGED from [androidx.emoji2:emoji2:1.3.0] /home/runner/.gradle/caches/8.9/transforms/00197f34d12a2636b7031ecbe315c8f9/transformed/jetified-emoji2-1.3.0/AndroidManifest.xml:23:5-33:19
MERGED from [androidx.emoji2:emoji2:1.3.0] /home/runner/.gradle/caches/8.9/transforms/00197f34d12a2636b7031ecbe315c8f9/transformed/jetified-emoji2-1.3.0/AndroidManifest.xml:23:5-33:19
MERGED from [androidx.lifecycle:lifecycle-process:2.6.2] /home/runner/.gradle/caches/8.9/transforms/00e060e70a5e957e5a01deb8b92ed6dc/transformed/jetified-lifecycle-process-2.6.2/AndroidManifest.xml:23:5-33:19
MERGED from [androidx.lifecycle:lifecycle-process:2.6.2] /home/runner/.gradle/caches/8.9/transforms/00e060e70a5e957e5a01deb8b92ed6dc/transformed/jetified-lifecycle-process-2.6.2/AndroidManifest.xml:23:5-33:19
MERGED from [androidx.core:core:1.13.0] /home/runner/.gradle/caches/8.9/transforms/f734d3757685d8d992319f55d6e2d5ac/transformed/core-1.13.0/AndroidManifest.xml:28:5-89
MERGED from [androidx.core:core:1.13.0] /home/runner/.gradle/caches/8.9/transforms/f734d3757685d8d992319f55d6e2d5ac/transformed/core-1.13.0/AndroidManifest.xml:28:5-89
MERGED from [androidx.profileinstaller:profileinstaller:1.3.1] /home/runner/.gradle/caches/8.9/transforms/b6dbd5c360994196cbc5abe1dc367211/transformed/jetified-profileinstaller-1.3.1/AndroidManifest.xml:23:5-53:19
MERGED from [androidx.profileinstaller:profileinstaller:1.3.1] /home/runner/.gradle/caches/8.9/transforms/b6dbd5c360994196cbc5abe1dc367211/transformed/jetified-profileinstaller-1.3.1/AndroidManifest.xml:23:5-53:19
MERGED from [androidx.startup:startup-runtime:1.1.1] /home/runner/.gradle/caches/8.9/transforms/5914cd0d1f7ce5b2d77c09c643cca61b/transformed/jetified-startup-runtime-1.1.1/AndroidManifest.xml:25:5-31:19
MERGED from [androidx.startup:startup-runtime:1.1.1] /home/runner/.gradle/caches/8.9/transforms/5914cd0d1f7ce5b2d77c09c643cca61b/transformed/jetified-startup-runtime-1.1.1/AndroidManifest.xml:25:5-31:19
MERGED from [androidx.versionedparcelable:versionedparcelable:1.1.1] /home/runner/.gradle/caches/8.9/transforms/37cbb73f3bb006c5cbb9064d51f4a190/transformed/versionedparcelable-1.1.1/AndroidManifest.xml:24:5-25:19
MERGED from [androidx.versionedparcelable:versionedparcelable:1.1.1] /home/runner/.gradle/caches/8.9/transforms/37cbb73f3bb006c5cbb9064d51f4a190/transformed/versionedparcelable-1.1.1/AndroidManifest.xml:24:5-25:19
	android:extractNativeLibs
		INJECTED from /home/runner/work/smoker-browser/smoker-browser/app/src/main/AndroidManifest.xml
	android:requestLegacyExternalStorage
		ADDED from /home/runner/work/smoker-browser/smoker-browser/app/src/main/AndroidManifest.xml:18:3-46
	android:appComponentFactory
		ADDED from [androidx.core:core:1.13.0] /home/runner/.gradle/caches/8.9/transforms/f734d3757685d8d992319f55d6e2d5ac/transformed/core-1.13.0/AndroidManifest.xml:28:18-86
	android:label
		ADDED from /home/runner/work/smoker-browser/smoker-browser/app/src/main/AndroidManifest.xml:16:3-35
	android:icon
		ADDED from /home/runner/work/smoker-browser/smoker-browser/app/src/main/AndroidManifest.xml:15:3-37
	android:allowBackup
		ADDED from /home/runner/work/smoker-browser/smoker-browser/app/src/main/AndroidManifest.xml:14:3-29
	android:theme
		ADDED from /home/runner/work/smoker-browser/smoker-browser/app/src/main/AndroidManifest.xml:20:3-34
	android:usesCleartextTraffic
		ADDED from /home/runner/work/smoker-browser/smoker-browser/app/src/main/AndroidManifest.xml:19:3-38
	android:name
		ADDED from /home/runner/work/smoker-browser/smoker-browser/app/src/main/AndroidManifest.xml:17:3-30
activity#com.smoke.browser.MainActivity
ADDED from /home/runner/work/smoker-browser/smoker-browser/app/src/main/AndroidManifest.xml:21:3-34:14
	android:screenOrientation
		ADDED from /home/runner/work/smoker-browser/smoker-browser/app/src/main/AndroidManifest.xml:26:4-40
	android:hardwareAccelerated
		ADDED from /home/runner/work/smoker-browser/smoker-browser/app/src/main/AndroidManifest.xml:24:4-38
	android:windowSoftInputMode
		ADDED from /home/runner/work/smoker-browser/smoker-browser/app/src/main/AndroidManifest.xml:28:4-45
	android:exported
		ADDED from /home/runner/work/smoker-browser/smoker-browser/app/src/main/AndroidManifest.xml:29:4-27
	android:supportsPictureInPicture
		ADDED from /home/runner/work/smoker-browser/smoker-browser/app/src/main/AndroidManifest.xml:25:4-43
	android:configChanges
		ADDED from /home/runner/work/smoker-browser/smoker-browser/app/src/main/AndroidManifest.xml:23:4-97
	android:theme
		ADDED from /home/runner/work/smoker-browser/smoker-browser/app/src/main/AndroidManifest.xml:27:4-35
	android:name
		ADDED from /home/runner/work/smoker-browser/smoker-browser/app/src/main/AndroidManifest.xml:22:4-32
intent-filter#action:name:android.intent.action.MAIN+category:name:android.intent.category.LAUNCHER
ADDED from /home/runner/work/smoker-browser/smoker-browser/app/src/main/AndroidManifest.xml:30:4-33:20
action#android.intent.action.MAIN
ADDED from /home/runner/work/smoker-browser/smoker-browser/app/src/main/AndroidManifest.xml:31:5-57
	android:name
		ADDED from /home/runner/work/smoker-browser/smoker-browser/app/src/main/AndroidManifest.xml:31:13-54
category#android.intent.category.LAUNCHER
ADDED from /home/runner/work/smoker-browser/smoker-browser/app/src/main/AndroidManifest.xml:32:5-65
	android:name
		ADDED from /home/runner/work/smoker-browser/smoker-browser/app/src/main/AndroidManifest.xml:32:15-62
activity#com.smoke.browser.DebugActivity
ADDED from /home/runner/work/smoker-browser/smoker-browser/app/src/main/AndroidManifest.xml:35:3-38:52
	android:screenOrientation
		ADDED from /home/runner/work/smoker-browser/smoker-browser/app/src/main/AndroidManifest.xml:37:4-40
	android:theme
		ADDED from /home/runner/work/smoker-browser/smoker-browser/app/src/main/AndroidManifest.xml:38:4-49
	android:name
		ADDED from /home/runner/work/smoker-browser/smoker-browser/app/src/main/AndroidManifest.xml:36:4-33
provider#androidx.startup.InitializationProvider
ADDED from /home/runner/work/smoker-browser/smoker-browser/app/src/main/AndroidManifest.xml:39:3-49:14
MERGED from [androidx.emoji2:emoji2:1.3.0] /home/runner/.gradle/caches/8.9/transforms/00197f34d12a2636b7031ecbe315c8f9/transformed/jetified-emoji2-1.3.0/AndroidManifest.xml:24:9-32:20
MERGED from [androidx.emoji2:emoji2:1.3.0] /home/runner/.gradle/caches/8.9/transforms/00197f34d12a2636b7031ecbe315c8f9/transformed/jetified-emoji2-1.3.0/AndroidManifest.xml:24:9-32:20
MERGED from [androidx.lifecycle:lifecycle-process:2.6.2] /home/runner/.gradle/caches/8.9/transforms/00e060e70a5e957e5a01deb8b92ed6dc/transformed/jetified-lifecycle-process-2.6.2/AndroidManifest.xml:24:9-32:20
MERGED from [androidx.lifecycle:lifecycle-process:2.6.2] /home/runner/.gradle/caches/8.9/transforms/00e060e70a5e957e5a01deb8b92ed6dc/transformed/jetified-lifecycle-process-2.6.2/AndroidManifest.xml:24:9-32:20
MERGED from [androidx.profileinstaller:profileinstaller:1.3.1] /home/runner/.gradle/caches/8.9/transforms/b6dbd5c360994196cbc5abe1dc367211/transformed/jetified-profileinstaller-1.3.1/AndroidManifest.xml:24:9-32:20
MERGED from [androidx.profileinstaller:profileinstaller:1.3.1] /home/runner/.gradle/caches/8.9/transforms/b6dbd5c360994196cbc5abe1dc367211/transformed/jetified-profileinstaller-1.3.1/AndroidManifest.xml:24:9-32:20
MERGED from [androidx.startup:startup-runtime:1.1.1] /home/runner/.gradle/caches/8.9/transforms/5914cd0d1f7ce5b2d77c09c643cca61b/transformed/jetified-startup-runtime-1.1.1/AndroidManifest.xml:26:9-30:34
MERGED from [androidx.startup:startup-runtime:1.1.1] /home/runner/.gradle/caches/8.9/transforms/5914cd0d1f7ce5b2d77c09c643cca61b/transformed/jetified-startup-runtime-1.1.1/AndroidManifest.xml:26:9-30:34
	android:authorities
		ADDED from /home/runner/work/smoker-browser/smoker-browser/app/src/main/AndroidManifest.xml:41:4-60
	android:exported
		ADDED from /home/runner/work/smoker-browser/smoker-browser/app/src/main/AndroidManifest.xml:42:4-28
	android:name
		ADDED from /home/runner/work/smoker-browser/smoker-browser/app/src/main/AndroidManifest.xml:40:4-58
meta-data#androidx.lifecycle.ProcessLifecycleInitializer
ADDED from /home/runner/work/smoker-browser/smoker-browser/app/src/main/AndroidManifest.xml:43:4-45:40
MERGED from [androidx.lifecycle:lifecycle-process:2.6.2] /home/runner/.gradle/caches/8.9/transforms/00e060e70a5e957e5a01deb8b92ed6dc/transformed/jetified-lifecycle-process-2.6.2/AndroidManifest.xml:29:13-31:52
MERGED from [androidx.lifecycle:lifecycle-process:2.6.2] /home/runner/.gradle/caches/8.9/transforms/00e060e70a5e957e5a01deb8b92ed6dc/transformed/jetified-lifecycle-process-2.6.2/AndroidManifest.xml:29:13-31:52
	android:value
		ADDED from /home/runner/work/smoker-browser/smoker-browser/app/src/main/AndroidManifest.xml:45:5-37
	android:name
		ADDED from /home/runner/work/smoker-browser/smoker-browser/app/src/main/AndroidManifest.xml:44:5-66
meta-data#androidx.emoji2.text.EmojiCompatInitializer
ADDED from /home/runner/work/smoker-browser/smoker-browser/app/src/main/AndroidManifest.xml:46:4-48:40
MERGED from [androidx.emoji2:emoji2:1.3.0] /home/runner/.gradle/caches/8.9/transforms/00197f34d12a2636b7031ecbe315c8f9/transformed/jetified-emoji2-1.3.0/AndroidManifest.xml:29:13-31:52
MERGED from [androidx.emoji2:emoji2:1.3.0] /home/runner/.gradle/caches/8.9/transforms/00197f34d12a2636b7031ecbe315c8f9/transformed/jetified-emoji2-1.3.0/AndroidManifest.xml:29:13-31:52
	android:value
		ADDED from /home/runner/work/smoker-browser/smoker-browser/app/src/main/AndroidManifest.xml:48:5-37
	android:name
		ADDED from /home/runner/work/smoker-browser/smoker-browser/app/src/main/AndroidManifest.xml:47:5-63
uses-library#org.apache.http.legacy
ADDED from /home/runner/work/smoker-browser/smoker-browser/app/src/main/AndroidManifest.xml:50:3-52:31
	android:required
		ADDED from /home/runner/work/smoker-browser/smoker-browser/app/src/main/AndroidManifest.xml:52:4-28
	android:name
		ADDED from /home/runner/work/smoker-browser/smoker-browser/app/src/main/AndroidManifest.xml:51:4-41
activity-alias#com.smoke.browser.BrowserAlias
ADDED from /home/runner/work/smoker-browser/smoker-browser/app/src/main/AndroidManifest.xml:54:1-62:18
	android:targetActivity
		ADDED from /home/runner/work/smoker-browser/smoker-browser/app/src/main/AndroidManifest.xml:54:46-84
	android:name
		ADDED from /home/runner/work/smoker-browser/smoker-browser/app/src/main/AndroidManifest.xml:54:17-45
intent-filter#action:name:android.intent.action.VIEW+category:name:android.intent.category.BROWSABLE+category:name:android.intent.category.DEFAULT+data:scheme:http+data:scheme:https
ADDED from /home/runner/work/smoker-browser/smoker-browser/app/src/main/AndroidManifest.xml:55:5-61:21
action#android.intent.action.VIEW
ADDED from /home/runner/work/smoker-browser/smoker-browser/app/src/main/AndroidManifest.xml:56:9-61
	android:name
		ADDED from /home/runner/work/smoker-browser/smoker-browser/app/src/main/AndroidManifest.xml:56:17-58
category#android.intent.category.DEFAULT
ADDED from /home/runner/work/smoker-browser/smoker-browser/app/src/main/AndroidManifest.xml:57:9-68
	android:name
		ADDED from /home/runner/work/smoker-browser/smoker-browser/app/src/main/AndroidManifest.xml:57:19-65
category#android.intent.category.BROWSABLE
ADDED from /home/runner/work/smoker-browser/smoker-browser/app/src/main/AndroidManifest.xml:58:9-70
	android:name
		ADDED from /home/runner/work/smoker-browser/smoker-browser/app/src/main/AndroidManifest.xml:58:19-67
data
ADDED from /home/runner/work/smoker-browser/smoker-browser/app/src/main/AndroidManifest.xml:59:9-39
	android:scheme
		ADDED from /home/runner/work/smoker-browser/smoker-browser/app/src/main/AndroidManifest.xml:59:15-36
uses-sdk
INJECTED from /home/runner/work/smoker-browser/smoker-browser/app/src/main/AndroidManifest.xml reason: use-sdk injection requested
INJECTED from /home/runner/work/smoker-browser/smoker-browser/app/src/main/AndroidManifest.xml
INJECTED from /home/runner/work/smoker-browser/smoker-browser/app/src/main/AndroidManifest.xml
MERGED from [androidx.databinding:viewbinding:8.7.2] /home/runner/.gradle/caches/8.9/transforms/bd0f389651f9496192bd337c22c67ae9/transformed/jetified-viewbinding-8.7.2/AndroidManifest.xml:5:5-44
MERGED from [androidx.databinding:viewbinding:8.7.2] /home/runner/.gradle/caches/8.9/transforms/bd0f389651f9496192bd337c22c67ae9/transformed/jetified-viewbinding-8.7.2/AndroidManifest.xml:5:5-44
MERGED from [com.google.android.material:material:1.12.0] /home/runner/.gradle/caches/8.9/transforms/6df8cd1b45d23a4579db10a5888dffcb/transformed/material-1.12.0/AndroidManifest.xml:20:5-44
MERGED from [com.google.android.material:material:1.12.0] /home/runner/.gradle/caches/8.9/transforms/6df8cd1b45d23a4579db10a5888dffcb/transformed/material-1.12.0/AndroidManifest.xml:20:5-44
MERGED from [androidx.appcompat:appcompat-resources:1.7.1] /home/runner/.gradle/caches/8.9/transforms/223cc6b681cd5cd5a7b81a26fda8f8dd/transformed/jetified-appcompat-resources-1.7.1/AndroidManifest.xml:5:5-44
MERGED from [androidx.appcompat:appcompat-resources:1.7.1] /home/runner/.gradle/caches/8.9/transforms/223cc6b681cd5cd5a7b81a26fda8f8dd/transformed/jetified-appcompat-resources-1.7.1/AndroidManifest.xml:5:5-44
MERGED from [androidx.constraintlayout:constraintlayout:2.0.1] /home/runner/.gradle/caches/8.9/transforms/feb4f85dfd91f72f46e03c4ac10ae1af/transformed/constraintlayout-2.0.1/AndroidManifest.xml:5:5-7:41
MERGED from [androidx.constraintlayout:constraintlayout:2.0.1] /home/runner/.gradle/caches/8.9/transforms/feb4f85dfd91f72f46e03c4ac10ae1af/transformed/constraintlayout-2.0.1/AndroidManifest.xml:5:5-7:41
MERGED from [androidx.appcompat:appcompat:1.7.1] /home/runner/.gradle/caches/8.9/transforms/89cb9b3d1cdd26c97a47967f5d3f52fe/transformed/appcompat-1.7.1/AndroidManifest.xml:5:5-44
MERGED from [androidx.appcompat:appcompat:1.7.1] /home/runner/.gradle/caches/8.9/transforms/89cb9b3d1cdd26c97a47967f5d3f52fe/transformed/appcompat-1.7.1/AndroidManifest.xml:5:5-44
MERGED from [androidx.cardview:cardview:1.0.0] /home/runner/.gradle/caches/8.9/transforms/49ecf135d4e3d803ddc6d648e8e2d454/transformed/cardview-1.0.0/AndroidManifest.xml:20:5-44
MERGED from [androidx.cardview:cardview:1.0.0] /home/runner/.gradle/caches/8.9/transforms/49ecf135d4e3d803ddc6d648e8e2d454/transformed/cardview-1.0.0/AndroidManifest.xml:20:5-44
MERGED from [androidx.swiperefreshlayout:swiperefreshlayout:1.1.0] /home/runner/.gradle/caches/8.9/transforms/8e7f44c465a91614de2f5af3a62f8a50/transformed/swiperefreshlayout-1.1.0/AndroidManifest.xml:20:5-22:41
MERGED from [androidx.swiperefreshlayout:swiperefreshlayout:1.1.0] /home/runner/.gradle/caches/8.9/transforms/8e7f44c465a91614de2f5af3a62f8a50/transformed/swiperefreshlayout-1.1.0/AndroidManifest.xml:20:5-22:41
MERGED from [androidx.viewpager2:viewpager2:1.0.0] /home/runner/.gradle/caches/8.9/transforms/0040263336a7001c4c99789f733fe0bf/transformed/jetified-viewpager2-1.0.0/AndroidManifest.xml:20:5-22:41
MERGED from [androidx.viewpager2:viewpager2:1.0.0] /home/runner/.gradle/caches/8.9/transforms/0040263336a7001c4c99789f733fe0bf/transformed/jetified-viewpager2-1.0.0/AndroidManifest.xml:20:5-22:41
MERGED from [androidx.fragment:fragment:1.5.4] /home/runner/.gradle/caches/8.9/transforms/87537a02a099b0a726555e40de89098f/transformed/fragment-1.5.4/AndroidManifest.xml:20:5-22:41
MERGED from [androidx.fragment:fragment:1.5.4] /home/runner/.gradle/caches/8.9/transforms/87537a02a099b0a726555e40de89098f/transformed/fragment-1.5.4/AndroidManifest.xml:20:5-22:41
MERGED from [androidx.activity:activity:1.8.0] /home/runner/.gradle/caches/8.9/transforms/8562a75cda5f6922af2749efd5668243/transformed/jetified-activity-1.8.0/AndroidManifest.xml:20:5-44
MERGED from [androidx.activity:activity:1.8.0] /home/runner/.gradle/caches/8.9/transforms/8562a75cda5f6922af2749efd5668243/transformed/jetified-activity-1.8.0/AndroidManifest.xml:20:5-44
MERGED from [androidx.savedstate:savedstate:1.2.1] /home/runner/.gradle/caches/8.9/transforms/2e921cd16d63f4e0d0a788ce4333e813/transformed/jetified-savedstate-1.2.1/AndroidManifest.xml:20:5-44
MERGED from [androidx.savedstate:savedstate:1.2.1] /home/runner/.gradle/caches/8.9/transforms/2e921cd16d63f4e0d0a788ce4333e813/transformed/jetified-savedstate-1.2.1/AndroidManifest.xml:20:5-44
MERGED from [androidx.emoji2:emoji2-views-helper:1.3.0] /home/runner/.gradle/caches/8.9/transforms/4e8bec9299dffd9596afba85cc18d80e/transformed/jetified-emoji2-views-helper-1.3.0/AndroidManifest.xml:5:5-44
MERGED from [androidx.emoji2:emoji2-views-helper:1.3.0] /home/runner/.gradle/caches/8.9/transforms/4e8bec9299dffd9596afba85cc18d80e/transformed/jetified-emoji2-views-helper-1.3.0/AndroidManifest.xml:5:5-44
MERGED from [androidx.emoji2:emoji2:1.3.0] /home/runner/.gradle/caches/8.9/transforms/00197f34d12a2636b7031ecbe315c8f9/transformed/jetified-emoji2-1.3.0/AndroidManifest.xml:21:5-44
MERGED from [androidx.emoji2:emoji2:1.3.0] /home/runner/.gradle/caches/8.9/transforms/00197f34d12a2636b7031ecbe315c8f9/transformed/jetified-emoji2-1.3.0/AndroidManifest.xml:21:5-44
MERGED from [androidx.transition:transition:1.5.0] /home/runner/.gradle/caches/8.9/transforms/36c5ec91343febb991bb38bfc7f58c4c/transformed/transition-1.5.0/AndroidManifest.xml:5:5-44
MERGED from [androidx.transition:transition:1.5.0] /home/runner/.gradle/caches/8.9/transforms/36c5ec91343febb991bb38bfc7f58c4c/transformed/transition-1.5.0/AndroidManifest.xml:5:5-44
MERGED from [androidx.dynamicanimation:dynamicanimation:1.0.0] /home/runner/.gradle/caches/8.9/transforms/a98ab41f04f2b70b9136868ddc3c6988/transformed/dynamicanimation-1.0.0/AndroidManifest.xml:20:5-44
MERGED from [androidx.dynamicanimation:dynamicanimation:1.0.0] /home/runner/.gradle/caches/8.9/transforms/a98ab41f04f2b70b9136868ddc3c6988/transformed/dynamicanimation-1.0.0/AndroidManifest.xml:20:5-44
MERGED from [androidx.legacy:legacy-support-core-utils:1.0.0] /home/runner/.gradle/caches/8.9/transforms/97fac01138fa0ca98836a6c0952c726f/transformed/legacy-support-core-utils-1.0.0/AndroidManifest.xml:20:5-44
MERGED from [androidx.legacy:legacy-support-core-utils:1.0.0] /home/runner/.gradle/caches/8.9/transforms/97fac01138fa0ca98836a6c0952c726f/transformed/legacy-support-core-utils-1.0.0/AndroidManifest.xml:20:5-44
MERGED from [androidx.loader:loader:1.0.0] /home/runner/.gradle/caches/8.9/transforms/d484ffba6ed6b8298693d91d630519be/transformed/loader-1.0.0/AndroidManifest.xml:20:5-44
MERGED from [androidx.loader:loader:1.0.0] /home/runner/.gradle/caches/8.9/transforms/d484ffba6ed6b8298693d91d630519be/transformed/loader-1.0.0/AndroidManifest.xml:20:5-44
MERGED from [androidx.lifecycle:lifecycle-livedata:2.6.2] /home/runner/.gradle/caches/8.9/transforms/af1ec8159a9125a15e0ff13e4d318e0c/transformed/lifecycle-livedata-2.6.2/AndroidManifest.xml:20:5-44
MERGED from [androidx.lifecycle:lifecycle-livedata:2.6.2] /home/runner/.gradle/caches/8.9/transforms/af1ec8159a9125a15e0ff13e4d318e0c/transformed/lifecycle-livedata-2.6.2/AndroidManifest.xml:20:5-44
MERGED from [androidx.lifecycle:lifecycle-viewmodel:2.6.2] /home/runner/.gradle/caches/8.9/transforms/8862448272d648364c0c2b537e506026/transformed/lifecycle-viewmodel-2.6.2/AndroidManifest.xml:20:5-44
MERGED from [androidx.lifecycle:lifecycle-viewmodel:2.6.2] /home/runner/.gradle/caches/8.9/transforms/8862448272d648364c0c2b537e506026/transformed/lifecycle-viewmodel-2.6.2/AndroidManifest.xml:20:5-44
MERGED from [androidx.lifecycle:lifecycle-process:2.6.2] /home/runner/.gradle/caches/8.9/transforms/00e060e70a5e957e5a01deb8b92ed6dc/transformed/jetified-lifecycle-process-2.6.2/AndroidManifest.xml:21:5-44
MERGED from [androidx.lifecycle:lifecycle-process:2.6.2] /home/runner/.gradle/caches/8.9/transforms/00e060e70a5e957e5a01deb8b92ed6dc/transformed/jetified-lifecycle-process-2.6.2/AndroidManifest.xml:21:5-44
MERGED from [androidx.lifecycle:lifecycle-livedata-core:2.6.2] /home/runner/.gradle/caches/8.9/transforms/a8221c4a062845a1dc7c70c66d0e4a4e/transformed/lifecycle-livedata-core-2.6.2/AndroidManifest.xml:20:5-44
MERGED from [androidx.lifecycle:lifecycle-livedata-core:2.6.2] /home/runner/.gradle/caches/8.9/transforms/a8221c4a062845a1dc7c70c66d0e4a4e/transformed/lifecycle-livedata-core-2.6.2/AndroidManifest.xml:20:5-44
MERGED from [androidx.lifecycle:lifecycle-runtime:2.6.2] /home/runner/.gradle/caches/8.9/transforms/3b3644b3c553c82eadf15c6e5d01cf4d/transformed/lifecycle-runtime-2.6.2/AndroidManifest.xml:5:5-44
MERGED from [androidx.lifecycle:lifecycle-runtime:2.6.2] /home/runner/.gradle/caches/8.9/transforms/3b3644b3c553c82eadf15c6e5d01cf4d/transformed/lifecycle-runtime-2.6.2/AndroidManifest.xml:5:5-44
MERGED from [androidx.lifecycle:lifecycle-viewmodel-savedstate:2.6.2] /home/runner/.gradle/caches/8.9/transforms/df86b5c62f004f13d3db41dcff367a74/transformed/jetified-lifecycle-viewmodel-savedstate-2.6.2/AndroidManifest.xml:20:5-44
MERGED from [androidx.lifecycle:lifecycle-viewmodel-savedstate:2.6.2] /home/runner/.gradle/caches/8.9/transforms/df86b5c62f004f13d3db41dcff367a74/transformed/jetified-lifecycle-viewmodel-savedstate-2.6.2/AndroidManifest.xml:20:5-44
MERGED from [androidx.core:core-ktx:1.13.0] /home/runner/.gradle/caches/8.9/transforms/0be29cfc4c54d60898ecd27cf16cab3d/transformed/jetified-core-ktx-1.13.0/AndroidManifest.xml:5:5-44
MERGED from [androidx.core:core-ktx:1.13.0] /home/runner/.gradle/caches/8.9/transforms/0be29cfc4c54d60898ecd27cf16cab3d/transformed/jetified-core-ktx-1.13.0/AndroidManifest.xml:5:5-44
MERGED from [androidx.drawerlayout:drawerlayout:1.1.1] /home/runner/.gradle/caches/8.9/transforms/0f502e0b8b835dbb1b6f26efd1a62317/transformed/drawerlayout-1.1.1/AndroidManifest.xml:20:5-22:41
MERGED from [androidx.drawerlayout:drawerlayout:1.1.1] /home/runner/.gradle/caches/8.9/transforms/0f502e0b8b835dbb1b6f26efd1a62317/transformed/drawerlayout-1.1.1/AndroidManifest.xml:20:5-22:41
MERGED from [androidx.coordinatorlayout:coordinatorlayout:1.1.0] /home/runner/.gradle/caches/8.9/transforms/43a21389397008df984784051cd39a6b/transformed/coordinatorlayout-1.1.0/AndroidManifest.xml:20:5-22:41
MERGED from [androidx.coordinatorlayout:coordinatorlayout:1.1.0] /home/runner/.gradle/caches/8.9/transforms/43a21389397008df984784051cd39a6b/transformed/coordinatorlayout-1.1.0/AndroidManifest.xml:20:5-22:41
MERGED from [androidx.vectordrawable:vectordrawable-animated:1.1.0] /home/runner/.gradle/caches/8.9/transforms/30fba741f8e98cb753260dbf350d5148/transformed/vectordrawable-animated-1.1.0/AndroidManifest.xml:20:5-22:41
MERGED from [androidx.vectordrawable:vectordrawable-animated:1.1.0] /home/runner/.gradle/caches/8.9/transforms/30fba741f8e98cb753260dbf350d5148/transformed/vectordrawable-animated-1.1.0/AndroidManifest.xml:20:5-22:41
MERGED from [androidx.vectordrawable:vectordrawable:1.1.0] /home/runner/.gradle/caches/8.9/transforms/ba0144e1eaeacaff4f5b3a717a34c7be/transformed/vectordrawable-1.1.0/AndroidManifest.xml:20:5-22:41
MERGED from [androidx.vectordrawable:vectordrawable:1.1.0] /home/runner/.gradle/caches/8.9/transforms/ba0144e1eaeacaff4f5b3a717a34c7be/transformed/vectordrawable-1.1.0/AndroidManifest.xml:20:5-22:41
MERGED from [androidx.viewpager:viewpager:1.0.0] /home/runner/.gradle/caches/8.9/transforms/10ee40a6142a5042899ff73fe04c5d8b/transformed/viewpager-1.0.0/AndroidManifest.xml:20:5-44
MERGED from [androidx.viewpager:viewpager:1.0.0] /home/runner/.gradle/caches/8.9/transforms/10ee40a6142a5042899ff73fe04c5d8b/transformed/viewpager-1.0.0/AndroidManifest.xml:20:5-44
MERGED from [androidx.recyclerview:recyclerview:1.1.0] /home/runner/.gradle/caches/8.9/transforms/6d4ea35faec5ef91dbb4f282b1b6ffbf/transformed/recyclerview-1.1.0/AndroidManifest.xml:20:5-22:41
MERGED from [androidx.recyclerview:recyclerview:1.1.0] /home/runner/.gradle/caches/8.9/transforms/6d4ea35faec5ef91dbb4f282b1b6ffbf/transformed/recyclerview-1.1.0/AndroidManifest.xml:20:5-22:41
MERGED from [androidx.customview:customview:1.1.0] /home/runner/.gradle/caches/8.9/transforms/683e6a8bc3e17246566ffef111d7b2ff/transformed/customview-1.1.0/AndroidManifest.xml:20:5-22:41
MERGED from [androidx.customview:customview:1.1.0] /home/runner/.gradle/caches/8.9/transforms/683e6a8bc3e17246566ffef111d7b2ff/transformed/customview-1.1.0/AndroidManifest.xml:20:5-22:41
MERGED from [androidx.core:core:1.13.0] /home/runner/.gradle/caches/8.9/transforms/f734d3757685d8d992319f55d6e2d5ac/transformed/core-1.13.0/AndroidManifest.xml:20:5-44
MERGED from [androidx.core:core:1.13.0] /home/runner/.gradle/caches/8.9/transforms/f734d3757685d8d992319f55d6e2d5ac/transformed/core-1.13.0/AndroidManifest.xml:20:5-44
MERGED from [androidx.cursoradapter:cursoradapter:1.0.0] /home/runner/.gradle/caches/8.9/transforms/b2f415a8e3d9fc654f2084f27bfdaf48/transformed/cursoradapter-1.0.0/AndroidManifest.xml:20:5-44
MERGED from [androidx.cursoradapter:cursoradapter:1.0.0] /home/runner/.gradle/caches/8.9/transforms/b2f415a8e3d9fc654f2084f27bfdaf48/transformed/cursoradapter-1.0.0/AndroidManifest.xml:20:5-44
MERGED from [androidx.profileinstaller:profileinstaller:1.3.1] /home/runner/.gradle/caches/8.9/transforms/b6dbd5c360994196cbc5abe1dc367211/transformed/jetified-profileinstaller-1.3.1/AndroidManifest.xml:21:5-44
MERGED from [androidx.profileinstaller:profileinstaller:1.3.1] /home/runner/.gradle/caches/8.9/transforms/b6dbd5c360994196cbc5abe1dc367211/transformed/jetified-profileinstaller-1.3.1/AndroidManifest.xml:21:5-44
MERGED from [androidx.interpolator:interpolator:1.0.0] /home/runner/.gradle/caches/8.9/transforms/575019187b8792bebba099b4b4f9269a/transformed/interpolator-1.0.0/AndroidManifest.xml:20:5-44
MERGED from [androidx.interpolator:interpolator:1.0.0] /home/runner/.gradle/caches/8.9/transforms/575019187b8792bebba099b4b4f9269a/transformed/interpolator-1.0.0/AndroidManifest.xml:20:5-44
MERGED from [androidx.startup:startup-runtime:1.1.1] /home/runner/.gradle/caches/8.9/transforms/5914cd0d1f7ce5b2d77c09c643cca61b/transformed/jetified-startup-runtime-1.1.1/AndroidManifest.xml:21:5-23:41
MERGED from [androidx.startup:startup-runtime:1.1.1] /home/runner/.gradle/caches/8.9/transforms/5914cd0d1f7ce5b2d77c09c643cca61b/transformed/jetified-startup-runtime-1.1.1/AndroidManifest.xml:21:5-23:41
MERGED from [androidx.tracing:tracing:1.0.0] /home/runner/.gradle/caches/8.9/transforms/f61726133436fb716beadfcb15fd5237/transformed/jetified-tracing-1.0.0/AndroidManifest.xml:20:5-22:41
MERGED from [androidx.tracing:tracing:1.0.0] /home/runner/.gradle/caches/8.9/transforms/f61726133436fb716beadfcb15fd5237/transformed/jetified-tracing-1.0.0/AndroidManifest.xml:20:5-22:41
MERGED from [androidx.versionedparcelable:versionedparcelable:1.1.1] /home/runner/.gradle/caches/8.9/transforms/37cbb73f3bb006c5cbb9064d51f4a190/transformed/versionedparcelable-1.1.1/AndroidManifest.xml:20:5-22:41
MERGED from [androidx.versionedparcelable:versionedparcelable:1.1.1] /home/runner/.gradle/caches/8.9/transforms/37cbb73f3bb006c5cbb9064d51f4a190/transformed/versionedparcelable-1.1.1/AndroidManifest.xml:20:5-22:41
MERGED from [androidx.arch.core:core-runtime:2.2.0] /home/runner/.gradle/caches/8.9/transforms/b846f2f00b2fb8998e8048ba693200c5/transformed/core-runtime-2.2.0/AndroidManifest.xml:20:5-44
MERGED from [androidx.arch.core:core-runtime:2.2.0] /home/runner/.gradle/caches/8.9/transforms/b846f2f00b2fb8998e8048ba693200c5/transformed/core-runtime-2.2.0/AndroidManifest.xml:20:5-44
MERGED from [androidx.documentfile:documentfile:1.0.0] /home/runner/.gradle/caches/8.9/transforms/bc8f8dc3241e5b4ff25b79e96c1014cf/transformed/documentfile-1.0.0/AndroidManifest.xml:20:5-44
MERGED from [androidx.documentfile:documentfile:1.0.0] /home/runner/.gradle/caches/8.9/transforms/bc8f8dc3241e5b4ff25b79e96c1014cf/transformed/documentfile-1.0.0/AndroidManifest.xml:20:5-44
MERGED from [androidx.localbroadcastmanager:localbroadcastmanager:1.0.0] /home/runner/.gradle/caches/8.9/transforms/2093dc12b474d9b688c7d4994cd0f98a/transformed/localbroadcastmanager-1.0.0/AndroidManifest.xml:20:5-44
MERGED from [androidx.localbroadcastmanager:localbroadcastmanager:1.0.0] /home/runner/.gradle/caches/8.9/transforms/2093dc12b474d9b688c7d4994cd0f98a/transformed/localbroadcastmanager-1.0.0/AndroidManifest.xml:20:5-44
MERGED from [androidx.print:print:1.0.0] /home/runner/.gradle/caches/8.9/transforms/7758a461aa5bb4bfd2794f3c068d3de2/transformed/print-1.0.0/AndroidManifest.xml:20:5-44
MERGED from [androidx.print:print:1.0.0] /home/runner/.gradle/caches/8.9/transforms/7758a461aa5bb4bfd2794f3c068d3de2/transformed/print-1.0.0/AndroidManifest.xml:20:5-44
MERGED from [androidx.annotation:annotation-experimental:1.4.0] /home/runner/.gradle/caches/8.9/transforms/6abf8626c442ae157d9fa8be702afb2c/transformed/jetified-annotation-experimental-1.4.0/AndroidManifest.xml:5:5-44
MERGED from [androidx.annotation:annotation-experimental:1.4.0] /home/runner/.gradle/caches/8.9/transforms/6abf8626c442ae157d9fa8be702afb2c/transformed/jetified-annotation-experimental-1.4.0/AndroidManifest.xml:5:5-44
	android:targetSdkVersion
		INJECTED from /home/runner/work/smoker-browser/smoker-browser/app/src/main/AndroidManifest.xml
	android:minSdkVersion
		INJECTED from /home/runner/work/smoker-browser/smoker-browser/app/src/main/AndroidManifest.xml
permission#${applicationId}.DYNAMIC_RECEIVER_NOT_EXPORTED_PERMISSION
ADDED from [androidx.core:core:1.13.0] /home/runner/.gradle/caches/8.9/transforms/f734d3757685d8d992319f55d6e2d5ac/transformed/core-1.13.0/AndroidManifest.xml:22:5-24:47
	android:protectionLevel
		ADDED from [androidx.core:core:1.13.0] /home/runner/.gradle/caches/8.9/transforms/f734d3757685d8d992319f55d6e2d5ac/transformed/core-1.13.0/AndroidManifest.xml:24:9-44
	android:name
		ADDED from [androidx.core:core:1.13.0] /home/runner/.gradle/caches/8.9/transforms/f734d3757685d8d992319f55d6e2d5ac/transformed/core-1.13.0/AndroidManifest.xml:23:9-81
permission#com.smoke.browser.DYNAMIC_RECEIVER_NOT_EXPORTED_PERMISSION
ADDED from [androidx.core:core:1.13.0] /home/runner/.gradle/caches/8.9/transforms/f734d3757685d8d992319f55d6e2d5ac/transformed/core-1.13.0/AndroidManifest.xml:22:5-24:47
	android:protectionLevel
		ADDED from [androidx.core:core:1.13.0] /home/runner/.gradle/caches/8.9/transforms/f734d3757685d8d992319f55d6e2d5ac/transformed/core-1.13.0/AndroidManifest.xml:24:9-44
	android:name
		ADDED from [androidx.core:core:1.13.0] /home/runner/.gradle/caches/8.9/transforms/f734d3757685d8d992319f55d6e2d5ac/transformed/core-1.13.0/AndroidManifest.xml:23:9-81
uses-permission#${applicationId}.DYNAMIC_RECEIVER_NOT_EXPORTED_PERMISSION
ADDED from [androidx.core:core:1.13.0] /home/runner/.gradle/caches/8.9/transforms/f734d3757685d8d992319f55d6e2d5ac/transformed/core-1.13.0/AndroidManifest.xml:26:5-97
	android:name
		ADDED from [androidx.core:core:1.13.0] /home/runner/.gradle/caches/8.9/transforms/f734d3757685d8d992319f55d6e2d5ac/transformed/core-1.13.0/AndroidManifest.xml:26:22-94
uses-permission#com.smoke.browser.DYNAMIC_RECEIVER_NOT_EXPORTED_PERMISSION
ADDED from [androidx.core:core:1.13.0] /home/runner/.gradle/caches/8.9/transforms/f734d3757685d8d992319f55d6e2d5ac/transformed/core-1.13.0/AndroidManifest.xml:26:5-97
	android:name
		ADDED from [androidx.core:core:1.13.0] /home/runner/.gradle/caches/8.9/transforms/f734d3757685d8d992319f55d6e2d5ac/transformed/core-1.13.0/AndroidManifest.xml:26:22-94
meta-data#androidx.profileinstaller.ProfileInstallerInitializer
ADDED from [androidx.profileinstaller:profileinstaller:1.3.1] /home/runner/.gradle/caches/8.9/transforms/b6dbd5c360994196cbc5abe1dc367211/transformed/jetified-profileinstaller-1.3.1/AndroidManifest.xml:29:13-31:52
	android:value
		ADDED from [androidx.profileinstaller:profileinstaller:1.3.1] /home/runner/.gradle/caches/8.9/transforms/b6dbd5c360994196cbc5abe1dc367211/transformed/jetified-profileinstaller-1.3.1/AndroidManifest.xml:31:17-49
	android:name
		ADDED from [androidx.profileinstaller:profileinstaller:1.3.1] /home/runner/.gradle/caches/8.9/transforms/b6dbd5c360994196cbc5abe1dc367211/transformed/jetified-profileinstaller-1.3.1/AndroidManifest.xml:30:17-85
receiver#androidx.profileinstaller.ProfileInstallReceiver
ADDED from [androidx.profileinstaller:profileinstaller:1.3.1] /home/runner/.gradle/caches/8.9/transforms/b6dbd5c360994196cbc5abe1dc367211/transformed/jetified-profileinstaller-1.3.1/AndroidManifest.xml:34:9-52:20
	android:enabled
		ADDED from [androidx.profileinstaller:profileinstaller:1.3.1] /home/runner/.gradle/caches/8.9/transforms/b6dbd5c360994196cbc5abe1dc367211/transformed/jetified-profileinstaller-1.3.1/AndroidManifest.xml:37:13-35
	android:exported
		ADDED from [androidx.profileinstaller:profileinstaller:1.3.1] /home/runner/.gradle/caches/8.9/transforms/b6dbd5c360994196cbc5abe1dc367211/transformed/jetified-profileinstaller-1.3.1/AndroidManifest.xml:38:13-36
	android:permission
		ADDED from [androidx.profileinstaller:profileinstaller:1.3.1] /home/runner/.gradle/caches/8.9/transforms/b6dbd5c360994196cbc5abe1dc367211/transformed/jetified-profileinstaller-1.3.1/AndroidManifest.xml:39:13-57
	android:directBootAware
		ADDED from [androidx.profileinstaller:profileinstaller:1.3.1] /home/runner/.gradle/caches/8.9/transforms/b6dbd5c360994196cbc5abe1dc367211/transformed/jetified-profileinstaller-1.3.1/AndroidManifest.xml:36:13-44
	android:name
		ADDED from [androidx.profileinstaller:profileinstaller:1.3.1] /home/runner/.gradle/caches/8.9/transforms/b6dbd5c360994196cbc5abe1dc367211/transformed/jetified-profileinstaller-1.3.1/AndroidManifest.xml:35:13-76
intent-filter#action:name:androidx.profileinstaller.action.INSTALL_PROFILE
ADDED from [androidx.profileinstaller:profileinstaller:1.3.1] /home/runner/.gradle/caches/8.9/transforms/b6dbd5c360994196cbc5abe1dc367211/transformed/jetified-profileinstaller-1.3.1/AndroidManifest.xml:40:13-42:29
action#androidx.profileinstaller.action.INSTALL_PROFILE
ADDED from [androidx.profileinstaller:profileinstaller:1.3.1] /home/runner/.gradle/caches/8.9/transforms/b6dbd5c360994196cbc5abe1dc367211/transformed/jetified-profileinstaller-1.3.1/AndroidManifest.xml:41:17-91
	android:name
		ADDED from [androidx.profileinstaller:profileinstaller:1.3.1] /home/runner/.gradle/caches/8.9/transforms/b6dbd5c360994196cbc5abe1dc367211/transformed/jetified-profileinstaller-1.3.1/AndroidManifest.xml:41:25-88
intent-filter#action:name:androidx.profileinstaller.action.SKIP_FILE
ADDED from [androidx.profileinstaller:profileinstaller:1.3.1] /home/runner/.gradle/caches/8.9/transforms/b6dbd5c360994196cbc5abe1dc367211/transformed/jetified-profileinstaller-1.3.1/AndroidManifest.xml:43:13-45:29
action#androidx.profileinstaller.action.SKIP_FILE
ADDED from [androidx.profileinstaller:profileinstaller:1.3.1] /home/runner/.gradle/caches/8.9/transforms/b6dbd5c360994196cbc5abe1dc367211/transformed/jetified-profileinstaller-1.3.1/AndroidManifest.xml:44:17-85
	android:name
		ADDED from [androidx.profileinstaller:profileinstaller:1.3.1] /home/runner/.gradle/caches/8.9/transforms/b6dbd5c360994196cbc5abe1dc367211/transformed/jetified-profileinstaller-1.3.1/AndroidManifest.xml:44:25-82
intent-filter#action:name:androidx.profileinstaller.action.SAVE_PROFILE
ADDED from [androidx.profileinstaller:profileinstaller:1.3.1] /home/runner/.gradle/caches/8.9/transforms/b6dbd5c360994196cbc5abe1dc367211/transformed/jetified-profileinstaller-1.3.1/AndroidManifest.xml:46:13-48:29
action#androidx.profileinstaller.action.SAVE_PROFILE
ADDED from [androidx.profileinstaller:profileinstaller:1.3.1] /home/runner/.gradle/caches/8.9/transforms/b6dbd5c360994196cbc5abe1dc367211/transformed/jetified-profileinstaller-1.3.1/AndroidManifest.xml:47:17-88
	android:name
		ADDED from [androidx.profileinstaller:profileinstaller:1.3.1] /home/runner/.gradle/caches/8.9/transforms/b6dbd5c360994196cbc5abe1dc367211/transformed/jetified-profileinstaller-1.3.1/AndroidManifest.xml:47:25-85
intent-filter#action:name:androidx.profileinstaller.action.BENCHMARK_OPERATION
ADDED from [androidx.profileinstaller:profileinstaller:1.3.1] /home/runner/.gradle/caches/8.9/transforms/b6dbd5c360994196cbc5abe1dc367211/transformed/jetified-profileinstaller-1.3.1/AndroidManifest.xml:49:13-51:29
action#androidx.profileinstaller.action.BENCHMARK_OPERATION
ADDED from [androidx.profileinstaller:profileinstaller:1.3.1] /home/runner/.gradle/caches/8.9/transforms/b6dbd5c360994196cbc5abe1dc367211/transformed/jetified-profileinstaller-1.3.1/AndroidManifest.xml:50:17-95
	android:name
		ADDED from [androidx.profileinstaller:profileinstaller:1.3.1] /home/runner/.gradle/caches/8.9/transforms/b6dbd5c360994196cbc5abe1dc367211/transformed/jetified-profileinstaller-1.3.1/AndroidManifest.xml:50:25-92


See https://developer.android.com/r/studio-ui/build/manifest-merger for more information about the manifest merger.

gradle/actions: Writing build results to /home/runner/work/_temp/.gradle-actions/build-results/__run_4-1790317448889.json

FAILURE: Build failed with an exception.

* What went wrong:
Execution failed for task ':app:processDebugMainManifest'.
> Manifest merger failed : android:exported needs to be explicitly specified for element <activity-alias#com.smoke.browser.BrowserAlias>. Apps targeting Android 12 and higher are required to specify an explicit value for `android:exported` when the corresponding component has an intent filter defined. See https://developer.android.com/guide/topics/manifest/activity-element#exported for details.

* Try:
> Run with --debug option to get more log output.
> Run with --scan to get full insights.
> Get more help at https://help.gradle.org.

* Exception is:
org.gradle.api.tasks.TaskExecutionException: Execution failed for task ':app:processDebugMainManifest'.
	at org.gradle.api.internal.tasks.execution.ExecuteActionsTaskExecuter.lambda$executeIfValid$1(ExecuteActionsTaskExecuter.java:130)
	at org.gradle.internal.Try$Failure.ifSuccessfulOrElse(Try.java:293)
	at org.gradle.api.internal.tasks.execution.ExecuteActionsTaskExecuter.executeIfValid(ExecuteActionsTaskExecuter.java:128)
	at org.gradle.api.internal.tasks.execution.ExecuteActionsTaskExecuter.execute(ExecuteActionsTaskExecuter.java:116)
	at org.gradle.api.internal.tasks.execution.FinalizePropertiesTaskExecuter.execute(FinalizePropertiesTaskExecuter.java:46)
	at org.gradle.api.internal.tasks.execution.ResolveTaskExecutionModeExecuter.execute(ResolveTaskExecutionModeExecuter.java:51)
	at org.gradle.api.internal.tasks.execution.SkipTaskWithNoActionsExecuter.execute(SkipTaskWithNoActionsExecuter.java:57)
	at org.gradle.api.internal.tasks.execution.SkipOnlyIfTaskExecuter.execute(SkipOnlyIfTaskExecuter.java:74)
	at org.gradle.api.internal.tasks.execution.CatchExceptionTaskExecuter.execute(CatchExceptionTaskExecuter.java:36)
	at org.gradle.api.internal.tasks.execution.EventFiringTaskExecuter$1.executeTask(EventFiringTaskExecuter.java:77)
	at org.gradle.api.internal.tasks.execution.EventFiringTaskExecuter$1.call(EventFiringTaskExecuter.java:55)
	at org.gradle.api.internal.tasks.execution.EventFiringTaskExecuter$1.call(EventFiringTaskExecuter.java:52)
	at org.gradle.internal.operations.DefaultBuildOperationRunner$CallableBuildOperationWorker.execute(DefaultBuildOperationRunner.java:209)
	at org.gradle.internal.operations.DefaultBuildOperationRunner$CallableBuildOperationWorker.execute(DefaultBuildOperationRunner.java:204)
	at org.gradle.internal.operations.DefaultBuildOperationRunner$2.execute(DefaultBuildOperationRunner.java:66)
	at org.gradle.internal.operations.DefaultBuildOperationRunner$2.execute(DefaultBuildOperationRunner.java:59)
	at org.gradle.internal.operations.DefaultBuildOperationRunner.execute(DefaultBuildOperationRunner.java:166)
	at org.gradle.internal.operations.DefaultBuildOperationRunner.execute(DefaultBuildOperationRunner.java:59)
	at org.gradle.internal.operations.DefaultBuildOperationRunner.call(DefaultBuildOperationRunner.java:53)
	at org.gradle.api.internal.tasks.execution.EventFiringTaskExecuter.execute(EventFiringTaskExecuter.java:52)
	at org.gradle.execution.plan.LocalTaskNodeExecutor.execute(LocalTaskNodeExecutor.java:42)
	at org.gradle.execution.taskgraph.DefaultTaskExecutionGraph$InvokeNodeExecutorsAction.execute(DefaultTaskExecutionGraph.java:331)
	at org.gradle.execution.taskgraph.DefaultTaskExecutionGraph$InvokeNodeExecutorsAction.execute(DefaultTaskExecutionGraph.java:318)
	at org.gradle.execution.taskgraph.DefaultTaskExecutionGraph$BuildOperationAwareExecutionAction.lambda$execute$0(DefaultTaskExecutionGraph.java:314)
	at org.gradle.internal.operations.CurrentBuildOperationRef.with(CurrentBuildOperationRef.java:85)
	at org.gradle.execution.taskgraph.DefaultTaskExecutionGraph$BuildOperationAwareExecutionAction.execute(DefaultTaskExecutionGraph.java:314)
	at org.gradle.execution.taskgraph.DefaultTaskExecutionGraph$BuildOperationAwareExecutionAction.execute(DefaultTaskExecutionGraph.java:303)
	at org.gradle.execution.plan.DefaultPlanExecutor$ExecutorWorker.execute(DefaultPlanExecutor.java:459)
	at org.gradle.execution.plan.DefaultPlanExecutor$ExecutorWorker.run(DefaultPlanExecutor.java:376)
	at org.gradle.internal.concurrent.ExecutorPolicy$CatchAndRecordFailures.onExecute(ExecutorPolicy.java:64)
	at org.gradle.internal.concurrent.AbstractManagedExecutor$1.run(AbstractManagedExecutor.java:48)
Caused by: java.lang.RuntimeException: Manifest merger failed : android:exported needs to be explicitly specified for element <activity-alias#com.smoke.browser.BrowserAlias>. Apps targeting Android 12 and higher are required to specify an explicit value for `android:exported` when the corresponding component has an intent filter defined. See https://developer.android.com/guide/topics/manifest/activity-element#exported for details.
	at com.android.build.gradle.internal.tasks.manifest.ManifestHelperKt.mergeManifests(ManifestHelper.kt:125)
	at com.android.build.gradle.internal.tasks.manifest.ManifestHelperKt.mergeManifests$default(ManifestHelper.kt:46)
	at com.android.build.gradle.tasks.ProcessApplicationManifest.doTaskAction(ProcessApplicationManifest.kt:162)
	at com.android.build.gradle.internal.tasks.NonIncrementalTask$taskAction$$inlined$recordTaskAction$1.invoke(BaseTask.kt:79)
	at com.android.build.gradle.internal.tasks.Blocks.recordSpan(Blocks.java:51)
	at com.android.build.gradle.internal.tasks.NonIncrementalTask.taskAction(NonIncrementalTask.kt:78)
	at java.base/jdk.internal.reflect.NativeMethodAccessorImpl.invoke0(Native Method)
	at java.base/jdk.internal.reflect.NativeMethodAccessorImpl.invoke(NativeMethodAccessorImpl.java:77)
	at java.base/jdk.internal.reflect.DelegatingMethodAccessorImpl.invoke(DelegatingMethodAccessorImpl.java:43)
	at org.gradle.internal.reflect.JavaMethod.invoke(JavaMethod.java:125)
	at org.gradle.api.internal.project.taskfactory.StandardTaskAction.doExecute(StandardTaskAction.java:58)
	at org.gradle.api.internal.project.taskfactory.StandardTaskAction.execute(StandardTaskAction.java:51)
	at org.gradle.api.internal.project.taskfactory.StandardTaskAction.execute(StandardTaskAction.java:29)
	at org.gradle.api.internal.tasks.execution.TaskExecution$3.run(TaskExecution.java:244)
	at org.gradle.internal.operations.DefaultBuildOperationRunner$1.execute(DefaultBuildOperationRunner.java:29)
	at org.gradle.internal.operations.DefaultBuildOperationRunner$1.execute(DefaultBuildOperationRunner.java:26)
	at org.gradle.internal.operations.DefaultBuildOperationRunner$2.execute(DefaultBuildOperationRunner.java:66)
	at org.gradle.internal.operations.DefaultBuildOperationRunner$2.execute(DefaultBuildOperationRunner.java:59)
	at org.gradle.internal.operations.DefaultBuildOperationRunner.execute(DefaultBuildOperationRunner.java:166)
	at org.gradle.internal.operations.DefaultBuildOperationRunner.execute(DefaultBuildOperationRunner.java:59)
	at org.gradle.internal.operations.DefaultBuildOperationRunner.run(DefaultBuildOperationRunner.java:47)
	at org.gradle.api.internal.tasks.execution.TaskExecution.executeAction(TaskExecution.java:229)
	at org.gradle.api.internal.tasks.execution.TaskExecution.executeActions(TaskExecution.java:212)
	at org.gradle.api.internal.tasks.execution.TaskExecution.executeWithPreviousOutputFiles(TaskExecution.java:195)
	at org.gradle.api.internal.tasks.execution.TaskExecution.execute(TaskExecution.java:162)
	at org.gradle.internal.execution.steps.ExecuteStep.executeInternal(ExecuteStep.java:105)
	at org.gradle.internal.execution.steps.ExecuteStep.access$000(ExecuteStep.java:44)
	at org.gradle.internal.execution.steps.ExecuteStep$1.call(ExecuteStep.java:59)
	at org.gradle.internal.execution.steps.ExecuteStep$1.call(ExecuteStep.java:56)
	at org.gradle.internal.operations.DefaultBuildOperationRunner$CallableBuildOperationWorker.execute(DefaultBuildOperationRunner.java:209)
	at org.gradle.internal.operations.DefaultBuildOperationRunner$CallableBuildOperationWorker.execute(DefaultBuildOperationRunner.java:204)
	at org.gradle.internal.operations.DefaultBuildOperationRunner$2.execute(DefaultBuildOperationRunner.java:66)
	at org.gradle.internal.operations.DefaultBuildOperationRunner$2.execute(DefaultBuildOperationRunner.java:59)
	at org.gradle.internal.operations.DefaultBuildOperationRunner.execute(DefaultBuildOperationRunner.java:166)
	at org.gradle.internal.operations.DefaultBuildOperationRunner.execute(DefaultBuildOperationRunner.java:59)
	at org.gradle.internal.operations.DefaultBuildOperationRunner.call(DefaultBuildOperationRunner.java:53)
	at org.gradle.internal.execution.steps.ExecuteStep.execute(ExecuteStep.java:56)
	at org.gradle.internal.execution.steps.ExecuteStep.execute(ExecuteStep.java:44)
	at org.gradle.internal.execution.steps.CancelExecutionStep.execute(CancelExecutionStep.java:42)
	at org.gradle.internal.execution.steps.TimeoutStep.executeWithoutTimeout(TimeoutStep.java:75)
	at org.gradle.internal.execution.steps.TimeoutStep.execute(TimeoutStep.java:55)
	at org.gradle.internal.execution.steps.PreCreateOutputParentsStep.execute(PreCreateOutputParentsStep.java:50)
	at org.gradle.internal.execution.steps.PreCreateOutputParentsStep.execute(PreCreateOutputParentsStep.java:28)
	at org.gradle.internal.execution.steps.RemovePreviousOutputsStep.execute(RemovePreviousOutputsStep.java:67)
	at org.gradle.internal.execution.steps.RemovePreviousOutputsStep.execute(RemovePreviousOutputsStep.java:37)
	at org.gradle.internal.execution.steps.BroadcastChangingOutputsStep.execute(BroadcastChangingOutputsStep.java:61)
	at org.gradle.internal.execution.steps.BroadcastChangingOutputsStep.execute(BroadcastChangingOutputsStep.java:26)
	at org.gradle.internal.execution.steps.CaptureOutputsAfterExecutionStep.execute(CaptureOutputsAfterExecutionStep.java:69)
	at org.gradle.internal.execution.steps.CaptureOutputsAfterExecutionStep.execute(CaptureOutputsAfterExecutionStep.java:46)
	at org.gradle.internal.execution.steps.ResolveInputChangesStep.execute(ResolveInputChangesStep.java:40)
	at org.gradle.internal.execution.steps.ResolveInputChangesStep.execute(ResolveInputChangesStep.java:29)
	at org.gradle.internal.execution.steps.BuildCacheStep.executeWithoutCache(BuildCacheStep.java:189)
	at org.gradle.internal.execution.steps.BuildCacheStep.lambda$execute$1(BuildCacheStep.java:75)
	at org.gradle.internal.Either$Right.fold(Either.java:175)
	at org.gradle.internal.execution.caching.CachingState.fold(CachingState.java:62)
	at org.gradle.internal.execution.steps.BuildCacheStep.execute(BuildCacheStep.java:73)
	at org.gradle.internal.execution.steps.BuildCacheStep.execute(BuildCacheStep.java:48)
	at org.gradle.internal.execution.steps.StoreExecutionStateStep.execute(StoreExecutionStateStep.java:46)
	at org.gradle.internal.execution.steps.StoreExecutionStateStep.execute(StoreExecutionStateStep.java:35)
	at org.gradle.internal.execution.steps.SkipUpToDateStep.executeBecause(SkipUpToDateStep.java:75)
	at org.gradle.internal.execution.steps.SkipUpToDateStep.lambda$execute$2(SkipUpToDateStep.java:53)
	at org.gradle.internal.execution.steps.SkipUpToDateStep.execute(SkipUpToDateStep.java:53)
	at org.gradle.internal.execution.steps.SkipUpToDateStep.execute(SkipUpToDateStep.java:35)
	at org.gradle.internal.execution.steps.legacy.MarkSnapshottingInputsFinishedStep.execute(MarkSnapshottingInputsFinishedStep.java:37)
	at org.gradle.internal.execution.steps.legacy.MarkSnapshottingInputsFinishedStep.execute(MarkSnapshottingInputsFinishedStep.java:27)
	at org.gradle.internal.execution.steps.ResolveIncrementalCachingStateStep.executeDelegate(ResolveIncrementalCachingStateStep.java:49)
	at org.gradle.internal.execution.steps.ResolveIncrementalCachingStateStep.executeDelegate(ResolveIncrementalCachingStateStep.java:27)
	at org.gradle.internal.execution.steps.AbstractResolveCachingStateStep.execute(AbstractResolveCachingStateStep.java:71)
	at org.gradle.internal.execution.steps.AbstractResolveCachingStateStep.execute(AbstractResolveCachingStateStep.java:39)
	at org.gradle.internal.execution.steps.ResolveChangesStep.execute(ResolveChangesStep.java:65)
	at org.gradle.internal.execution.steps.ResolveChangesStep.execute(ResolveChangesStep.java:36)
	at org.gradle.internal.execution.steps.ValidateStep.execute(ValidateStep.java:105)
	at org.gradle.internal.execution.steps.ValidateStep.execute(ValidateStep.java:54)
	at org.gradle.internal.execution.steps.AbstractCaptureStateBeforeExecutionStep.execute(AbstractCaptureStateBeforeExecutionStep.java:64)
	at org.gradle.internal.execution.steps.AbstractCaptureStateBeforeExecutionStep.execute(AbstractCaptureStateBeforeExecutionStep.java:43)
	at org.gradle.internal.execution.steps.AbstractSkipEmptyWorkStep.executeWithNonEmptySources(AbstractSkipEmptyWorkStep.java:125)
	at org.gradle.internal.execution.steps.AbstractSkipEmptyWorkStep.execute(AbstractSkipEmptyWorkStep.java:56)
	at org.gradle.internal.execution.steps.AbstractSkipEmptyWorkStep.execute(AbstractSkipEmptyWorkStep.java:36)
	at org.gradle.internal.execution.steps.legacy.MarkSnapshottingInputsStartedStep.execute(MarkSnapshottingInputsStartedStep.java:38)
	at org.gradle.internal.execution.steps.LoadPreviousExecutionStateStep.execute(LoadPreviousExecutionStateStep.java:36)
	at org.gradle.internal.execution.steps.LoadPreviousExecutionStateStep.execute(LoadPreviousExecutionStateStep.java:23)
	at org.gradle.internal.execution.steps.HandleStaleOutputsStep.execute(HandleStaleOutputsStep.java:75)
	at org.gradle.internal.execution.steps.HandleStaleOutputsStep.execute(HandleStaleOutputsStep.java:41)
	at org.gradle.internal.execution.steps.AssignMutableWorkspaceStep.lambda$execute$0(AssignMutableWorkspaceStep.java:35)
	at org.gradle.api.internal.tasks.execution.TaskExecution$4.withWorkspace(TaskExecution.java:289)
	at org.gradle.internal.execution.steps.AssignMutableWorkspaceStep.execute(AssignMutableWorkspaceStep.java:31)
	at org.gradle.internal.execution.steps.AssignMutableWorkspaceStep.execute(AssignMutableWorkspaceStep.java:22)
	at org.gradle.internal.execution.steps.ChoosePipelineStep.execute(ChoosePipelineStep.java:40)
	at org.gradle.internal.execution.steps.ChoosePipelineStep.execute(ChoosePipelineStep.java:23)
	at org.gradle.internal.execution.steps.ExecuteWorkBuildOperationFiringStep.lambda$execute$2(ExecuteWorkBuildOperationFiringStep.java:67)
	at org.gradle.internal.execution.steps.ExecuteWorkBuildOperationFiringStep.execute(ExecuteWorkBuildOperationFiringStep.java:67)
	at org.gradle.internal.execution.steps.ExecuteWorkBuildOperationFiringStep.execute(ExecuteWorkBuildOperationFiringStep.java:39)
	at org.gradle.internal.execution.steps.IdentityCacheStep.execute(IdentityCacheStep.java:46)
	at org.gradle.internal.execution.steps.IdentityCacheStep.execute(IdentityCacheStep.java:34)
	at org.gradle.internal.execution.steps.IdentifyStep.execute(IdentifyStep.java:48)
	at org.gradle.internal.execution.steps.IdentifyStep.execute(IdentifyStep.java:35)
	at org.gradle.internal.execution.impl.DefaultExecutionEngine$1.execute(DefaultExecutionEngine.java:61)
	at org.gradle.api.internal.tasks.execution.ExecuteActionsTaskExecuter.executeIfValid(ExecuteActionsTaskExecuter.java:127)
	at org.gradle.api.internal.tasks.execution.ExecuteActionsTaskExecuter.execute(ExecuteActionsTaskExecuter.java:116)
	at org.gradle.api.internal.tasks.execution.FinalizePropertiesTaskExecuter.execute(FinalizePropertiesTaskExecuter.java:46)
	at org.gradle.api.internal.tasks.execution.ResolveTaskExecutionModeExecuter.execute(ResolveTaskExecutionModeExecuter.java:51)
	at org.gradle.api.internal.tasks.execution.SkipTaskWithNoActionsExecuter.execute(SkipTaskWithNoActionsExecuter.java:57)
	at org.gradle.api.internal.tasks.execution.SkipOnlyIfTaskExecuter.execute(SkipOnlyIfTaskExecuter.java:74)
	at org.gradle.api.internal.tasks.execution.CatchExceptionTaskExecuter.execute(CatchExceptionTaskExecuter.java:36)
	at org.gradle.api.internal.tasks.execution.EventFiringTaskExecuter$1.executeTask(EventFiringTaskExecuter.java:77)
	at org.gradle.api.internal.tasks.execution.EventFiringTaskExecuter$1.call(EventFiringTaskExecuter.java:55)
	at org.gradle.api.internal.tasks.execution.EventFiringTaskExecuter$1.call(EventFiringTaskExecuter.java:52)
	at org.gradle.internal.operations.DefaultBuildOperationRunner$CallableBuildOperationWorker.execute(DefaultBuildOperationRunner.java:209)
	at org.gradle.internal.operations.DefaultBuildOperationRunner$CallableBuildOperationWorker.execute(DefaultBuildOperationRunner.java:204)
	at org.gradle.internal.operations.DefaultBuildOperationRunner$2.execute(DefaultBuildOperationRunner.java:66)
	at org.gradle.internal.operations.DefaultBuildOperationRunner$2.execute(DefaultBuildOperationRunner.java:59)
	at org.gradle.internal.operations.DefaultBuildOperationRunner.execute(DefaultBuildOperationRunner.java:166)
	at org.gradle.internal.operations.DefaultBuildOperationRunner.execute(DefaultBuildOperationRunner.java:59)
	at org.gradle.internal.operations.DefaultBuildOperationRunner.call(DefaultBuildOperationRunner.java:53)
	at org.gradle.api.internal.tasks.execution.EventFiringTaskExecuter.execute(EventFiringTaskExecuter.java:52)
	at org.gradle.execution.plan.LocalTaskNodeExecutor.execute(LocalTaskNodeExecutor.java:42)
	at org.gradle.execution.taskgraph.DefaultTaskExecutionGraph$InvokeNodeExecutorsAction.execute(DefaultTaskExecutionGraph.java:331)
	at org.gradle.execution.taskgraph.DefaultTaskExecutionGraph$InvokeNodeExecutorsAction.execute(DefaultTaskExecutionGraph.java:318)
	at org.gradle.execution.taskgraph.DefaultTaskExecutionGraph$BuildOperationAwareExecutionAction.lambda$execute$0(DefaultTaskExecutionGraph.java:314)
	at org.gradle.internal.operations.CurrentBuildOperationRef.with(CurrentBuildOperationRef.java:85)
	at org.gradle.execution.taskgraph.DefaultTaskExecutionGraph$BuildOperationAwareExecutionAction.execute(DefaultTaskExecutionGraph.java:314)
	at org.gradle.execution.taskgraph.DefaultTaskExecutionGraph$BuildOperationAwareExecutionAction.execute(DefaultTaskExecutionGraph.java:303)
	at org.gradle.execution.plan.DefaultPlanExecutor$ExecutorWorker.execute(DefaultPlanExecutor.java:459)
	at org.gradle.execution.plan.DefaultPlanExecutor$ExecutorWorker.run(DefaultPlanExecutor.java:376)
	at org.gradle.internal.concurrent.ExecutorPolicy$CatchAndRecordFailures.onExecute(ExecutorPolicy.java:64)
	at org.gradle.internal.concurrent.AbstractManagedExecutor$1.run(AbstractManagedExecutor.java:48)


BUILD FAILED in 47s
11 actionable tasks: 11 executed
